study,version,passage_num,passage_file,passage_text,questions,question_1,question_2,question_3,question_4,correct_answer_1,correct_answer_2
study3,A,01,1.txt,"The Worn VehicleDan had been driving almost all night in order to get home for Thanksgiving.  While driving, he found he couldn't stay awake so he stopped at a small all-night convenience store for some coffee.  Before going inside, Dan walked around in the fresh air.  While he was stretchingknew what the man was driving. jumped out.  As Dan followed the man into the store, he noticed that the van was old and dented.  The clerk was very friendly and asked Dan where he was headed.  Dan told him he was in college and that he was going home for Thanksgiving.  While Dan was talking and drinking his coffee, the clerk was eyeing the other man.  Dan watched the man roamaround the store and noticed that he didn't pick up anything.  The clerk asked Dan if he would stay until the man left the store.  The clerk told Dan that the man was making him very nervous.  Dan was anxious to get home but he agreed to stay with the clerk.  Dan didn't want to leave him alone.  He thought his presence would help avoid any trouble.  Finally, the man knew what the man had bought.thought it was a little strange to buy only gum but he was relieved that the man finally left.  He finished his coffee and got another cup.  He hoped he could stay awake until he got home.  Just as hewas  leaving, the police came in.  Theysaid they wanted to ask about the manwho had just left.  They asked Dan if he3his legs, a van pulled up and a man ","['What was the man driving?', 'What did the man buy?', 'Why was Dan going home?', 'Why did Dan stop at the store?']",A van.,GumDan was relieved that the man was gone and happy he wouldn't have to deal with the police.,He was going home to find out why his roommate had been acting strange.,Dan wanted to be sure the man was a real person.,van,gum
study3,B,01,1.txt,"The Worn VehicleDan had been driving almost all night in order to get home for Thanksgiving.  While driving, he found he couldn't stay awake so he stopped at a small all-night convenience store for some coffee.  Before going inside, Dan walked around in the fresh air.  While he was stretchingknew what the man was driving. jumped out.  As Dan followed the man into the store, he noticed that the van was old and dented.  The clerk was very friendly and asked Dan where he was headed.  Dan told him he was in college and that he was going home for Thanksgiving.  While Dan was talking and drinking his coffee, the clerk was eyeing the other man.  Dan watched the man roamaround the store and noticed that he didn't pick up anything.  The clerk asked Dan if he would stay until the man left the store.  The clerk told Dan that the man was making him very nervous.  Dan was anxious to get home but he agreed to stay with the clerk.  Dan didn't want to leave him alone.  He thought his presence would help avoid any trouble.  Finally, the man knew what the man had bought.thought it was a little strange to buy only gum but he was relieved that the man finally left.  He finished his coffee and got another cup.  He hoped he could stay awake until he got home.  Just as hewas  leaving, the police came in.  Theysaid they wanted to ask about the manwho had just left.  They asked Dan if he3paid for some gum and walked out.  Dan ","['What was the man driving?', 'What did the man buy?', 'Why was Dan going home?', 'Why did Dan stop at the store?']",A silver van.,He bought a bag of gum and a box of cigarettes.,He thought he could help prevent any trouble.,Because he was hungry.,van,gum
study3,C,01,1.txt,"The Odd PurchaseDan had been driving almost all night in order to get home for Thanksgiving.  While driving, he found he couldn't stay awake so he stopped at a small all-night convenience store for some coffee.  Before going inside, Dan walked around in the fresh air.  While he was stretchingknew what the man was driving. jumped out.  As Dan followed the man into the store, he noticed that the van was old and dented.  The clerk was very friendly and asked Dan where he was headed.  Dan told him he was in college and that he was going home for Thanksgiving.  While Dan was talking and drinking his coffee, the clerk was eyeing the other man.  Dan watched the man roamaround the store and noticed that he didn't pick up anything.  The clerk asked Dan if he would stay until the man left the store.  The clerk told Dan that the man was making him very nervous.  Dan was anxious to get home but he agreed to stay with the clerk.  Dan didn't want to leave him alone.  He thought his presence would help avoid any trouble.  Finally, the man knew what the man had bought.thought it was a little strange to buy only gum but he was relieved that the man finally left.  He finished his coffee and got another cup.  He hoped he could stay awake until he got home.  Just as hewas  leaving, the police came in.  Theysaid they wanted to ask about the manwho had just left.  They asked Dan if he3his legs, a van pulled up and a man ","['What was the man driving?', 'What did the man buy?', 'Why was Dan going home?', 'Why did Dan stop at the store?']",A van Dan answered that he was driving a van.,Dan arrived at his home just in time for dinner.,He had just bought a bunch of gum and he wanted to get home.,He thought the man would be helpful.,van,gum
study3,D,01,1.txt,"The Odd PurchaseDan had been driving almost all night in order to get home for Thanksgiving.  While driving, he found he couldn't stay awake so he stopped at a small all-night convenience store for some coffee.  Before going inside, Dan walked around in the fresh air.  While he was stretchingknew what the man was driving. jumped out.  As Dan followed the man into the store, he noticed that the van was old and dented.  The clerk was very friendly and asked Dan where he was headed.  Dan told him he was in college and that he was going home for Thanksgiving.  While Dan was talking and drinking his coffee, the clerk was eyeing the other man.  Dan watched the man roamaround the store and noticed that he didn't pick up anything.  The clerk asked Dan if he would stay until the man left the store.  The clerk told Dan that the man was making him very nervous.  Dan was anxious to get home but he agreed to stay with the clerk.  Dan didn't want to leave him alone.  He thought his presence would help avoid any trouble.  Finally, the man knew what the man had bought.thought it was a little strange to buy only gum but he was relieved that the man finally left.  He finished his coffee and got another cup.  He hoped he could stay awake until he got home.  Just as hewas  leaving, the police came in.  Theysaid they wanted to ask about the manwho had just left.  They asked Dan if he3paid for some gum and walked out.  Dan ","['What was the man driving?', 'What did the man buy?', 'Why was Dan going home?', 'Why did Dan stop at the store?']",A van.,gum,He had just had a fight with a girl he liked.,To buy some coffee.,van,gum
study3,A,02,2.txt,"The Minor InjuryKaren had been working in the emergency room since she had become a nurse several years ago.  She loved working in the emergency room because she found the work interesting and she felt useful.  She especially liked working on Sundays because she could relax.  Unfortunately, Karen had plenty of work this Sunday.  She was just about to take a break when she watched the police bring in a young boy.  She knew he was hurt so she rushed to help him; she was relieved to find thatthe boy had broken anything.carefully set the finger and gave him a sedative.  Then she called his parents and told them not to worry.  Karen was happy to see that the boy had fallen asleep.  She went out to the lobby and waited for the parents, knowing she would have a long wait.  The parents had told her that the drive was an hour long.  Karen sat back in a chair and hoped no more people would come in while she waited.  She was tired of treating people hurt in otherwise preventable accidents.  Karen went back to check on the boy and was glad to see that he was still sleeping.  Then she went to the kitchen to get a cup of coffee.  When she returned, the boy was awake, and asked the boy had asked for anything.Karen brought him a game and told him topress the buzzer if he needed anything.  Then she went out and started to cleanup the emergency room.  She wanted tostraighten things up before she went off duty.Just before she left, the boy's parentsarrived and Karen told them that everythingwas fine.  They wanted to know whether3only a finger was broken.  Karen ","['What had the boy broken?', 'What had the boy asked for?', 'What day did Karen like working?', 'How long did the parents have to drive?']",1finger,A game and a cup of coffee,Friday,Two hours.,finger,game
study3,B,02,2.txt,"The Minor InjuryKaren had been working in the emergency room since she had become a nurse several years ago.  She loved working in the emergency room because she found the work interesting and she felt useful.  She especially liked working on Sundays because she could relax.  Unfortunately, Karen had plenty of work this Sunday.  She was just about to take a break when she watched the police bring in a young boy.  She knew he was hurt so she rushed to help him; she was relieved to find thatthe boy had broken anything.carefully set the finger and gave him a sedative.  Then she called his parents and told them not to worry.  Karen was happy to see that the boy had fallen asleep.  She went out to the lobby and waited for the parents, knowing she would have a long wait.  The parents had told her that the drive was an hour long.  Karen sat back in a chair and hoped no more people would come in while she waited.  She was tired of treating people hurt in otherwise preventable accidents.  Karen went back to check on the boy and was glad to see that he was still sleeping.  Then she went to the kitchen to get a cup of coffee.  When she returned, the boy was awake, and asked the boy had asked for anything.Karen brought him a game and told him topress the buzzer if he needed anything.  Then she went out and started to cleanup the emergency room.  She wanted tostraighten things up before she went off duty.Just before she left, the boy's parentsarrived and Karen told them that everythingwas fine.  They wanted to know whether3her for a game to play while he waited.  ","['What had the boy broken?', 'What had the boy asked for?', 'What day did Karen like working?', 'How long did the parents have to drive?']",The finger.,A game to play while he waited.,Monday (9/20/10),About 15 minutes.,finger,game
study3,C,02,2.txt,"The Patient's RequestKaren had been working in the emergency room since she had become a nurse several years ago.  She loved working in the emergency room because she found the work interesting and she felt useful.  She especially liked working on Sundays because she could relax.  Unfortunately, Karen had plenty of work this Sunday.  She was just about to take a break when she watched the police bring in a young boy.  She knew he was hurt so she rushed to help him; she was relieved to find thatthe boy had broken anything.carefully set the finger and gave him a sedative.  Then she called his parents and told them not to worry.  Karen was happy to see that the boy had fallen asleep.  She went out to the lobby and waited for the parents, knowing she would have a long wait.  The parents had told her that the drive was an hour long.  Karen sat back in a chair and hoped no more people would come in while she waited.  She was tired of treating people hurt in otherwise preventable accidents.  Karen went back to check on the boy and was glad to see that he was still sleeping.  Then she went to the kitchen to get a cup of coffee.  When she returned, the boy was awake, and asked the boy had asked for anything.Karen brought him a game and told him topress the buzzer if he needed anything.  Then she went out and started to cleanup the emergency room.  She wanted tostraighten things up before she went off duty.Just before she left, the boy's parentsarrived and Karen told them that everythingwas fine.  They wanted to know whether3only a finger was broken.  Karen ","['What had the boy broken?', 'What had the boy asked for?', 'What day did Karen like working?', 'How long did the parents have to drive?']",It appeared to be a finger.,He asked for a game.,Saturday,The parents had to drive for approximately an hour and a half.,finger,game
study3,D,02,2.txt,"The Patient's RequestKaren had been working in the emergency room since she had become a nurse several years ago.  She loved working in the emergency room because she found the work interesting and she felt useful.  She especially liked working on Sundays because she could relax.  Unfortunately, Karen had plenty of work this Sunday.  She was just about to take a break when she watched the police bring in a young boy.  She knew he was hurt so she rushed to help him; she was relieved to find thatthe boy had broken anything.carefully set the finger and gave him a sedative.  Then she called his parents and told them not to worry.  Karen was happy to see that the boy had fallen asleep.  She went out to the lobby and waited for the parents, knowing she would have a long wait.  The parents had told her that the drive was an hour long.  Karen sat back in a chair and hoped no more people would come in while she waited.  She was tired of treating people hurt in otherwise preventable accidents.  Karen went back to check on the boy and was glad to see that he was still sleeping.  Then she went to the kitchen to get a cup of coffee.  When she returned, the boy was awake, and asked the boy had asked for anything.Karen brought him a game and told him topress the buzzer if he needed anything.  Then she went out and started to cleanup the emergency room.  She wanted tostraighten things up before she went off duty.Just before she left, the boy's parentsarrived and Karen told them that everythingwas fine.  They wanted to know whether3her for a game to play while he waited.  ","['What had the boy broken?', 'What had the boy asked for?', 'What day did Karen like working?', 'How long did the parents have to drive?']",His finger.,A game to play while he waited.,Sunday,About an hour and a half.,finger,game
study3,A,03,3.txt,"The Unusual TipNora had been living in New York for two years while she waited for her big break as an actress.  During the day she attended acting classes and auditions, and at night she was a waitress in a small restaurant just off Broadway.  One night several cast members from the show in the theater down the street came in for dinner.  Nora recognized one of the women as the lead actress.  She worked up enough courage and went over to her.  Nora told her that she too was an actress and that she was a great admirer of hers.  The woman thanked Nora and promptly gave what the famous actress had given her.the ticket into her pocket and went off to fill their orders.  Nora noticed that the restaurant filled up with customers quickly and before long, she had a line of people waiting for tables.  Nora was already tired from being in class all day but she still enjoyed her job.  Not only did it provide her with a little money, but it also gave her a chance to meet some famous people.  Nora realized that getting acting jobs was difficult without making connections, so she needed to meet all the famous people that she could.  Eventually, Nora saw that the restaurant was beginning to quiet down and she started cleaning some of the tables.She started stacking plates on a cartto carry to the kitchen.  While shewhat she had found under the plates.stuck under some plates.  She placedthe wallet in the lost-and-found boxand returned to her work. After therestaurant closed, Nora sat and had a cupof coffee.  She was tired and glad shecould finally sit.  Nora had been workingfor eight hours and she needed a break.Another waitress joined Nora and asked her3her a ticket to her show.  Nora slipped ","['What did the famous actress give Nora?', 'What did Nora find under the plates?', 'How long had Nora been working that night?', 'Where did Nora live?']",The ticket to her very first show.,The ticket to her show! ,She had just started working and she didn't have her card yet.,New York.,ticket,wallet
study3,B,03,3.txt,"The Unusual TipNora had been living in New York for two years while she waited for her big break as an actress.  During the day she attended acting classes and auditions, and at night she was a waitress in a small restaurant just off Broadway.  One night several cast members from the show in the theater down the street came in for dinner.  Nora recognized one of the women as the lead actress.  She worked up enough courage and went over to her.  Nora told her that she too was an actress and that she was a great admirer of hers.  The woman thanked Nora and promptly gave what the famous actress had given her.the ticket into her pocket and went off to fill their orders.  Nora noticed that the restaurant filled up with customers quickly and before long, she had a line of people waiting for tables.  Nora was already tired from being in class all day but she still enjoyed her job.  Not only did it provide her with a little money, but it also gave her a chance to meet some famous people.  Nora realized that getting acting jobs was difficult without making connections, so she needed to meet all the famous people that she could.  Eventually, Nora saw that the restaurant was beginning to quiet down and she started cleaning some of the tables.She started stacking plates on a cartto carry to the kitchen.  While shewhat she had found under the plates.stuck under some plates.  She placedthe wallet in the lost-and-found boxand returned to her work. After therestaurant closed, Nora sat and had a cupof coffee.  She was tired and glad shecould finally sit.  Nora had been workingfor eight hours and she needed a break.Another waitress joined Nora and asked her3was cleaning tables, Nora found a wallet ","['What did the famous actress give Nora?', 'What did Nora find under the plates?', 'How long had Nora been working that night?', 'Where did Nora live?']",A ticket to the show.,a wallet,"After she finished cleaning tables, she went back to work.","New York City, NJ",ticket,wallet
study3,C,03,3.txt,"The Forgotten ItemNora had been living in New York for two years while she waited for her big break as an actress.  During the day she attended acting classes and auditions, and at night she was a waitress in a small restaurant just off Broadway.  One night several cast members from the show in the theater down the street came in for dinner.  Nora recognized one of the women as the lead actress.  She worked up enough courage and went over to her.  Nora told her that she too was an actress and that she was a great admirer of hers.  The woman thanked Nora and promptly gave what the famous actress had given her.the ticket into her pocket and went off to fill their orders.  Nora noticed that the restaurant filled up with customers quickly and before long, she had a line of people waiting for tables.  Nora was already tired from being in class all day but she still enjoyed her job.  Not only did it provide her with a little money, but it also gave her a chance to meet some famous people.  Nora realized that getting acting jobs was difficult without making connections, so she needed to meet all the famous people that she could.  Eventually, Nora saw that the restaurant was beginning to quiet down and she started cleaning some of the tables.She started stacking plates on a cartto carry to the kitchen.  While shewhat she had found under the plates.stuck under some plates.  She placedthe wallet in the lost-and-found boxand returned to her work. After therestaurant closed, Nora sat and had a cupof coffee.  She was tired and glad shecould finally sit.  Nora had been workingfor eight hours and she needed a break.Another waitress joined Nora and asked her3her a ticket to her show.  Nora slipped ","['What did the famous actress give Nora?', 'What did Nora find under the plates?', 'How long had Nora been working that night?', 'Where did Nora live?']",A ticket to the show.,The ticket.,The waitress said she had been working for three hours.,"New York City, New York, United States",ticket,wallet
study3,D,03,3.txt,"The Forgotten ItemNora had been living in New York for two years while she waited for her big break as an actress.  During the day she attended acting classes and auditions, and at night she was a waitress in a small restaurant just off Broadway.  One night several cast members from the show in the theater down the street came in for dinner.  Nora recognized one of the women as the lead actress.  She worked up enough courage and went over to her.  Nora told her that she too was an actress and that she was a great admirer of hers.  The woman thanked Nora and promptly gave what the famous actress had given her.the ticket into her pocket and went off to fill their orders.  Nora noticed that the restaurant filled up with customers quickly and before long, she had a line of people waiting for tables.  Nora was already tired from being in class all day but she still enjoyed her job.  Not only did it provide her with a little money, but it also gave her a chance to meet some famous people.  Nora realized that getting acting jobs was difficult without making connections, so she needed to meet all the famous people that she could.  Eventually, Nora saw that the restaurant was beginning to quiet down and she started cleaning some of the tables.She started stacking plates on a cartto carry to the kitchen.  While shewhat she had found under the plates.stuck under some plates.  She placedthe wallet in the lost-and-found boxand returned to her work. After therestaurant closed, Nora sat and had a cupof coffee.  She was tired and glad shecould finally sit.  Nora had been workingfor eight hours and she needed a break.Another waitress joined Nora and asked her3was cleaning tables, Nora found a wallet ","['What did the famous actress give Nora?', 'What did Nora find under the plates?', 'How long had Nora been working that night?', 'Where did Nora live?']",A ticket into the theater.,The wallet!,About 15 minutes,New York.,ticket,wallet
study3,A,04,4.txt,"Shattered GoodsMartha had been working as a sales clerk in a small gift shop for only a few weeks when the manager asked her to take over as the head sales clerk during the day shift.  One morning when she came in, she anything had been broken.had been broken.  Martha figured thatthe night girl had broken and failed to replace the vase because the shop had been very busy lately.  The shop had also been very busy during the day, and it was hard for Martha to take care of all the customers at once.  Martha found that she had to help one customer and then immediately turn to another.  Martha told the manager that she really needed some help during the day because she was probably losing customers since she couldn't help everyone.  The manager agreed with Martha and told her he would try and get some help for her.  Martha wanted to get somebody for the next day.  However, she also knew she should take an inventory before the manager hired somebody.  The shop had many expensive things and Martha wanted to make sure nothing was missing.  While checking theanything had been stolen.was missing.  Martha figured that acustomer must have stolen the watch whilethe shop was busy.  She continued herinventory and was pleased that nothingelse was missing.  By five o'clock,Martha was really tired and glad she wasgoing home.  She put on her coat andheaded for the door.  Just then, themanager called to tell her that he hadjust hired someone.  He also asked her if3found that one of the expensive vases","['What had been broken in the shop?', 'What had been stolen from the shop?', 'Why did Martha want to hire somebody?', 'What time did Martha decide to go home?']",The vase that was broken.,A vase with a small rose on it.,I wanted to take a look at the vase.,Martha decided to leave the store at 3:30 pm.,vase,watch
study3,B,04,4.txt,"Shattered GoodsMartha had been working as a sales clerk in a small gift shop for only a few weeks when the manager asked her to take over as the head sales clerk during the day shift.  One morning when she came in, she anything had been broken.had been broken.  Martha figured thatthe night girl had broken and failed to replace the vase because the shop had been very busy lately.  The shop had also been very busy during the day, and it was hard for Martha to take care of all the customers at once.  Martha found that she had to help one customer and then immediately turn to another.  Martha told the manager that she really needed some help during the day because she was probably losing customers since she couldn't help everyone.  The manager agreed with Martha and told her he would try and get some help for her.  Martha wanted to get somebody for the next day.  However, she also knew she should take an inventory before the manager hired somebody.  The shop had many expensive things and Martha wanted to make sure nothing was missing.  While checking theanything had been stolen.was missing.  Martha figured that acustomer must have stolen the watch whilethe shop was busy.  She continued herinventory and was pleased that nothingelse was missing.  By five o'clock,Martha was really tired and glad she wasgoing home.  She put on her coat andheaded for the door.  Just then, themanager called to tell her that he hadjust hired someone.  He also asked her if3display case, she found that a watch","['What had been broken in the shop?', 'What had been stolen from the shop?', 'Why did Martha want to hire somebody?', 'What time did Martha decide to go home?']","The vase, which was the only broken item in the shop.",The first thing that Martha noticed was broken glass.,Because she knew that the employee she was going to hire would help her out a lot.,"At 2:45 PM! ""I didn't have any time to think about going home.",vase,watch
study3,C,04,4.txt,"Pilfered GoodsMartha had been working as a sales clerk in a small gift shop for only a few weeks when the manager asked her to take over as the head sales clerk during the day shift.  One morning when she came in, she anything had been broken.had been broken.  Martha figured thatthe night girl had broken and failed to replace the vase because the shop had been very busy lately.  The shop had also been very busy during the day, and it was hard for Martha to take care of all the customers at once.  Martha found that she had to help one customer and then immediately turn to another.  Martha told the manager that she really needed some help during the day because she was probably losing customers since she couldn't help everyone.  The manager agreed with Martha and told her he would try and get some help for her.  Martha wanted to get somebody for the next day.  However, she also knew she should take an inventory before the manager hired somebody.  The shop had many expensive things and Martha wanted to make sure nothing was missing.  While checking theanything had been stolen.was missing.  Martha figured that acustomer must have stolen the watch whilethe shop was busy.  She continued herinventory and was pleased that nothingelse was missing.  By five o'clock,Martha was really tired and glad she wasgoing home.  She put on her coat andheaded for the door.  Just then, themanager called to tell her that he hadjust hired someone.  He also asked her if3found that one of the expensive vases","['What had been broken in the shop?', 'What had been stolen from the shop?', 'Why did Martha want to hire somebody?', 'What time did Martha decide to go home?']","The vase, as well as several other expensive things that they had been selling.",Nothing,Martha wanted to get somebody for the next day.,When the shop was busy,vase,watch
study3,D,04,4.txt,"Pilfered GoodsMartha had been working as a sales clerk in a small gift shop for only a few weeks when the manager asked her to take over as the head sales clerk during the day shift.  One morning when she came in, she anything had been broken.had been broken.  Martha figured thatthe night girl had broken and failed to replace the vase because the shop had been very busy lately.  The shop had also been very busy during the day, and it was hard for Martha to take care of all the customers at once.  Martha found that she had to help one customer and then immediately turn to another.  Martha told the manager that she really needed some help during the day because she was probably losing customers since she couldn't help everyone.  The manager agreed with Martha and told her he would try and get some help for her.  Martha wanted to get somebody for the next day.  However, she also knew she should take an inventory before the manager hired somebody.  The shop had many expensive things and Martha wanted to make sure nothing was missing.  While checking theanything had been stolen.was missing.  Martha figured that acustomer must have stolen the watch whilethe shop was busy.  She continued herinventory and was pleased that nothingelse was missing.  By five o'clock,Martha was really tired and glad she wasgoing home.  She put on her coat andheaded for the door.  Just then, themanager called to tell her that he hadjust hired someone.  He also asked her if3display case, she found that a watch","['What had been broken in the shop?', 'What had been stolen from the shop?', 'Why did Martha want to hire somebody?', 'What time did Martha decide to go home?']",The vase.,A watch,Because the store had been really busy lately.,Martha was tired and felt she had to go home.,vase,watch
study3,A,05,5.txt,"Light LuggageMax had been driving a cab for a long time.  Often he would drive a customer to the airport, about thirty miles away, to catch a plane.  Usually he dreaded these trips because he had to drive all the way back alone and he got pretty bored.  This time he was called to pick up a man at a nearby hotel and drive him to the airport.  When he saw him, he was encouraged because the man was wearing an expensive suit and Max thought he would get a good tip.  The man carried only had been carrying anything.happy because he didn't have to load the briefcase or anything else in the trunk.  Max tried to start a conversation with him but the man didn't answer any of his questions so Max gave up and concentrated on his driving.  He knew this trip by heart since he had made it so many times.  Max turned on the radio to pass the time but the man became angry and told Max to shut it off.  Max thought that if the man was angry, he wouldn't get a tip so he shut the radio off quickly.  Max noticed the traffic was especially heavy and he couldn't wait to get out of the city.  He decided to take a short cut and beat the traffic.  Finally, he reached the airport.  He drove to the terminal and let the fellow off.  The man gave Max a huge tip but never said a word.  Max watched the man whisper something to the had spoken with anyone.Max saw the porter smile and nod his head. Then Max drove back to the stand.  Hewas getting tired and thought he wouldcash out and go home.  While Max wascashing out, an F.B.I. agent came in.He wanted to talk to Max so Max finishedcashing out and sat down.  The agentwanted to know about the man Max had takento the airport.  He asked Max if the man 3a briefcase in his hand, and Max was ","[""What was Max's passenger carrying?"", ""Who did Max's passenger speak to?"", 'Where was Max taking the man?', 'Did the man give Max a tip?']",A suitcase and a briefcase.,Was this the man who gave Max the good tip?  ,To the airport.,"Yes, the man gave Max a $100 tip.",briefcase,porter
study3,B,05,5.txt,"Light LuggageMax had been driving a cab for a long time.  Often he would drive a customer to the airport, about thirty miles away, to catch a plane.  Usually he dreaded these trips because he had to drive all the way back alone and he got pretty bored.  This time he was called to pick up a man at a nearby hotel and drive him to the airport.  When he saw him, he was encouraged because the man was wearing an expensive suit and Max thought he would get a good tip.  The man carried only had been carrying anything.happy because he didn't have to load the briefcase or anything else in the trunk.  Max tried to start a conversation with him but the man didn't answer any of his questions so Max gave up and concentrated on his driving.  He knew this trip by heart since he had made it so many times.  Max turned on the radio to pass the time but the man became angry and told Max to shut it off.  Max thought that if the man was angry, he wouldn't get a tip so he shut the radio off quickly.  Max noticed the traffic was especially heavy and he couldn't wait to get out of the city.  He decided to take a short cut and beat the traffic.  Finally, he reached the airport.  He drove to the terminal and let the fellow off.  The man gave Max a huge tip but never said a word.  Max watched the man whisper something to the had spoken with anyone.Max saw the porter smile and nod his head. Then Max drove back to the stand.  Hewas getting tired and thought he wouldcash out and go home.  While Max wascashing out, an F.B.I. agent came in.He wanted to talk to Max so Max finishedcashing out and sat down.  The agentwanted to know about the man Max had takento the airport.  He asked Max if the man 3porter as he entered the airport.","[""What was Max's passenger carrying?"", ""Who did Max's passenger speak to?"", 'Where was Max taking the man?', 'Did the man give Max a tip?']",A briefcase filled with cash.,The porter.,"I don't know, I have no idea.","No, he didn't even speak to him.",briefcase,porter
study3,C,05,5.txt,"The Mysterious ConfidantMax had been driving a cab for a long time.  Often he would drive a customer to the airport, about thirty miles away, to catch a plane.  Usually he dreaded these trips because he had to drive all the way back alone and he got pretty bored.  This time he was called to pick up a man at a nearby hotel and drive him to the airport.  When he saw him, he was encouraged because the man was wearing an expensive suit and Max thought he would get a good tip.  The man carried only had been carrying anything.happy because he didn't have to load the briefcase or anything else in the trunk.  Max tried to start a conversation with him but the man didn't answer any of his questions so Max gave up and concentrated on his driving.  He knew this trip by heart since he had made it so many times.  Max turned on the radio to pass the time but the man became angry and told Max to shut it off.  Max thought that if the man was angry, he wouldn't get a tip so he shut the radio off quickly.  Max noticed the traffic was especially heavy and he couldn't wait to get out of the city.  He decided to take a short cut and beat the traffic.  Finally, he reached the airport.  He drove to the terminal and let the fellow off.  The man gave Max a huge tip but never said a word.  Max watched the man whisper something to the had spoken with anyone.Max saw the porter smile and nod his head. Then Max drove back to the stand.  Hewas getting tired and thought he wouldcash out and go home.  While Max wascashing out, an F.B.I. agent came in.He wanted to talk to Max so Max finishedcashing out and sat down.  The agentwanted to know about the man Max had takento the airport.  He asked Max if the man 3a briefcase in his hand, and Max was ","[""What was Max's passenger carrying?"", ""Who did Max's passenger speak to?"", 'Where was Max taking the man?', 'Did the man give Max a tip?']",A briefcase,The agent wanted to know how the man knew the hotel was so close.,The airport.,No.,briefcase,porter
study3,D,05,5.txt,"The Mysterious ConfidantMax had been driving a cab for a long time.  Often he would drive a customer to the airport, about thirty miles away, to catch a plane.  Usually he dreaded these trips because he had to drive all the way back alone and he got pretty bored.  This time he was called to pick up a man at a nearby hotel and drive him to the airport.  When he saw him, he was encouraged because the man was wearing an expensive suit and Max thought he would get a good tip.  The man carried only had been carrying anything.happy because he didn't have to load the briefcase or anything else in the trunk.  Max tried to start a conversation with him but the man didn't answer any of his questions so Max gave up and concentrated on his driving.  He knew this trip by heart since he had made it so many times.  Max turned on the radio to pass the time but the man became angry and told Max to shut it off.  Max thought that if the man was angry, he wouldn't get a tip so he shut the radio off quickly.  Max noticed the traffic was especially heavy and he couldn't wait to get out of the city.  He decided to take a short cut and beat the traffic.  Finally, he reached the airport.  He drove to the terminal and let the fellow off.  The man gave Max a huge tip but never said a word.  Max watched the man whisper something to the had spoken with anyone.Max saw the porter smile and nod his head. Then Max drove back to the stand.  Hewas getting tired and thought he wouldcash out and go home.  While Max wascashing out, an F.B.I. agent came in.He wanted to talk to Max so Max finishedcashing out and sat down.  The agentwanted to know about the man Max had takento the airport.  He asked Max if the man 3porter as he entered the airport.","[""What was Max's passenger carrying?"", ""Who did Max's passenger speak to?"", 'Where was Max taking the man?', 'Did the man give Max a tip?']",A briefcase The agent asked what the man was carrying in his briefcase and Max told him.,The porter.,The airport.,Yes.,briefcase,porter
study3,A,06,6.txt,"The Overlooked ApplianceNancy had lived in a dormitory for three years and wanted to live in an apartment for her last year at college.  Early in the summer, she found an apartment and agreed to move in before school started.  In the fall, Nancy borrowed her father's car, packed her belongings and headed for the apartment.  During the ride, she realized that she had forgotten her what she had forgotten at home.to go back and get the microwave.  Nancy was excited about her new apartment and couldn't wait to move in.  She also liked the area and thought she might live there permanently. As she continued to drive, Nancy noticed that the streets were beginning to become familiar.  Nancy decided to stop in town and get some things for the apartment before unpacking.  She knew she would need some cleaners because the apartment had looked dirty.  She had just reached the center of town when a car in front of her came to a sudden stop.  Nancy slammed on her brakes and as she did, everything in the car went flying.  Nancy pulled over and looked in the back of the car.  She was what had spilled in the car.spilled. She hoped that she would be ableto clean up all of the perfume.  By thetime she got to the apartment, herroommate was already there and unpacked.Nancy was glad to see that her roommatehad already cleaned the apartment.  As shehelped Nancy unload the car, she asked her3microwave.  However, she decided not ","['What did Nancy forget at home?', 'What had spilled in the car?', 'Where was Nancy driving to?', 'Whose car did Nancy have?']",She forgot the microwave.,Her microwave.,A friend's house.,Her own.,microwave,perfume
study3,B,06,6.txt,"The Overlooked ApplianceNancy had lived in a dormitory for three years and wanted to live in an apartment for her last year at college.  Early in the summer, she found an apartment and agreed to move in before school started.  In the fall, Nancy borrowed her father's car, packed her belongings and headed for the apartment.  During the ride, she realized that she had forgotten her what she had forgotten at home.to go back and get the microwave.  Nancy was excited about her new apartment and couldn't wait to move in.  She also liked the area and thought she might live there permanently. As she continued to drive, Nancy noticed that the streets were beginning to become familiar.  Nancy decided to stop in town and get some things for the apartment before unpacking.  She knew she would need some cleaners because the apartment had looked dirty.  She had just reached the center of town when a car in front of her came to a sudden stop.  Nancy slammed on her brakes and as she did, everything in the car went flying.  Nancy pulled over and looked in the back of the car.  She was what had spilled in the car.spilled. She hoped that she would be ableto clean up all of the perfume.  By thetime she got to the apartment, herroommate was already there and unpacked.Nancy was glad to see that her roommatehad already cleaned the apartment.  As shehelped Nancy unload the car, she asked her3disappointed to see that her perfume had","['What did Nancy forget at home?', 'What had spilled in the car?', 'Where was Nancy driving to?', 'Whose car did Nancy have?']",Her car.,The perfume that she spilled in the car.,The Overlooked ApplianceNancy had lived in a dormitory for three years and wanted to live in an apartment for her last year at college.,Her husband's car,microwave,perfume
study3,C,06,6.txt,"The Accidental ScentNancy had lived in a dormitory for three years and wanted to live in an apartment for her last year at college.  Early in the summer, she found an apartment and agreed to move in before school started.  In the fall, Nancy borrowed her father's car, packed her belongings and headed for the apartment.  During the ride, she realized that she had forgotten her what she had forgotten at home.to go back and get the microwave.  Nancy was excited about her new apartment and couldn't wait to move in.  She also liked the area and thought she might live there permanently. As she continued to drive, Nancy noticed that the streets were beginning to become familiar.  Nancy decided to stop in town and get some things for the apartment before unpacking.  She knew she would need some cleaners because the apartment had looked dirty.  She had just reached the center of town when a car in front of her came to a sudden stop.  Nancy slammed on her brakes and as she did, everything in the car went flying.  Nancy pulled over and looked in the back of the car.  She was what had spilled in the car.spilled. She hoped that she would be ableto clean up all of the perfume.  By thetime she got to the apartment, herroommate was already there and unpacked.Nancy was glad to see that her roommatehad already cleaned the apartment.  As shehelped Nancy unload the car, she asked her3microwave.  However, she decided not ","['What did Nancy forget at home?', 'What had spilled in the car?', 'Where was Nancy driving to?', 'Whose car did Nancy have?']",I forgot to put my microwave in the dishwasher.,Some perfume (spilled),to her roommate's apartment.,Her roommate's car,microwave,perfume
study3,D,06,6.txt,"The Accidental ScentNancy had lived in a dormitory for three years and wanted to live in an apartment for her last year at college.  Early in the summer, she found an apartment and agreed to move in before school started.  In the fall, Nancy borrowed her father's car, packed her belongings and headed for the apartment.  During the ride, she realized that she had forgotten her what she had forgotten at home.to go back and get the microwave.  Nancy was excited about her new apartment and couldn't wait to move in.  She also liked the area and thought she might live there permanently. As she continued to drive, Nancy noticed that the streets were beginning to become familiar.  Nancy decided to stop in town and get some things for the apartment before unpacking.  She knew she would need some cleaners because the apartment had looked dirty.  She had just reached the center of town when a car in front of her came to a sudden stop.  Nancy slammed on her brakes and as she did, everything in the car went flying.  Nancy pulled over and looked in the back of the car.  She was what had spilled in the car.spilled. She hoped that she would be ableto clean up all of the perfume.  By thetime she got to the apartment, herroommate was already there and unpacked.Nancy was glad to see that her roommatehad already cleaned the apartment.  As shehelped Nancy unload the car, she asked her3disappointed to see that her perfume had","['What did Nancy forget at home?', 'What had spilled in the car?', 'Where was Nancy driving to?', 'Whose car did Nancy have?']",The microwave,Her perfume.,The answer is that she was driving to the apartment,Her mother's car.,microwave,perfume
study3,A,07,7.txt,"The Military Muscle ManAs a correspondent for United Press, Mike had often covered revolutions in small third world countries.  Mike was presently working in a very dangerous country.  The country's army had seized power and Mike was covering the story.  He had seen people being arrested off the streets and shot.  Mike was taking pictures of a damaged building when a pair of jeeps came to a screeching halt in front of him.  Several soldiers jumped out and grabbed him.  A small stocky officer walked up to him and informed him that he was under arrest.  Mike noticed the rank of the arresting officer.realized that the situation must be serious.  The army seldom sends a major on a routine arrest.  Mike was handcuffed and thrown into the back of a jeep.  Although Mike asked about the arrest, he wasn't given any answers.  It really didn't matter, he thought, because the American embassy would have him released.  When he arrived at the police station, however, he was thrown in a cell without being allowed to call the embassy.  Now he really began to worry.  If nobody was informed that he was arrested, it could be weeks before anybody found him.  He sat back on his bunk and realized that he was not alone.  He saw an old man who the profession of his cellmate.learned that they were arresting all the bankers for questioning.  Mike was both surprised and relieved when later that day an embassy official had him released.  Mike arrived at the embassy and was broughtimmediately to the ambassador who had somerather unusual questions.  He told Mikethat it was very important that he recall3that the officer was a major and ","['What was the rank of the arresting officer?', ""What was the profession of Mike's cellmate?"", 'Who had Mike released from jail?', ""What was Mike's job?""]",Major.,He was a major general.,The officer had been arrested for questioning.,He was a reporter.,major,banker
study3,B,07,7.txt,"The Military Muscle ManAs a correspondent for United Press, Mike had often covered revolutions in small third world countries.  Mike was presently working in a very dangerous country.  The country's army had seized power and Mike was covering the story.  He had seen people being arrested off the streets and shot.  Mike was taking pictures of a damaged building when a pair of jeeps came to a screeching halt in front of him.  Several soldiers jumped out and grabbed him.  A small stocky officer walked up to him and informed him that he was under arrest.  Mike noticed the rank of the arresting officer.realized that the situation must be serious.  The army seldom sends a major on a routine arrest.  Mike was handcuffed and thrown into the back of a jeep.  Although Mike asked about the arrest, he wasn't given any answers.  It really didn't matter, he thought, because the American embassy would have him released.  When he arrived at the police station, however, he was thrown in a cell without being allowed to call the embassy.  Now he really began to worry.  If nobody was informed that he was arrested, it could be weeks before anybody found him.  He sat back on his bunk and realized that he was not alone.  He saw an old man who the profession of his cellmate.learned that they were arresting all the bankers for questioning.  Mike was both surprised and relieved when later that day an embassy official had him released.  Mike arrived at the embassy and was broughtimmediately to the ambassador who had somerather unusual questions.  He told Mikethat it was very important that he recall3told Mike that he was a banker.  Mike ","['What was the rank of the arresting officer?', ""What was the profession of Mike's cellmate?"", 'Who had Mike released from jail?', ""What was Mike's job?""]",Major,He was an officer in the army.,The army!,The Military Muscle Man,major,banker
study3,C,07,7.txt,"The Unlikely PrisonerAs a correspondent for United Press, Mike had often covered revolutions in small third world countries.  Mike was presently working in a very dangerous country.  The country's army had seized power and Mike was covering the story.  He had seen people being arrested off the streets and shot.  Mike was taking pictures of a damaged building when a pair of jeeps came to a screeching halt in front of him.  Several soldiers jumped out and grabbed him.  A small stocky officer walked up to him and informed him that he was under arrest.  Mike noticed the rank of the arresting officer.realized that the situation must be serious.  The army seldom sends a major on a routine arrest.  Mike was handcuffed and thrown into the back of a jeep.  Although Mike asked about the arrest, he wasn't given any answers.  It really didn't matter, he thought, because the American embassy would have him released.  When he arrived at the police station, however, he was thrown in a cell without being allowed to call the embassy.  Now he really began to worry.  If nobody was informed that he was arrested, it could be weeks before anybody found him.  He sat back on his bunk and realized that he was not alone.  He saw an old man who the profession of his cellmate.learned that they were arresting all the bankers for questioning.  Mike was both surprised and relieved when later that day an embassy official had him released.  Mike arrived at the embassy and was broughtimmediately to the ambassador who had somerather unusual questions.  He told Mikethat it was very important that he recall3that the officer was a major and ","['What was the rank of the arresting officer?', ""What was the profession of Mike's cellmate?"", 'Who had Mike released from jail?', ""What was Mike's job?""]",Major.,The officer was a major,The ambassador,He was an Embassy Correspondent.,major,banker
study3,D,07,7.txt,"The Unlikely PrisonerAs a correspondent for United Press, Mike had often covered revolutions in small third world countries.  Mike was presently working in a very dangerous country.  The country's army had seized power and Mike was covering the story.  He had seen people being arrested off the streets and shot.  Mike was taking pictures of a damaged building when a pair of jeeps came to a screeching halt in front of him.  Several soldiers jumped out and grabbed him.  A small stocky officer walked up to him and informed him that he was under arrest.  Mike noticed the rank of the arresting officer.realized that the situation must be serious.  The army seldom sends a major on a routine arrest.  Mike was handcuffed and thrown into the back of a jeep.  Although Mike asked about the arrest, he wasn't given any answers.  It really didn't matter, he thought, because the American embassy would have him released.  When he arrived at the police station, however, he was thrown in a cell without being allowed to call the embassy.  Now he really began to worry.  If nobody was informed that he was arrested, it could be weeks before anybody found him.  He sat back on his bunk and realized that he was not alone.  He saw an old man who the profession of his cellmate.learned that they were arresting all the bankers for questioning.  Mike was both surprised and relieved when later that day an embassy official had him released.  Mike arrived at the embassy and was broughtimmediately to the ambassador who had somerather unusual questions.  He told Mikethat it was very important that he recall3told Mike that he was a banker.  Mike ","['What was the rank of the arresting officer?', ""What was the profession of Mike's cellmate?"", 'Who had Mike released from jail?', ""What was Mike's job?""]",He was an officer of the military.,He was a banker,The banker.,"He was an English teacher, in a small town called Cancri.",major,banker
study3,A,08,8.txt,"The Little Girl's GiftCathy decided to go Christmas shopping for her family.  She thought that she could find a present for her daughter quickly.  Her daughter was three and Cathy knew what to buy her.  She had seen bought for her daughter.doll, she started to panic. Cathy hadno idea what to get her husband.  Shewondered why she could never find a goodpresent for her husband.  When she got tothe mall it was crowded and she wanted to leave.  She hated shopping when the stores were so crowded.  Cathy went to a clothing store and a sporting goods store but she didn't see anything she wanted to buy for her husband.  As she walked by a pet store, she saw a cute puppy.  At once she decided that the puppy would be perfect for her husband and went in and bought it.  When she left the pet store, she decided to postpone the rest of her shopping until the next day.  While driving home, she passed by a small bought at the bakery.She knew her family would love the pie.  Cathy got back in her car and continued toward her apartment.  Suddenly Cathy realized she couldn't keep the puppy in the apartment because she wanted to surprise her husband.  Cathy went upstairs to her girlfriend's apartment and  asked her friend if she couldleave the puppy there until Christmas.Cathy's friend said yes and invited herinside for coffee.  While they weretalking, her friend asked what she had3an adorable doll.  After she bought the","['What did Cathy buy for her daughter?', 'What did Cathy buy at the bakery?', 'Why did Cathy stop shopping?', 'Where did Cathy leave the puppy?']",The Little Girl's Gift,A cake and a cupcake.,She had no idea what to get her husband.,The puppy was in the apartment.,doll,pie
study3,B,08,8.txt,"The Little Girl's GiftCathy decided to go Christmas shopping for her family.  She thought that she could find a present for her daughter quickly.  Her daughter was three and Cathy knew what to buy her.  She had seen bought for her daughter.doll, she started to panic. Cathy hadno idea what to get her husband.  Shewondered why she could never find a goodpresent for her husband.  When she got tothe mall it was crowded and she wanted to leave.  She hated shopping when the stores were so crowded.  Cathy went to a clothing store and a sporting goods store but she didn't see anything she wanted to buy for her husband.  As she walked by a pet store, she saw a cute puppy.  At once she decided that the puppy would be perfect for her husband and went in and bought it.  When she left the pet store, she decided to postpone the rest of her shopping until the next day.  While driving home, she passed by a small bought at the bakery.She knew her family would love the pie.  Cathy got back in her car and continued toward her apartment.  Suddenly Cathy realized she couldn't keep the puppy in the apartment because she wanted to surprise her husband.  Cathy went upstairs to her girlfriend's apartment and  asked her friend if she couldleave the puppy there until Christmas.Cathy's friend said yes and invited herinside for coffee.  While they weretalking, her friend asked what she had3bakery and she decided to buy a pie.  ","['What did Cathy buy for her daughter?', 'What did Cathy buy at the bakery?', 'Why did Cathy stop shopping?', 'Where did Cathy leave the puppy?']",The Little Girl's Gift,"Cathy's friend bought her a slice of chocolate cake, cupcake, muffin, and a chocolate chip pecan pie.",Cathy had to take care of her daughter.,The puppy was left at her girlfriend's apartment.,doll,pie
study3,C,08,8.txt,"The Surprise DessertCathy decided to go Christmas shopping for her family.  She thought that she could find a present for her daughter quickly.  Her daughter was three and Cathy knew what to buy her.  She had seen bought for her daughter.doll, she started to panic. Cathy hadno idea what to get her husband.  Shewondered why she could never find a goodpresent for her husband.  When she got tothe mall it was crowded and she wanted to leave.  She hated shopping when the stores were so crowded.  Cathy went to a clothing store and a sporting goods store but she didn't see anything she wanted to buy for her husband.  As she walked by a pet store, she saw a cute puppy.  At once she decided that the puppy would be perfect for her husband and went in and bought it.  When she left the pet store, she decided to postpone the rest of her shopping until the next day.  While driving home, she passed by a small bought at the bakery.She knew her family would love the pie.  Cathy got back in her car and continued toward her apartment.  Suddenly Cathy realized she couldn't keep the puppy in the apartment because she wanted to surprise her husband.  Cathy went upstairs to her girlfriend's apartment and  asked her friend if she couldleave the puppy there until Christmas.Cathy's friend said yes and invited herinside for coffee.  While they weretalking, her friend asked what she had3an adorable doll.  After she bought the","['What did Cathy buy for her daughter?', 'What did Cathy buy at the bakery?', 'Why did Cathy stop shopping?', 'Where did Cathy leave the puppy?']",A puppy.,The cake and the ice cream.,The reason Cathy stopped shopping was because her boyfriend suggested that they get something for her so she wouldn't have toshop.,In Cathy's apartment,doll,pie
study3,D,08,8.txt,"The Surprise DessertCathy decided to go Christmas shopping for her family.  She thought that she could find a present for her daughter quickly.  Her daughter was three and Cathy knew what to buy her.  She had seen bought for her daughter.doll, she started to panic. Cathy hadno idea what to get her husband.  Shewondered why she could never find a goodpresent for her husband.  When she got tothe mall it was crowded and she wanted to leave.  She hated shopping when the stores were so crowded.  Cathy went to a clothing store and a sporting goods store but she didn't see anything she wanted to buy for her husband.  As she walked by a pet store, she saw a cute puppy.  At once she decided that the puppy would be perfect for her husband and went in and bought it.  When she left the pet store, she decided to postpone the rest of her shopping until the next day.  While driving home, she passed by a small bought at the bakery.She knew her family would love the pie.  Cathy got back in her car and continued toward her apartment.  Suddenly Cathy realized she couldn't keep the puppy in the apartment because she wanted to surprise her husband.  Cathy went upstairs to her girlfriend's apartment and  asked her friend if she couldleave the puppy there until Christmas.Cathy's friend said yes and invited herinside for coffee.  While they weretalking, her friend asked what she had3bakery and she decided to buy a pie.  ","['What did Cathy buy for her daughter?', 'What did Cathy buy at the bakery?', 'Why did Cathy stop shopping?', 'Where did Cathy leave the puppy?']",A puppy,Question: What did Cathy buy at the bakery?Answer:  ,She had been at the store for about thirty minutes when she thought she had bought what she wanted.,The pet shop,doll,pie
study3,A,09,9.txt,"Transportation TroubleBob loved to ride his bike on weekends with his friends.  This weekend, they decided to ride in the country.  Unfortunately, while riding, Bob developed mechanical problems.  Bob couldn't find a bike shop so he repaired what he had stopped to fix.given Bob problems.  He stopped in front of a small church and made the necessary repairs.  Bob was eager to catch up with his friends.  He had been last in line and they probably hadn't noticed that he had stopped.  They were planning on making camp about twenty miles further up the road.  Bob thought that if he hurried, he could catch them by dark.  Bob was watching the foliage while he rode.  He enjoyed riding in the fall because he loved the smell of clean air and the colorful leaves.  He completely forgot that he needed to hurry to catch his friends before dark.  As a result, he was falling further behind.  After a while, he started to get hungry but his friends had all the food.  Bob what he had stopped to eat.trees.  He sat on a stone wall and ate anapple before going on.  After he hadtraveled several miles, he recognized afriend riding toward him.  He must havenoticed that Bob was gone and had comeback to find him.  Bob was glad to seehis friend and together they continued their ride.  Bob's friend asked him3the brakes himself.  The brakes had often","['What did Bob stop to fix?', 'What did Bob stop to eat?', 'What time of year was it?', 'Who came back to find Bob?']",Bob stopped to fix his broken bike in front of a small church.,Apples,September,Bob's friends,brakes,apple
study3,B,09,9.txt,"Transportation TroubleBob loved to ride his bike on weekends with his friends.  This weekend, they decided to ride in the country.  Unfortunately, while riding, Bob developed mechanical problems.  Bob couldn't find a bike shop so he repaired what he had stopped to fix.given Bob problems.  He stopped in front of a small church and made the necessary repairs.  Bob was eager to catch up with his friends.  He had been last in line and they probably hadn't noticed that he had stopped.  They were planning on making camp about twenty miles further up the road.  Bob thought that if he hurried, he could catch them by dark.  Bob was watching the foliage while he rode.  He enjoyed riding in the fall because he loved the smell of clean air and the colorful leaves.  He completely forgot that he needed to hurry to catch his friends before dark.  As a result, he was falling further behind.  After a while, he started to get hungry but his friends had all the food.  Bob what he had stopped to eat.trees.  He sat on a stone wall and ate anapple before going on.  After he hadtraveled several miles, he recognized afriend riding toward him.  He must havenoticed that Bob was gone and had comeback to find him.  Bob was glad to seehis friend and together they continued their ride.  Bob's friend asked him3stopped by a field and saw several apple ","['What did Bob stop to fix?', 'What did Bob stop to eat?', 'What time of year was it?', 'Who came back to find Bob?']",an apple!,an apple,It was about 9:00 pm on a Sunday.,Bob,brakes,apple
study3,C,09,9.txt,"The Free FruitBob loved to ride his bike on weekends with his friends.  This weekend, they decided to ride in the country.  Unfortunately, while riding, Bob developed mechanical problems.  Bob couldn't find a bike shop so he repaired what he had stopped to fix.given Bob problems.  He stopped in front of a small church and made the necessary repairs.  Bob was eager to catch up with his friends.  He had been last in line and they probably hadn't noticed that he had stopped.  They were planning on making camp about twenty miles further up the road.  Bob thought that if he hurried, he could catch them by dark.  Bob was watching the foliage while he rode.  He enjoyed riding in the fall because he loved the smell of clean air and the colorful leaves.  He completely forgot that he needed to hurry to catch his friends before dark.  As a result, he was falling further behind.  After a while, he started to get hungry but his friends had all the food.  Bob what he had stopped to eat.trees.  He sat on a stone wall and ate anapple before going on.  After he hadtraveled several miles, he recognized afriend riding toward him.  He must havenoticed that Bob was gone and had comeback to find him.  Bob was glad to seehis friend and together they continued their ride.  Bob's friend asked him3the brakes himself.  The brakes had often","['What did Bob stop to fix?', 'What did Bob stop to eat?', 'What time of year was it?', 'Who came back to find Bob?']",He was trying to fix something that was broken.,I can't remember what I ate.,July,My friend who made the repair.,brakes,apple
study3,D,09,9.txt,"The Free FruitBob loved to ride his bike on weekends with his friends.  This weekend, they decided to ride in the country.  Unfortunately, while riding, Bob developed mechanical problems.  Bob couldn't find a bike shop so he repaired what he had stopped to fix.given Bob problems.  He stopped in front of a small church and made the necessary repairs.  Bob was eager to catch up with his friends.  He had been last in line and they probably hadn't noticed that he had stopped.  They were planning on making camp about twenty miles further up the road.  Bob thought that if he hurried, he could catch them by dark.  Bob was watching the foliage while he rode.  He enjoyed riding in the fall because he loved the smell of clean air and the colorful leaves.  He completely forgot that he needed to hurry to catch his friends before dark.  As a result, he was falling further behind.  After a while, he started to get hungry but his friends had all the food.  Bob what he had stopped to eat.trees.  He sat on a stone wall and ate anapple before going on.  After he hadtraveled several miles, he recognized afriend riding toward him.  He must havenoticed that Bob was gone and had comeback to find him.  Bob was glad to seehis friend and together they continued their ride.  Bob's friend asked him3stopped by a field and saw several apple ","['What did Bob stop to fix?', 'What did Bob stop to eat?', 'What time of year was it?', 'Who came back to find Bob?']",The apple.,He stopped to eat the fruit he had fallen for.,It was October.,Bob's friend,brakes,apple
study3,A,10,10.txt,"The Friendly OfficerCharlie had been plowing the city for years and he had never seen a worse blizzard.  The storm had dropped two feet of snow.  Charlie  had been plowing the roads all night and he hadn't eaten dinner but he did have a few coffee breaks.  He was tired and worried that he would have an accident.  As Charlie entered a new street, he saw a if he had seen anyone.The policeman told him he was checking on a burglar alarm.  Charlie hadn't seen anything unusual but said he would look around as he continued his plowing.  He didn't have time to look too carefully though.  The snow was falling hard and he'd be lucky if he finished his streets before he went off duty.  He still had fifteen streets to go and he was only going to be driving the plow for threemore hours.  Charlie started to drive faster but he was afraid he would hit something so he slowed the plow down again.  The snow was coming down hard and Charlie knew he should be careful.  He had hit a parked car once before and had missed work because of the accident.  He couldn't afford to miss any more work.  He would simply do his best and hope he could finish his assigned streets before his shift ended in an hour.  Charlie was getting hungry and he didn't think he could last the whole three hours without if he had eaten anything.in his lunch bag.  The banana wasn't much, but it was better than nothing.  He managed to almost finish his streets by the time he completed his shift.  He had left three streets unplowed but the snow had stopped falling and Charlie knew somebody could plow them easily.  He drove the plow into the station and up to the gas pumps.  The new driver was already there waiting to take over.  They talked for a while about the terrible driving.  The new driver asked Charlie 3policeman in the middle of the road.  ","['Who did Charlie see on the road?', 'What did Charlie have to eat?', 'How long had Charlie been working?', 'Why was Charlie driving so slowly?']",The Friendly OfficerCharlie had been plowing the city for years and he had never seen a worse blizzard.,The Friendly Policeman,I don't really know.,Because I was worried I might hit something.,policeman,banana
study3,B,10,10.txt,"The Friendly OfficerCharlie had been plowing the city for years and he had never seen a worse blizzard.  The storm had dropped two feet of snow.  Charlie  had been plowing the roads all night and he hadn't eaten dinner but he did have a few coffee breaks.  He was tired and worried that he would have an accident.  As Charlie entered a new street, he saw a if he had seen anyone.The policeman told him he was checking on a burglar alarm.  Charlie hadn't seen anything unusual but said he would look around as he continued his plowing.  He didn't have time to look too carefully though.  The snow was falling hard and he'd be lucky if he finished his streets before he went off duty.  He still had fifteen streets to go and he was only going to be driving the plow for threemore hours.  Charlie started to drive faster but he was afraid he would hit something so he slowed the plow down again.  The snow was coming down hard and Charlie knew he should be careful.  He had hit a parked car once before and had missed work because of the accident.  He couldn't afford to miss any more work.  He would simply do his best and hope he could finish his assigned streets before his shift ended in an hour.  Charlie was getting hungry and he didn't think he could last the whole three hours without if he had eaten anything.in his lunch bag.  The banana wasn't much, but it was better than nothing.  He managed to almost finish his streets by the time he completed his shift.  He had left three streets unplowed but the snow had stopped falling and Charlie knew somebody could plow them easily.  He drove the plow into the station and up to the gas pumps.  The new driver was already there waiting to take over.  They talked for a while about the terrible driving.  The new driver asked Charlie 3eating something.  He found a banana ","['Who did Charlie see on the road?', 'What did Charlie have to eat?', 'How long had Charlie been working?', 'Why was Charlie driving so slowly?']",The Friendly OfficerCharlie had been plowing the city for years and he had never seen a worse blizzard.,"A banana, he had a banana, a banana, he had a banana, a banana, he had a banana, a banana, a banana, a banana, a banana, a banana, a banana, a banana, a banana, a banana",I have been working for about a month ,"Charlie, you have been driving too slowly.",policeman,banana
study3,C,10,10.txt,"The Tropical SnackCharlie had been plowing the city for years and he had never seen a worse blizzard.  The storm had dropped two feet of snow.  Charlie  had been plowing the roads all night and he hadn't eaten dinner but he did have a few coffee breaks.  He was tired and worried that he would have an accident.  As Charlie entered a new street, he saw a if he had seen anyone.The policeman told him he was checking on a burglar alarm.  Charlie hadn't seen anything unusual but said he would look around as he continued his plowing.  He didn't have time to look too carefully though.  The snow was falling hard and he'd be lucky if he finished his streets before he went off duty.  He still had fifteen streets to go and he was only going to be driving the plow for threemore hours.  Charlie started to drive faster but he was afraid he would hit something so he slowed the plow down again.  The snow was coming down hard and Charlie knew he should be careful.  He had hit a parked car once before and had missed work because of the accident.  He couldn't afford to miss any more work.  He would simply do his best and hope he could finish his assigned streets before his shift ended in an hour.  Charlie was getting hungry and he didn't think he could last the whole three hours without if he had eaten anything.in his lunch bag.  The banana wasn't much, but it was better than nothing.  He managed to almost finish his streets by the time he completed his shift.  He had left three streets unplowed but the snow had stopped falling and Charlie knew somebody could plow them easily.  He drove the plow into the station and up to the gas pumps.  The new driver was already there waiting to take over.  They talked for a while about the terrible driving.  The new driver asked Charlie 3policeman in the middle of the road.  ","['Who did Charlie see on the road?', 'What did Charlie have to eat?', 'How long had Charlie been working?', 'Why was Charlie driving so slowly?']",The new driver,"He had a banana, a cup of coffee and some cookies in his lunch bag.",1 hour and forty minutes.,Because he was hungry.,policeman,banana
study3,D,10,10.txt,"The Tropical SnackCharlie had been plowing the city for years and he had never seen a worse blizzard.  The storm had dropped two feet of snow.  Charlie  had been plowing the roads all night and he hadn't eaten dinner but he did have a few coffee breaks.  He was tired and worried that he would have an accident.  As Charlie entered a new street, he saw a if he had seen anyone.The policeman told him he was checking on a burglar alarm.  Charlie hadn't seen anything unusual but said he would look around as he continued his plowing.  He didn't have time to look too carefully though.  The snow was falling hard and he'd be lucky if he finished his streets before he went off duty.  He still had fifteen streets to go and he was only going to be driving the plow for threemore hours.  Charlie started to drive faster but he was afraid he would hit something so he slowed the plow down again.  The snow was coming down hard and Charlie knew he should be careful.  He had hit a parked car once before and had missed work because of the accident.  He couldn't afford to miss any more work.  He would simply do his best and hope he could finish his assigned streets before his shift ended in an hour.  Charlie was getting hungry and he didn't think he could last the whole three hours without if he had eaten anything.in his lunch bag.  The banana wasn't much, but it was better than nothing.  He managed to almost finish his streets by the time he completed his shift.  He had left three streets unplowed but the snow had stopped falling and Charlie knew somebody could plow them easily.  He drove the plow into the station and up to the gas pumps.  The new driver was already there waiting to take over.  They talked for a while about the terrible driving.  The new driver asked Charlie 3eating something.  He found a banana ","['Who did Charlie see on the road?', 'What did Charlie have to eat?', 'How long had Charlie been working?', 'Why was Charlie driving so slowly?']",He saw the policeman.,2 bananas,I can't remember if I started until about 3pm or if I started at 5pm.,Because he was hungry.,policeman,banana
study3,A,11,11.txt,"The Alcoholic BeverageBill had finally received three days of shore leave when his ship docked in Boston harbor.  He was thrilled because his grandparents lived in Boston.  Bill hadn't seen them for several years and he knew they would be happy to see him.  When he got off the ship, he called them, and they were indeed happy to hear from him.  When he arrived at his grandparents, Bill's grandmother had a if he had gotten anything to drink.sipping the beer, Bill talked about his experiences since joining the Navy.  He had traveled all over the Mediterranean and the Pacific.  Bill had joined the Navy ten years ago and had traveled everywhere.  He loved the Navy and had decided to make it his career.  The pay was good and he had learned to repair computers so he knew he could get a good job when he got out.  Bill was in the middle of his story when his grandmother interrupted him because she had to go shopping.  Bill decided to sit on the couch and wait for his grandfather.  He picked up a magazine but was so excited to see his grandparents that he couldn't concentrate.  He decided to watch television.  He couldn't watch TV atsea because the reception was so bad.what he was watching on television.didn't find baseball particularlyexciting but he couldn't find anythingelse.  After a while, Bill heard hisgrandfather outside.  He looked outthe window and saw him so he leaped offthe couch, raced to the door and gavehis grandfather a big hug.  Bill satback on the couch and talked with hisgrandfather.  Bill's grandfather asked him3glass of beer waiting for him.  While ","['What had Bill gotten to drink?', 'What was Bill watching on TV?', ""What city did Bill's grandparents live in?"", 'How long had Bill been in the Navy?']",The beer.,Baseball.,Boston,He had been in the Navy for ten years.,glass of beer,baseball
study3,B,11,11.txt,"The Alcoholic BeverageBill had finally received three days of shore leave when his ship docked in Boston harbor.  He was thrilled because his grandparents lived in Boston.  Bill hadn't seen them for several years and he knew they would be happy to see him.  When he got off the ship, he called them, and they were indeed happy to hear from him.  When he arrived at his grandparents, Bill's grandmother had a if he had gotten anything to drink.sipping the beer, Bill talked about his experiences since joining the Navy.  He had traveled all over the Mediterranean and the Pacific.  Bill had joined the Navy ten years ago and had traveled everywhere.  He loved the Navy and had decided to make it his career.  The pay was good and he had learned to repair computers so he knew he could get a good job when he got out.  Bill was in the middle of his story when his grandmother interrupted him because she had to go shopping.  Bill decided to sit on the couch and wait for his grandfather.  He picked up a magazine but was so excited to see his grandparents that he couldn't concentrate.  He decided to watch television.  He couldn't watch TV atsea because the reception was so bad.what he was watching on television.didn't find baseball particularlyexciting but he couldn't find anythingelse.  After a while, Bill heard hisgrandfather outside.  He looked outthe window and saw him so he leaped offthe couch, raced to the door and gavehis grandfather a big hug.  Bill satback on the couch and talked with hisgrandfather.  Bill's grandfather asked him3Bill turned on some baseball.  He","['What had Bill gotten to drink?', 'What was Bill watching on TV?', ""What city did Bill's grandparents live in?"", 'How long had Bill been in the Navy?']",Beer.,Baseball.,Boston,Ten years.,glass of beer,baseball
study3,C,11,11.txt,"The Boring SportBill had finally received three days of shore leave when his ship docked in Boston harbor.  He was thrilled because his grandparents lived in Boston.  Bill hadn't seen them for several years and he knew they would be happy to see him.  When he got off the ship, he called them, and they were indeed happy to hear from him.  When he arrived at his grandparents, Bill's grandmother had a if he had gotten anything to drink.sipping the beer, Bill talked about his experiences since joining the Navy.  He had traveled all over the Mediterranean and the Pacific.  Bill had joined the Navy ten years ago and had traveled everywhere.  He loved the Navy and had decided to make it his career.  The pay was good and he had learned to repair computers so he knew he could get a good job when he got out.  Bill was in the middle of his story when his grandmother interrupted him because she had to go shopping.  Bill decided to sit on the couch and wait for his grandfather.  He picked up a magazine but was so excited to see his grandparents that he couldn't concentrate.  He decided to watch television.  He couldn't watch TV atsea because the reception was so bad.what he was watching on television.didn't find baseball particularlyexciting but he couldn't find anythingelse.  After a while, Bill heard hisgrandfather outside.  He looked outthe window and saw him so he leaped offthe couch, raced to the door and gavehis grandfather a big hug.  Bill satback on the couch and talked with hisgrandfather.  Bill's grandfather asked him3glass of beer waiting for him.  While ","['What had Bill gotten to drink?', 'What was Bill watching on TV?', ""What city did Bill's grandparents live in?"", 'How long had Bill been in the Navy?']",Nothing.,Bill was watching an NFL game.,Boston.,I joined the Navy in September of 1980.,glass of beer,baseball
study3,D,11,11.txt,"The Boring SportBill had finally received three days of shore leave when his ship docked in Boston harbor.  He was thrilled because his grandparents lived in Boston.  Bill hadn't seen them for several years and he knew they would be happy to see him.  When he got off the ship, he called them, and they were indeed happy to hear from him.  When he arrived at his grandparents, Bill's grandmother had a if he had gotten anything to drink.sipping the beer, Bill talked about his experiences since joining the Navy.  He had traveled all over the Mediterranean and the Pacific.  Bill had joined the Navy ten years ago and had traveled everywhere.  He loved the Navy and had decided to make it his career.  The pay was good and he had learned to repair computers so he knew he could get a good job when he got out.  Bill was in the middle of his story when his grandmother interrupted him because she had to go shopping.  Bill decided to sit on the couch and wait for his grandfather.  He picked up a magazine but was so excited to see his grandparents that he couldn't concentrate.  He decided to watch television.  He couldn't watch TV atsea because the reception was so bad.what he was watching on television.didn't find baseball particularlyexciting but he couldn't find anythingelse.  After a while, Bill heard hisgrandfather outside.  He looked outthe window and saw him so he leaped offthe couch, raced to the door and gavehis grandfather a big hug.  Bill satback on the couch and talked with hisgrandfather.  Bill's grandfather asked him3Bill turned on some baseball.  He","['What had Bill gotten to drink?', 'What was Bill watching on TV?', ""What city did Bill's grandparents live in?"", 'How long had Bill been in the Navy?']",He had had a beer.,Bill was watching a game between the San Diego Padres and the Boston Red Sox.,Boston-Bill's grandfather livedin Boston-Bill's grandparents livedin Boston,Bill had been in the Navy about ten years.,glass of beer,baseball
study3,A,12,12.txt,"Commuting from the CountryMark had grown up in the city but he had always wanted to live in the country with lots of land and a large garden.  The first opportunity he had, he packed up his belongings and bought a house in the country.  Every day Mark would ridehow he got to work in the morning.was long but allowed Mark to read the newspaper in the morning and relax at night. Mark was a teacher who taught at an elementary school in the city.  He liked teaching because he could call the summers his own.  Country living had its problems however.  Mark had left all his friends behind in the city and he had no neighbors out in the country.  One warm summer day, Mark was out working in his garden.  He had done all of the planting and he needed to do some weeding.  Mark was happy to see the progress.  He was what he had picked from the garden.was ripe.  Mark decided to have a few earsof the corn with his lunch.  Mark washeading for the house when he saw a friendfrom the city pull in the driveway.  Markwas excited to see his friend.  He setup some chairs on the porch and told hisfriend about his new home.  He said hemissed the city but really loved livingin the country.  Mark's friend asked him3the train to and from work.  The train ride ","['How did Mark get to work in the morning?', 'What did Mark pick from the garden?', 'Where did Mark buy his new home?', 'Why did Mark like having his summers off?']",In the city he had a job he loved.,"The tomato, the cucumber, and the pepper.",Mark bought his new home at a foreclosure sale in the city.,He liked having his summers off because he had a great garden.,train,corn
study3,B,12,12.txt,"Commuting from the CountryMark had grown up in the city but he had always wanted to live in the country with lots of land and a large garden.  The first opportunity he had, he packed up his belongings and bought a house in the country.  Every day Mark would ridehow he got to work in the morning.was long but allowed Mark to read the newspaper in the morning and relax at night. Mark was a teacher who taught at an elementary school in the city.  He liked teaching because he could call the summers his own.  Country living had its problems however.  Mark had left all his friends behind in the city and he had no neighbors out in the country.  One warm summer day, Mark was out working in his garden.  He had done all of the planting and he needed to do some weeding.  Mark was happy to see the progress.  He was what he had picked from the garden.was ripe.  Mark decided to have a few earsof the corn with his lunch.  Mark washeading for the house when he saw a friendfrom the city pull in the driveway.  Markwas excited to see his friend.  He setup some chairs on the porch and told hisfriend about his new home.  He said hemissed the city but really loved livingin the country.  Mark's friend asked him3delighted to see that some of the corn ","['How did Mark get to work in the morning?', 'What did Mark pick from the garden?', 'Where did Mark buy his new home?', 'Why did Mark like having his summers off?']",The first thing you need to do is to get up.,Corn,"When Mark built his own house, he bought the house directly from the landowner.",Mark was a very good teacher.,train,corn
study3,C,12,12.txt,"Cooking in the CountryMark had grown up in the city but he had always wanted to live in the country with lots of land and a large garden.  The first opportunity he had, he packed up his belongings and bought a house in the country.  Every day Mark would ridehow he got to work in the morning.was long but allowed Mark to read the newspaper in the morning and relax at night. Mark was a teacher who taught at an elementary school in the city.  He liked teaching because he could call the summers his own.  Country living had its problems however.  Mark had left all his friends behind in the city and he had no neighbors out in the country.  One warm summer day, Mark was out working in his garden.  He had done all of the planting and he needed to do some weeding.  Mark was happy to see the progress.  He was what he had picked from the garden.was ripe.  Mark decided to have a few earsof the corn with his lunch.  Mark washeading for the house when he saw a friendfrom the city pull in the driveway.  Markwas excited to see his friend.  He setup some chairs on the porch and told hisfriend about his new home.  He said hemissed the city but really loved livingin the country.  Mark's friend asked him3the train to and from work.  The train ride ","['How did Mark get to work in the morning?', 'What did Mark pick from the garden?', 'Where did Mark buy his new home?', 'Why did Mark like having his summers off?']",He walked from the city to work,1.,Mark bought it on his own.,Mark loved the country life.,train,corn
study3,D,12,12.txt,"Cooking in the CountryMark had grown up in the city but he had always wanted to live in the country with lots of land and a large garden.  The first opportunity he had, he packed up his belongings and bought a house in the country.  Every day Mark would ridehow he got to work in the morning.was long but allowed Mark to read the newspaper in the morning and relax at night. Mark was a teacher who taught at an elementary school in the city.  He liked teaching because he could call the summers his own.  Country living had its problems however.  Mark had left all his friends behind in the city and he had no neighbors out in the country.  One warm summer day, Mark was out working in his garden.  He had done all of the planting and he needed to do some weeding.  Mark was happy to see the progress.  He was what he had picked from the garden.was ripe.  Mark decided to have a few earsof the corn with his lunch.  Mark washeading for the house when he saw a friendfrom the city pull in the driveway.  Markwas excited to see his friend.  He setup some chairs on the porch and told hisfriend about his new home.  He said hemissed the city but really loved livingin the country.  Mark's friend asked him3delighted to see that some of the corn ","['How did Mark get to work in the morning?', 'What did Mark pick from the garden?', 'Where did Mark buy his new home?', 'Why did Mark like having his summers off?']",He rode in his horse.,"Corn, Beans, Tomatoes, Peppers, and Potatoes.",It was a very expensive deal.,1.,train,corn
study3,A,13,13.txt,"Reading MaterialAs the five-thirty flight was leaving the ground, Diane was walking the aisles serving the passengers their drinks.  Just as she was about to hand one man his drink, she was grabbed from behind by a young man.  He told Diane he wanted to hijack the plane.  Diane recognized the hijacker.  She remembered that he was the last passenger to board.  Diane rememberedhad carried on the plane.She remembered thinking he probably stopped to buy the book and almost missed the flight.  Now he was holding her tightly and demanding to speak with the pilot.  Diane told everyone to be calm and no one would get hurt.  Diane took the hijacker to the pilot.  The hijacker squeezed her arm and told her not to say a word.  He told the pilot that he wanted to go to Cuba.  Diane knew the pilot would agree to do anything that the hijacker wanted.  Diane realized he needed to ensure the safety of his passengers and crew.  Heasked the hijacker to release Diane so she could calm the passengers.  Diane knew the passengers would be upset.  She told them that the hijacker wanted to go to Cuba.  She said nobody would get hurt if everyone stayed calm.  As she was talking,had put under his seat.hijacker's seat.  However, she decided not to touch the radio.  By the time theplane landed in Cuba, Diane had calmedthe passengers.  When the hijacker leftthe plane, Diane told the passengersthat they were no longer in danger.  The hijacker was arrested by waiting Cuban authorities and the plane took off for Miami.  Diane met several F.B.I. agents in Miami.  The agents wanted to talkwith her about the hijacking.  Theyquestioned her for hours.  They were veryinterested in knowing what the hijacker3that he had been carrying a large book.","['What did the hijacker carry on the plane?', 'What had the hijacker put under his seat?', 'What did the hijacker squeeze?', 'Where was the plane hijacked to?']",A large book.,The hijacker told the FBI that he wanted to go to Cuba.,He squeezed her right arm and told her that he wanted to go to Cuba.,Cuba.,a large book,radio
study3,B,13,13.txt,"Reading MaterialAs the five-thirty flight was leaving the ground, Diane was walking the aisles serving the passengers their drinks.  Just as she was about to hand one man his drink, she was grabbed from behind by a young man.  He told Diane he wanted to hijack the plane.  Diane recognized the hijacker.  She remembered that he was the last passenger to board.  Diane rememberedhad carried on the plane.She remembered thinking he probably stopped to buy the book and almost missed the flight.  Now he was holding her tightly and demanding to speak with the pilot.  Diane told everyone to be calm and no one would get hurt.  Diane took the hijacker to the pilot.  The hijacker squeezed her arm and told her not to say a word.  He told the pilot that he wanted to go to Cuba.  Diane knew the pilot would agree to do anything that the hijacker wanted.  Diane realized he needed to ensure the safety of his passengers and crew.  Heasked the hijacker to release Diane so she could calm the passengers.  Diane knew the passengers would be upset.  She told them that the hijacker wanted to go to Cuba.  She said nobody would get hurt if everyone stayed calm.  As she was talking,had put under his seat.hijacker's seat.  However, she decided not to touch the radio.  By the time theplane landed in Cuba, Diane had calmedthe passengers.  When the hijacker leftthe plane, Diane told the passengersthat they were no longer in danger.  The hijacker was arrested by waiting Cuban authorities and the plane took off for Miami.  Diane met several F.B.I. agents in Miami.  The agents wanted to talkwith her about the hijacking.  Theyquestioned her for hours.  They were veryinterested in knowing what the hijacker3she noticed a radio under the ","['What did the hijacker carry on the plane?', 'What had the hijacker put under his seat?', 'What did the hijacker squeeze?', 'Where was the plane hijacked to?']",The hijacker was carrying a radio that he woulduse to communicate with his co-conspirators.,Nothing Diane told them about the radio under his seat.,A little bit of the left earlobe.,To Cuba.,a large book,radio
study3,C,13,13.txt,"The TransmitterAs the five-thirty flight was leaving the ground, Diane was walking the aisles serving the passengers their drinks.  Just as she was about to hand one man his drink, she was grabbed from behind by a young man.  He told Diane he wanted to hijack the plane.  Diane recognized the hijacker.  She remembered that he was the last passenger to board.  Diane rememberedhad carried on the plane.She remembered thinking he probably stopped to buy the book and almost missed the flight.  Now he was holding her tightly and demanding to speak with the pilot.  Diane told everyone to be calm and no one would get hurt.  Diane took the hijacker to the pilot.  The hijacker squeezed her arm and told her not to say a word.  He told the pilot that he wanted to go to Cuba.  Diane knew the pilot would agree to do anything that the hijacker wanted.  Diane realized he needed to ensure the safety of his passengers and crew.  Heasked the hijacker to release Diane so she could calm the passengers.  Diane knew the passengers would be upset.  She told them that the hijacker wanted to go to Cuba.  She said nobody would get hurt if everyone stayed calm.  As she was talking,had put under his seat.hijacker's seat.  However, she decided not to touch the radio.  By the time theplane landed in Cuba, Diane had calmedthe passengers.  When the hijacker leftthe plane, Diane told the passengersthat they were no longer in danger.  The hijacker was arrested by waiting Cuban authorities and the plane took off for Miami.  Diane met several F.B.I. agents in Miami.  The agents wanted to talkwith her about the hijacking.  Theyquestioned her for hours.  They were veryinterested in knowing what the hijacker3that he had been carrying a large book.","['What did the hijacker carry on the plane?', 'What had the hijacker put under his seat?', 'What did the hijacker squeeze?', 'Where was the plane hijacked to?']",The hijacker told the agents that he had been carrying a large book.,A book written by Richard Dreyfuss.,The hijacker squeezed Diane.,Cuba,a large book,radio
study3,D,13,13.txt,"The TransmitterAs the five-thirty flight was leaving the ground, Diane was walking the aisles serving the passengers their drinks.  Just as she was about to hand one man his drink, she was grabbed from behind by a young man.  He told Diane he wanted to hijack the plane.  Diane recognized the hijacker.  She remembered that he was the last passenger to board.  Diane rememberedhad carried on the plane.She remembered thinking he probably stopped to buy the book and almost missed the flight.  Now he was holding her tightly and demanding to speak with the pilot.  Diane told everyone to be calm and no one would get hurt.  Diane took the hijacker to the pilot.  The hijacker squeezed her arm and told her not to say a word.  He told the pilot that he wanted to go to Cuba.  Diane knew the pilot would agree to do anything that the hijacker wanted.  Diane realized he needed to ensure the safety of his passengers and crew.  Heasked the hijacker to release Diane so she could calm the passengers.  Diane knew the passengers would be upset.  She told them that the hijacker wanted to go to Cuba.  She said nobody would get hurt if everyone stayed calm.  As she was talking,had put under his seat.hijacker's seat.  However, she decided not to touch the radio.  By the time theplane landed in Cuba, Diane had calmedthe passengers.  When the hijacker leftthe plane, Diane told the passengersthat they were no longer in danger.  The hijacker was arrested by waiting Cuban authorities and the plane took off for Miami.  Diane met several F.B.I. agents in Miami.  The agents wanted to talkwith her about the hijacking.  Theyquestioned her for hours.  They were veryinterested in knowing what the hijacker3she noticed a radio under the ","['What did the hijacker carry on the plane?', 'What had the hijacker put under his seat?', 'What did the hijacker squeeze?', 'Where was the plane hijacked to?']","The hijacker wore a mask, a ski mask, a balaclava, and a vest that covered his face.",A paperweight.,A radio.,"Miami, FL Question: Did you know the hijacker?",a large book,radio
study3,A,14,14.txt,"The Wayward ToolDavid had just bought his first house in a small town near his new job.  Since he didn't have much money, he had to buy a house that was still unfinished.  Every weekend, he worked around the house and yard.  One weekend David called his friend Tom to help him paint the house.  He was afraid he wouldn't finish the front of the house before the cold what broke the window.David lost his footing and fell, causing the ladder to fall and break a window.  David decided to leave the window and start painting.  David and Tom worked all day on the front of the house.  David figured that if the weather was good, he could finish painting before winter came and then he could work on the inside during the winter.  David and Tom were working fast and furiously to finish.  David decided not to stop for lunch. He continued painting while he ate a quick sandwich.  By four o'clock, David had finished the front of the house and he became confident that he would finish the whole house before winter.  David decided to quit for the day so he and Tom cleaned up.  Tom started cleaning the brushes where David had gone.put away the paint.  The basement was quite damp, a problem David planned to fix after he finished the rest of the house.  Just then, David's wife came outside.  She stopped and gave a long approving look at the house. She toldTom it looked great and stepped backto get a better view.  She really likedthe color of the paint.  She asked Tom3weather set in.  While moving a ladder, ","['What broke the window?', 'Where had David gone to?', 'Who helped David paint?', 'What did David have for lunch?']",David decided not to stop for lunch.,The Wayward Tool,David's Wife,Question: Tom was at work.,ladder,basement
study3,B,14,14.txt,"The Wayward ToolDavid had just bought his first house in a small town near his new job.  Since he didn't have much money, he had to buy a house that was still unfinished.  Every weekend, he worked around the house and yard.  One weekend David called his friend Tom to help him paint the house.  He was afraid he wouldn't finish the front of the house before the cold what broke the window.David lost his footing and fell, causing the ladder to fall and break a window.  David decided to leave the window and start painting.  David and Tom worked all day on the front of the house.  David figured that if the weather was good, he could finish painting before winter came and then he could work on the inside during the winter.  David and Tom were working fast and furiously to finish.  David decided not to stop for lunch. He continued painting while he ate a quick sandwich.  By four o'clock, David had finished the front of the house and he became confident that he would finish the whole house before winter.  David decided to quit for the day so he and Tom cleaned up.  Tom started cleaning the brushes where David had gone.put away the paint.  The basement was quite damp, a problem David planned to fix after he finished the rest of the house.  Just then, David's wife came outside.  She stopped and gave a long approving look at the house. She toldTom it looked great and stepped backto get a better view.  She really likedthe color of the paint.  She asked Tom3while David went into the basement to ","['What broke the window?', 'Where had David gone to?', 'Who helped David paint?', 'What did David have for lunch?']",David decided to finish painting the front of the house before winter.,He had gone to the basement to fix the broken window.,David did the majority of the work.,A sandwich and a beer.,ladder,basement
study3,C,14,14.txt,"Subterranean StorageDavid had just bought his first house in a small town near his new job.  Since he didn't have much money, he had to buy a house that was still unfinished.  Every weekend, he worked around the house and yard.  One weekend David called his friend Tom to help him paint the house.  He was afraid he wouldn't finish the front of the house before the cold what broke the window.David lost his footing and fell, causing the ladder to fall and break a window.  David decided to leave the window and start painting.  David and Tom worked all day on the front of the house.  David figured that if the weather was good, he could finish painting before winter came and then he could work on the inside during the winter.  David and Tom were working fast and furiously to finish.  David decided not to stop for lunch. He continued painting while he ate a quick sandwich.  By four o'clock, David had finished the front of the house and he became confident that he would finish the whole house before winter.  David decided to quit for the day so he and Tom cleaned up.  Tom started cleaning the brushes where David had gone.put away the paint.  The basement was quite damp, a problem David planned to fix after he finished the rest of the house.  Just then, David's wife came outside.  She stopped and gave a long approving look at the house. She toldTom it looked great and stepped backto get a better view.  She really likedthe color of the paint.  She asked Tom3weather set in.  While moving a ladder, ","['What broke the window?', 'Where had David gone to?', 'Who helped David paint?', 'What did David have for lunch?']",Question: What did David do to fix the window?,To paint the front and the inside of the house.,Tom,Baked Fish with Tomato Aioli,ladder,basement
study3,D,14,14.txt,"Subterranean StorageDavid had just bought his first house in a small town near his new job.  Since he didn't have much money, he had to buy a house that was still unfinished.  Every weekend, he worked around the house and yard.  One weekend David called his friend Tom to help him paint the house.  He was afraid he wouldn't finish the front of the house before the cold what broke the window.David lost his footing and fell, causing the ladder to fall and break a window.  David decided to leave the window and start painting.  David and Tom worked all day on the front of the house.  David figured that if the weather was good, he could finish painting before winter came and then he could work on the inside during the winter.  David and Tom were working fast and furiously to finish.  David decided not to stop for lunch. He continued painting while he ate a quick sandwich.  By four o'clock, David had finished the front of the house and he became confident that he would finish the whole house before winter.  David decided to quit for the day so he and Tom cleaned up.  Tom started cleaning the brushes where David had gone.put away the paint.  The basement was quite damp, a problem David planned to fix after he finished the rest of the house.  Just then, David's wife came outside.  She stopped and gave a long approving look at the house. She toldTom it looked great and stepped backto get a better view.  She really likedthe color of the paint.  She asked Tom3while David went into the basement to ","['What broke the window?', 'Where had David gone to?', 'Who helped David paint?', 'What did David have for lunch?']",The ladder David had used to get the paint off the front of the house.,He had stopped in the basement to clean brushpaints and brushes.,Tom,a sandwich and some coffee.,ladder,basement
study3,A,15,15.txt,"The Charred VesselSteve thought that working at the fire department had been easy but lately, he noticed a rash of fires had been plaguingthe town.  Mostly, the fires were empty buildings and summer cottages down by the lake.  One night, Steve spotted some smoke down by the lake.  By the time he got there, a building was fully engulfed in flames.  He was too late to save the building and as the walls began to fall what had burned in the building.Unfortunately, he couldn't save the boat either.  By sunrise, Steve saw nothing left but some smoking embers and some smoldering beams.  He poked around in the remains of the building to make sure there was no chance of the fire starting to burn again.  Steve knew it had been a very dry autumn this year and any stray spark would probably start a fire that would burn up a good portion of the forest around the lake if it was uncontainable.  The police had also asked Steve to look around for arson clues.  Steve thought the fire was suspicious and had wanted to investigate.  He wanted to catch the arsonist and end the rash of fires before somebody got killed.  When Steve saw that the embers had cooled, he began digging around in the ashes.  Unfortunately, he wasn't having much success.  He was able to find an old what he had found in the ashes.was important.  By mid-morning, Steve decided the fire was sufficiently out so that he could return to the fire station.  He was more than happy to go back.  Having worked all night, he was cold, tired, and especially hungry.  Steve decided to cook some pancakes.  While cooking, one of his buddies asked him3away, Steve could see a boat inside.  ","['What burned in the building?', 'What did Steve find in the ashes?', 'Where had the rash of fires been taking place?', 'What did Steve decide to cook?']",The boat.,"He found a couple of old photos, a couple of old notes, and a few old pictures of some girls.","On the lake, the fires had been killing cottages and summer cottages.",Pancakes,boat,glove
study3,B,15,15.txt,"The Charred VesselSteve thought that working at the fire department had been easy but lately, he noticed a rash of fires had been plaguingthe town.  Mostly, the fires were empty buildings and summer cottages down by the lake.  One night, Steve spotted some smoke down by the lake.  By the time he got there, a building was fully engulfed in flames.  He was too late to save the building and as the walls began to fall what had burned in the building.Unfortunately, he couldn't save the boat either.  By sunrise, Steve saw nothing left but some smoking embers and some smoldering beams.  He poked around in the remains of the building to make sure there was no chance of the fire starting to burn again.  Steve knew it had been a very dry autumn this year and any stray spark would probably start a fire that would burn up a good portion of the forest around the lake if it was uncontainable.  The police had also asked Steve to look around for arson clues.  Steve thought the fire was suspicious and had wanted to investigate.  He wanted to catch the arsonist and end the rash of fires before somebody got killed.  When Steve saw that the embers had cooled, he began digging around in the ashes.  Unfortunately, he wasn't having much success.  He was able to find an old what he had found in the ashes.was important.  By mid-morning, Steve decided the fire was sufficiently out so that he could return to the fire station.  He was more than happy to go back.  Having worked all night, he was cold, tired, and especially hungry.  Steve decided to cook some pancakes.  While cooking, one of his buddies asked him3glove but he wasn't sure if the glove ","['What burned in the building?', 'What did Steve find in the ashes?', 'Where had the rash of fires been taking place?', 'What did Steve decide to cook?']",The fire was probably started by someone who was trying to light a cigarette.,The remains of a human hand.,The forest.,Pancakes,boat,glove
study3,C,15,15.txt,"The Inexplicable ClueSteve thought that working at the fire department had been easy but lately, he noticed a rash of fires had been plaguingthe town.  Mostly, the fires were empty buildings and summer cottages down by the lake.  One night, Steve spotted some smoke down by the lake.  By the time he got there, a building was fully engulfed in flames.  He was too late to save the building and as the walls began to fall what had burned in the building.Unfortunately, he couldn't save the boat either.  By sunrise, Steve saw nothing left but some smoking embers and some smoldering beams.  He poked around in the remains of the building to make sure there was no chance of the fire starting to burn again.  Steve knew it had been a very dry autumn this year and any stray spark would probably start a fire that would burn up a good portion of the forest around the lake if it was uncontainable.  The police had also asked Steve to look around for arson clues.  Steve thought the fire was suspicious and had wanted to investigate.  He wanted to catch the arsonist and end the rash of fires before somebody got killed.  When Steve saw that the embers had cooled, he began digging around in the ashes.  Unfortunately, he wasn't having much success.  He was able to find an old what he had found in the ashes.was important.  By mid-morning, Steve decided the fire was sufficiently out so that he could return to the fire station.  He was more than happy to go back.  Having worked all night, he was cold, tired, and especially hungry.  Steve decided to cook some pancakes.  While cooking, one of his buddies asked him3away, Steve could see a boat inside.  ","['What burned in the building?', 'What did Steve find in the ashes?', 'Where had the rash of fires been taking place?', 'What did Steve decide to cook?']",The boat.,An old stove.,What is the most logical place to start an arson investigation?,Pancakes.,boat,glove
study3,D,15,15.txt,"The Inexplicable ClueSteve thought that working at the fire department had been easy but lately, he noticed a rash of fires had been plaguingthe town.  Mostly, the fires were empty buildings and summer cottages down by the lake.  One night, Steve spotted some smoke down by the lake.  By the time he got there, a building was fully engulfed in flames.  He was too late to save the building and as the walls began to fall what had burned in the building.Unfortunately, he couldn't save the boat either.  By sunrise, Steve saw nothing left but some smoking embers and some smoldering beams.  He poked around in the remains of the building to make sure there was no chance of the fire starting to burn again.  Steve knew it had been a very dry autumn this year and any stray spark would probably start a fire that would burn up a good portion of the forest around the lake if it was uncontainable.  The police had also asked Steve to look around for arson clues.  Steve thought the fire was suspicious and had wanted to investigate.  He wanted to catch the arsonist and end the rash of fires before somebody got killed.  When Steve saw that the embers had cooled, he began digging around in the ashes.  Unfortunately, he wasn't having much success.  He was able to find an old what he had found in the ashes.was important.  By mid-morning, Steve decided the fire was sufficiently out so that he could return to the fire station.  He was more than happy to go back.  Having worked all night, he was cold, tired, and especially hungry.  Steve decided to cook some pancakes.  While cooking, one of his buddies asked him3glove but he wasn't sure if the glove ","['What burned in the building?', 'What did Steve find in the ashes?', 'Where had the rash of fires been taking place?', 'What did Steve decide to cook?']",The burnt glove,1) 3glove,All over town.,Pancakes,boat,glove
study3,A,16,16.txt,"The Killer's BladeJohn had been promoted to detective two months ago and he couldn't wait to make his first big arrest.  He knew he would be nervous when a case came to trial because the defense attorney would be trying to discredit his testimony in order to get his client off.  John decided he would only make careful arrests.  Early one night, John responded to a call on Maple street and when he arrived, found a young woman lying on the sidewalk.  He turned her over, saw a pool of blood, and realized she was dead.  Johnwhat the murder weapon had been.next to the woman.  He thought the knifemight have fingerprints.  John called the coroner's office and he attempted to keep the growing crowd away while he waited.  Suddenly, John saw a man break through the crowd and crouch over the woman.  He told John that he was the woman's husband.  John immediately pulled him back from the body and questioned him, wanting to know if he knew anything.  John was looking for clues and asked the husband to help him.  He wanted to solve this case and show his boss that he had deserved his recent promotion.  John was being pretty insensitive however. The man had just lost his wife and didn't really want to talk but John kept him around anyway.  Actually, John suspected the husband and didn't want to let him go until he was sure he wasn't guilty.  When if anything had been stolen.had been stolen, he knew the husbandwas innocent.  The stolen money meantthat the case was probably a robbery.John didn't need much time to find asuspect and bring him to trial.  Johntook the stand knowing the defenseattorney would be tough.  He was verynervous but he was also ready for anyquestion.  The defense attorney asked him3didn't dare touch the knife that was lying","['What was the murder weapon?', 'What had been stolen?', 'Why was John nervous about going to trial?', 'Why did John want to solve this case?']",It was a knife.,The woman's purse.,One of the reasons he was nervous was that he was an ex-convict.,"He was getting promoted, the case was important, and his best friend was a victim.",knife,money
study3,B,16,16.txt,"The Killer's BladeJohn had been promoted to detective two months ago and he couldn't wait to make his first big arrest.  He knew he would be nervous when a case came to trial because the defense attorney would be trying to discredit his testimony in order to get his client off.  John decided he would only make careful arrests.  Early one night, John responded to a call on Maple street and when he arrived, found a young woman lying on the sidewalk.  He turned her over, saw a pool of blood, and realized she was dead.  Johnwhat the murder weapon had been.next to the woman.  He thought the knifemight have fingerprints.  John called the coroner's office and he attempted to keep the growing crowd away while he waited.  Suddenly, John saw a man break through the crowd and crouch over the woman.  He told John that he was the woman's husband.  John immediately pulled him back from the body and questioned him, wanting to know if he knew anything.  John was looking for clues and asked the husband to help him.  He wanted to solve this case and show his boss that he had deserved his recent promotion.  John was being pretty insensitive however. The man had just lost his wife and didn't really want to talk but John kept him around anyway.  Actually, John suspected the husband and didn't want to let him go until he was sure he wasn't guilty.  When if anything had been stolen.had been stolen, he knew the husbandwas innocent.  The stolen money meantthat the case was probably a robbery.John didn't need much time to find asuspect and bring him to trial.  Johntook the stand knowing the defenseattorney would be tough.  He was verynervous but he was also ready for anyquestion.  The defense attorney asked him3John found out that the woman's money ","['What was the murder weapon?', 'What had been stolen?', 'Why was John nervous about going to trial?', 'Why did John want to solve this case?']",A 2,The husband's car,He was nervous because he had lost his wife.,"He didn't want to get into trouble, he wanted to be promoted.",knife,money
study3,C,16,16.txt,"The Missing LootJohn had been promoted to detective two months ago and he couldn't wait to make his first big arrest.  He knew he would be nervous when a case came to trial because the defense attorney would be trying to discredit his testimony in order to get his client off.  John decided he would only make careful arrests.  Early one night, John responded to a call on Maple street and when he arrived, found a young woman lying on the sidewalk.  He turned her over, saw a pool of blood, and realized she was dead.  Johnwhat the murder weapon had been.next to the woman.  He thought the knifemight have fingerprints.  John called the coroner's office and he attempted to keep the growing crowd away while he waited.  Suddenly, John saw a man break through the crowd and crouch over the woman.  He told John that he was the woman's husband.  John immediately pulled him back from the body and questioned him, wanting to know if he knew anything.  John was looking for clues and asked the husband to help him.  He wanted to solve this case and show his boss that he had deserved his recent promotion.  John was being pretty insensitive however. The man had just lost his wife and didn't really want to talk but John kept him around anyway.  Actually, John suspected the husband and didn't want to let him go until he was sure he wasn't guilty.  When if anything had been stolen.had been stolen, he knew the husbandwas innocent.  The stolen money meantthat the case was probably a robbery.John didn't need much time to find asuspect and bring him to trial.  Johntook the stand knowing the defenseattorney would be tough.  He was verynervous but he was also ready for anyquestion.  The defense attorney asked him3didn't dare touch the knife that was lying","['What was the murder weapon?', 'What had been stolen?', 'Why was John nervous about going to trial?', 'Why did John want to solve this case?']",The murder weapon was a knife made by the same manufacturer that was used in the attack.,2.,The only thing he had to lose was his job.,I just thought it would be funny to solve a murder.,knife,money
study3,D,16,16.txt,"The Missing LootJohn had been promoted to detective two months ago and he couldn't wait to make his first big arrest.  He knew he would be nervous when a case came to trial because the defense attorney would be trying to discredit his testimony in order to get his client off.  John decided he would only make careful arrests.  Early one night, John responded to a call on Maple street and when he arrived, found a young woman lying on the sidewalk.  He turned her over, saw a pool of blood, and realized she was dead.  Johnwhat the murder weapon had been.next to the woman.  He thought the knifemight have fingerprints.  John called the coroner's office and he attempted to keep the growing crowd away while he waited.  Suddenly, John saw a man break through the crowd and crouch over the woman.  He told John that he was the woman's husband.  John immediately pulled him back from the body and questioned him, wanting to know if he knew anything.  John was looking for clues and asked the husband to help him.  He wanted to solve this case and show his boss that he had deserved his recent promotion.  John was being pretty insensitive however. The man had just lost his wife and didn't really want to talk but John kept him around anyway.  Actually, John suspected the husband and didn't want to let him go until he was sure he wasn't guilty.  When if anything had been stolen.had been stolen, he knew the husbandwas innocent.  The stolen money meantthat the case was probably a robbery.John didn't need much time to find asuspect and bring him to trial.  Johntook the stand knowing the defenseattorney would be tough.  He was verynervous but he was also ready for anyquestion.  The defense attorney asked him3John found out that the woman's money ","['What was the murder weapon?', 'What had been stolen?', 'Why was John nervous about going to trial?', 'Why did John want to solve this case?']",She had been killed with a knife.,The money had been stolen.,He wasn't sure if he would be able to prove his case.,He was ready to get a promotion.,knife,money
