study,version,passage_num,passage_key,question_num,question_id,question,generated_answer,passage_text,passage_file,judge_score,judge_reasoning,is_correct,correct_answer
study3,A,1,01,1,1,What was the man driving?,"The man was driving an old, dented van.","The Worn VehicleDan had been driving almost all night in order to get home for Thanksgiving.  While driving, he found he couldn't stay awake so he stopped at a small all-night convenience store for some coffee.  Before going inside, Dan walked around in the fresh air.  While he was stretchingknew what the man was driving. jumped out.  As Dan followed the man into the store, he noticed that the van was old and dented.  The clerk was very friendly and asked Dan where he was headed.  Dan told him he was in college and that he was going home for Thanksgiving.  While Dan was talking and drinking his coffee, the clerk was eyeing the other man.  Dan watched the man roamaround the store and noticed that he didn't pick up anything.  The clerk asked Dan if he would stay until the man left the store.  The clerk told Dan that the man was making him very nervous.  Dan was anxious to get home but he agreed to stay with the clerk.  Dan didn't want to leave him alone.  He thought his presence would help avoid any trouble.  Finally, the man knew what the man had bought.thought it was a little strange to buy only gum but he was relieved that the man finally left.  He finished his coffee and got another cup.  He hoped he could stay awake until he got home.  Just as hewas  leaving, the police came in.  Theysaid they wanted to ask about the manwho had just left.  They asked Dan if he3his legs, a van pulled up and a man ",1.txt,1.0,"The generated answer includes the essential required information, 'van'. The additional descriptive details ('old, dented') are supported by the context and do not invalidate the correct core answer.",True,van
study3,A,1,01,2,2,What did the man buy?,The man bought only gum.,"The Worn VehicleDan had been driving almost all night in order to get home for Thanksgiving.  While driving, he found he couldn't stay awake so he stopped at a small all-night convenience store for some coffee.  Before going inside, Dan walked around in the fresh air.  While he was stretchingknew what the man was driving. jumped out.  As Dan followed the man into the store, he noticed that the van was old and dented.  The clerk was very friendly and asked Dan where he was headed.  Dan told him he was in college and that he was going home for Thanksgiving.  While Dan was talking and drinking his coffee, the clerk was eyeing the other man.  Dan watched the man roamaround the store and noticed that he didn't pick up anything.  The clerk asked Dan if he would stay until the man left the store.  The clerk told Dan that the man was making him very nervous.  Dan was anxious to get home but he agreed to stay with the clerk.  Dan didn't want to leave him alone.  He thought his presence would help avoid any trouble.  Finally, the man knew what the man had bought.thought it was a little strange to buy only gum but he was relieved that the man finally left.  He finished his coffee and got another cup.  He hoped he could stay awake until he got home.  Just as hewas  leaving, the police came in.  Theysaid they wanted to ask about the manwho had just left.  They asked Dan if he3his legs, a van pulled up and a man ",1.txt,1.0,"The generated answer correctly identifies the item purchased as 'gum', matching the correct answer.",True,gum
study3,B,1,01,1,1,What was the man driving?,A worn-out van.,"The Worn VehicleDan had been driving almost all night in order to get home for Thanksgiving.  While driving, he found he couldn't stay awake so he stopped at a small all-night convenience store for some coffee.  Before going inside, Dan walked around in the fresh air.  While he was stretchingknew what the man was driving. jumped out.  As Dan followed the man into the store, he noticed that the van was old and dented.  The clerk was very friendly and asked Dan where he was headed.  Dan told him he was in college and that he was going home for Thanksgiving.  While Dan was talking and drinking his coffee, the clerk was eyeing the other man.  Dan watched the man roamaround the store and noticed that he didn't pick up anything.  The clerk asked Dan if he would stay until the man left the store.  The clerk told Dan that the man was making him very nervous.  Dan was anxious to get home but he agreed to stay with the clerk.  Dan didn't want to leave him alone.  He thought his presence would help avoid any trouble.  Finally, the man knew what the man had bought.thought it was a little strange to buy only gum but he was relieved that the man finally left.  He finished his coffee and got another cup.  He hoped he could stay awake until he got home.  Just as hewas  leaving, the police came in.  Theysaid they wanted to ask about the manwho had just left.  They asked Dan if he3paid for some gum and walked out.  Dan ",1.txt,1.0,"The generated answer provides the correct key piece of information ('van') and includes accurate descriptive detail ('worn-out'), which aligns with the context (the van was 'old and dented'). Therefore, it is a complete and correct answer.",True,van
study3,B,1,01,2,2,What did the man buy?,The man bought only gum.,"The Worn VehicleDan had been driving almost all night in order to get home for Thanksgiving.  While driving, he found he couldn't stay awake so he stopped at a small all-night convenience store for some coffee.  Before going inside, Dan walked around in the fresh air.  While he was stretchingknew what the man was driving. jumped out.  As Dan followed the man into the store, he noticed that the van was old and dented.  The clerk was very friendly and asked Dan where he was headed.  Dan told him he was in college and that he was going home for Thanksgiving.  While Dan was talking and drinking his coffee, the clerk was eyeing the other man.  Dan watched the man roamaround the store and noticed that he didn't pick up anything.  The clerk asked Dan if he would stay until the man left the store.  The clerk told Dan that the man was making him very nervous.  Dan was anxious to get home but he agreed to stay with the clerk.  Dan didn't want to leave him alone.  He thought his presence would help avoid any trouble.  Finally, the man knew what the man had bought.thought it was a little strange to buy only gum but he was relieved that the man finally left.  He finished his coffee and got another cup.  He hoped he could stay awake until he got home.  Just as hewas  leaving, the police came in.  Theysaid they wanted to ask about the manwho had just left.  They asked Dan if he3paid for some gum and walked out.  Dan ",1.txt,1.0,The generated answer correctly identifies the item purchased ('gum'). The addition of the word 'only' does not negate the core factual accuracy required by the question.,True,gum
study3,C,1,01,1,1,What was the man driving?,He was driving a van.,"The Odd PurchaseDan had been driving almost all night in order to get home for Thanksgiving.  While driving, he found he couldn't stay awake so he stopped at a small all-night convenience store for some coffee.  Before going inside, Dan walked around in the fresh air.  While he was stretchingknew what the man was driving. jumped out.  As Dan followed the man into the store, he noticed that the van was old and dented.  The clerk was very friendly and asked Dan where he was headed.  Dan told him he was in college and that he was going home for Thanksgiving.  While Dan was talking and drinking his coffee, the clerk was eyeing the other man.  Dan watched the man roamaround the store and noticed that he didn't pick up anything.  The clerk asked Dan if he would stay until the man left the store.  The clerk told Dan that the man was making him very nervous.  Dan was anxious to get home but he agreed to stay with the clerk.  Dan didn't want to leave him alone.  He thought his presence would help avoid any trouble.  Finally, the man knew what the man had bought.thought it was a little strange to buy only gum but he was relieved that the man finally left.  He finished his coffee and got another cup.  He hoped he could stay awake until he got home.  Just as hewas  leaving, the police came in.  Theysaid they wanted to ask about the manwho had just left.  They asked Dan if he3his legs, a van pulled up and a man ",1.txt,1.0,"The generated answer 'He was driving a van' correctly identifies the vehicle as a 'van', matching the essential content of the correct answer.",True,van
study3,C,1,01,2,2,What did the man buy?,He bought just gum.,"The Odd PurchaseDan had been driving almost all night in order to get home for Thanksgiving.  While driving, he found he couldn't stay awake so he stopped at a small all-night convenience store for some coffee.  Before going inside, Dan walked around in the fresh air.  While he was stretchingknew what the man was driving. jumped out.  As Dan followed the man into the store, he noticed that the van was old and dented.  The clerk was very friendly and asked Dan where he was headed.  Dan told him he was in college and that he was going home for Thanksgiving.  While Dan was talking and drinking his coffee, the clerk was eyeing the other man.  Dan watched the man roamaround the store and noticed that he didn't pick up anything.  The clerk asked Dan if he would stay until the man left the store.  The clerk told Dan that the man was making him very nervous.  Dan was anxious to get home but he agreed to stay with the clerk.  Dan didn't want to leave him alone.  He thought his presence would help avoid any trouble.  Finally, the man knew what the man had bought.thought it was a little strange to buy only gum but he was relieved that the man finally left.  He finished his coffee and got another cup.  He hoped he could stay awake until he got home.  Just as hewas  leaving, the police came in.  Theysaid they wanted to ask about the manwho had just left.  They asked Dan if he3his legs, a van pulled up and a man ",1.txt,1.0,"The generated answer 'He bought just gum' correctly identifies the purchase as 'gum', matching the essential content of the correct answer.",True,gum
study3,D,1,01,1,1,What was the man driving?,A van.,"The Odd PurchaseDan had been driving almost all night in order to get home for Thanksgiving.  While driving, he found he couldn't stay awake so he stopped at a small all-night convenience store for some coffee.  Before going inside, Dan walked around in the fresh air.  While he was stretchingknew what the man was driving. jumped out.  As Dan followed the man into the store, he noticed that the van was old and dented.  The clerk was very friendly and asked Dan where he was headed.  Dan told him he was in college and that he was going home for Thanksgiving.  While Dan was talking and drinking his coffee, the clerk was eyeing the other man.  Dan watched the man roamaround the store and noticed that he didn't pick up anything.  The clerk asked Dan if he would stay until the man left the store.  The clerk told Dan that the man was making him very nervous.  Dan was anxious to get home but he agreed to stay with the clerk.  Dan didn't want to leave him alone.  He thought his presence would help avoid any trouble.  Finally, the man knew what the man had bought.thought it was a little strange to buy only gum but he was relieved that the man finally left.  He finished his coffee and got another cup.  He hoped he could stay awake until he got home.  Just as hewas  leaving, the police came in.  Theysaid they wanted to ask about the manwho had just left.  They asked Dan if he3paid for some gum and walked out.  Dan ",1.txt,1.0,"The generated answer 'A van' correctly identifies the object, matching the core factual information 'van' provided in the correct answer. The addition of the article 'A' is acceptable.",True,van
study3,D,1,01,2,2,What did the man buy?,"The man bought a small, red, gum filled box.","The Odd PurchaseDan had been driving almost all night in order to get home for Thanksgiving.  While driving, he found he couldn't stay awake so he stopped at a small all-night convenience store for some coffee.  Before going inside, Dan walked around in the fresh air.  While he was stretchingknew what the man was driving. jumped out.  As Dan followed the man into the store, he noticed that the van was old and dented.  The clerk was very friendly and asked Dan where he was headed.  Dan told him he was in college and that he was going home for Thanksgiving.  While Dan was talking and drinking his coffee, the clerk was eyeing the other man.  Dan watched the man roamaround the store and noticed that he didn't pick up anything.  The clerk asked Dan if he would stay until the man left the store.  The clerk told Dan that the man was making him very nervous.  Dan was anxious to get home but he agreed to stay with the clerk.  Dan didn't want to leave him alone.  He thought his presence would help avoid any trouble.  Finally, the man knew what the man had bought.thought it was a little strange to buy only gum but he was relieved that the man finally left.  He finished his coffee and got another cup.  He hoped he could stay awake until he got home.  Just as hewas  leaving, the police came in.  Theysaid they wanted to ask about the manwho had just left.  They asked Dan if he3paid for some gum and walked out.  Dan ",1.txt,1.0,"The core purchase identified in the generated answer is 'gum', which matches the correct answer. The added descriptive details ('A small, red, gum filled box') do not negate the accuracy of the main item purchased.",True,gum
study3,A,2,02,1,1,What had the boy broken?,The boy had broken his finger.,"The Minor InjuryKaren had been working in the emergency room since she had become a nurse several years ago.  She loved working in the emergency room because she found the work interesting and she felt useful.  She especially liked working on Sundays because she could relax.  Unfortunately, Karen had plenty of work this Sunday.  She was just about to take a break when she watched the police bring in a young boy.  She knew he was hurt so she rushed to help him; she was relieved to find thatthe boy had broken anything.carefully set the finger and gave him a sedative.  Then she called his parents and told them not to worry.  Karen was happy to see that the boy had fallen asleep.  She went out to the lobby and waited for the parents, knowing she would have a long wait.  The parents had told her that the drive was an hour long.  Karen sat back in a chair and hoped no more people would come in while she waited.  She was tired of treating people hurt in otherwise preventable accidents.  Karen went back to check on the boy and was glad to see that he was still sleeping.  Then she went to the kitchen to get a cup of coffee.  When she returned, the boy was awake, and asked the boy had asked for anything.Karen brought him a game and told him topress the buzzer if he needed anything.  Then she went out and started to cleanup the emergency room.  She wanted tostraighten things up before she went off duty.Just before she left, the boy's parentsarrived and Karen told them that everythingwas fine.  They wanted to know whether3only a finger was broken.  Karen ",2.txt,1.0,"The generated answer, 'The boy had broken his finger,' matches the essential information provided in the correct answer, 'finger.'",True,finger
study3,A,2,02,2,2,What had the boy asked for?,He had asked for a cup of water.,"The Minor InjuryKaren had been working in the emergency room since she had become a nurse several years ago.  She loved working in the emergency room because she found the work interesting and she felt useful.  She especially liked working on Sundays because she could relax.  Unfortunately, Karen had plenty of work this Sunday.  She was just about to take a break when she watched the police bring in a young boy.  She knew he was hurt so she rushed to help him; she was relieved to find thatthe boy had broken anything.carefully set the finger and gave him a sedative.  Then she called his parents and told them not to worry.  Karen was happy to see that the boy had fallen asleep.  She went out to the lobby and waited for the parents, knowing she would have a long wait.  The parents had told her that the drive was an hour long.  Karen sat back in a chair and hoped no more people would come in while she waited.  She was tired of treating people hurt in otherwise preventable accidents.  Karen went back to check on the boy and was glad to see that he was still sleeping.  Then she went to the kitchen to get a cup of coffee.  When she returned, the boy was awake, and asked the boy had asked for anything.Karen brought him a game and told him topress the buzzer if he needed anything.  Then she went out and started to cleanup the emergency room.  She wanted tostraighten things up before she went off duty.Just before she left, the boy's parentsarrived and Karen told them that everythingwas fine.  They wanted to know whether3only a finger was broken.  Karen ",2.txt,0.0,The generated answer ('He had asked for a cup of water') contradicts the specified correct answer ('game').,False,game
study3,B,2,02,1,1,What had the boy broken?,His finger.,"The Minor InjuryKaren had been working in the emergency room since she had become a nurse several years ago.  She loved working in the emergency room because she found the work interesting and she felt useful.  She especially liked working on Sundays because she could relax.  Unfortunately, Karen had plenty of work this Sunday.  She was just about to take a break when she watched the police bring in a young boy.  She knew he was hurt so she rushed to help him; she was relieved to find thatthe boy had broken anything.carefully set the finger and gave him a sedative.  Then she called his parents and told them not to worry.  Karen was happy to see that the boy had fallen asleep.  She went out to the lobby and waited for the parents, knowing she would have a long wait.  The parents had told her that the drive was an hour long.  Karen sat back in a chair and hoped no more people would come in while she waited.  She was tired of treating people hurt in otherwise preventable accidents.  Karen went back to check on the boy and was glad to see that he was still sleeping.  Then she went to the kitchen to get a cup of coffee.  When she returned, the boy was awake, and asked the boy had asked for anything.Karen brought him a game and told him topress the buzzer if he needed anything.  Then she went out and started to cleanup the emergency room.  She wanted tostraighten things up before she went off duty.Just before she left, the boy's parentsarrived and Karen told them that everythingwas fine.  They wanted to know whether3her for a game to play while he waited.  ",2.txt,1.0,The generated answer 'His finger' accurately identifies the object (finger) mentioned in the correct answer. The difference in phrasing (inclusion of 'His') does not change the core fact.,True,finger
study3,B,2,02,2,2,What had the boy asked for?,A buzzer.,"The Minor InjuryKaren had been working in the emergency room since she had become a nurse several years ago.  She loved working in the emergency room because she found the work interesting and she felt useful.  She especially liked working on Sundays because she could relax.  Unfortunately, Karen had plenty of work this Sunday.  She was just about to take a break when she watched the police bring in a young boy.  She knew he was hurt so she rushed to help him; she was relieved to find thatthe boy had broken anything.carefully set the finger and gave him a sedative.  Then she called his parents and told them not to worry.  Karen was happy to see that the boy had fallen asleep.  She went out to the lobby and waited for the parents, knowing she would have a long wait.  The parents had told her that the drive was an hour long.  Karen sat back in a chair and hoped no more people would come in while she waited.  She was tired of treating people hurt in otherwise preventable accidents.  Karen went back to check on the boy and was glad to see that he was still sleeping.  Then she went to the kitchen to get a cup of coffee.  When she returned, the boy was awake, and asked the boy had asked for anything.Karen brought him a game and told him topress the buzzer if he needed anything.  Then she went out and started to cleanup the emergency room.  She wanted tostraighten things up before she went off duty.Just before she left, the boy's parentsarrived and Karen told them that everythingwas fine.  They wanted to know whether3her for a game to play while he waited.  ",2.txt,0.0,"The generated answer 'A buzzer' is incorrect and does not match the ground truth correct answer, which is 'game'.",False,game
study3,C,2,02,1,1,What had the boy broken?,His finger,"The Patient's RequestKaren had been working in the emergency room since she had become a nurse several years ago.  She loved working in the emergency room because she found the work interesting and she felt useful.  She especially liked working on Sundays because she could relax.  Unfortunately, Karen had plenty of work this Sunday.  She was just about to take a break when she watched the police bring in a young boy.  She knew he was hurt so she rushed to help him; she was relieved to find thatthe boy had broken anything.carefully set the finger and gave him a sedative.  Then she called his parents and told them not to worry.  Karen was happy to see that the boy had fallen asleep.  She went out to the lobby and waited for the parents, knowing she would have a long wait.  The parents had told her that the drive was an hour long.  Karen sat back in a chair and hoped no more people would come in while she waited.  She was tired of treating people hurt in otherwise preventable accidents.  Karen went back to check on the boy and was glad to see that he was still sleeping.  Then she went to the kitchen to get a cup of coffee.  When she returned, the boy was awake, and asked the boy had asked for anything.Karen brought him a game and told him topress the buzzer if he needed anything.  Then she went out and started to cleanup the emergency room.  She wanted tostraighten things up before she went off duty.Just before she left, the boy's parentsarrived and Karen told them that everythingwas fine.  They wanted to know whether3only a finger was broken.  Karen ",2.txt,1.0,The generated answer 'His finger' is factually equivalent to the correct answer 'finger'. The inclusion of the possessive pronoun does not negate correctness.,True,finger
study3,C,2,02,2,2,What had the boy asked for?,The boy had asked for a game.,"The Patient's RequestKaren had been working in the emergency room since she had become a nurse several years ago.  She loved working in the emergency room because she found the work interesting and she felt useful.  She especially liked working on Sundays because she could relax.  Unfortunately, Karen had plenty of work this Sunday.  She was just about to take a break when she watched the police bring in a young boy.  She knew he was hurt so she rushed to help him; she was relieved to find thatthe boy had broken anything.carefully set the finger and gave him a sedative.  Then she called his parents and told them not to worry.  Karen was happy to see that the boy had fallen asleep.  She went out to the lobby and waited for the parents, knowing she would have a long wait.  The parents had told her that the drive was an hour long.  Karen sat back in a chair and hoped no more people would come in while she waited.  She was tired of treating people hurt in otherwise preventable accidents.  Karen went back to check on the boy and was glad to see that he was still sleeping.  Then she went to the kitchen to get a cup of coffee.  When she returned, the boy was awake, and asked the boy had asked for anything.Karen brought him a game and told him topress the buzzer if he needed anything.  Then she went out and started to cleanup the emergency room.  She wanted tostraighten things up before she went off duty.Just before she left, the boy's parentsarrived and Karen told them that everythingwas fine.  They wanted to know whether3only a finger was broken.  Karen ",2.txt,1.0,"The generated answer correctly identifies 'game' as the object requested, matching the core information provided in the correct answer.",True,game
study3,D,2,02,1,1,What had the boy broken?,The boy had broken a finger.,"The Patient's RequestKaren had been working in the emergency room since she had become a nurse several years ago.  She loved working in the emergency room because she found the work interesting and she felt useful.  She especially liked working on Sundays because she could relax.  Unfortunately, Karen had plenty of work this Sunday.  She was just about to take a break when she watched the police bring in a young boy.  She knew he was hurt so she rushed to help him; she was relieved to find thatthe boy had broken anything.carefully set the finger and gave him a sedative.  Then she called his parents and told them not to worry.  Karen was happy to see that the boy had fallen asleep.  She went out to the lobby and waited for the parents, knowing she would have a long wait.  The parents had told her that the drive was an hour long.  Karen sat back in a chair and hoped no more people would come in while she waited.  She was tired of treating people hurt in otherwise preventable accidents.  Karen went back to check on the boy and was glad to see that he was still sleeping.  Then she went to the kitchen to get a cup of coffee.  When she returned, the boy was awake, and asked the boy had asked for anything.Karen brought him a game and told him topress the buzzer if he needed anything.  Then she went out and started to cleanup the emergency room.  She wanted tostraighten things up before she went off duty.Just before she left, the boy's parentsarrived and Karen told them that everythingwas fine.  They wanted to know whether3her for a game to play while he waited.  ",2.txt,1.0,"The generated answer 'The boy had broken a finger' accurately contains the factual information 'finger', matching the provided correct answer.",True,finger
study3,D,2,02,2,2,What had the boy asked for?,The boy had asked Karen for a game.,"The Patient's RequestKaren had been working in the emergency room since she had become a nurse several years ago.  She loved working in the emergency room because she found the work interesting and she felt useful.  She especially liked working on Sundays because she could relax.  Unfortunately, Karen had plenty of work this Sunday.  She was just about to take a break when she watched the police bring in a young boy.  She knew he was hurt so she rushed to help him; she was relieved to find thatthe boy had broken anything.carefully set the finger and gave him a sedative.  Then she called his parents and told them not to worry.  Karen was happy to see that the boy had fallen asleep.  She went out to the lobby and waited for the parents, knowing she would have a long wait.  The parents had told her that the drive was an hour long.  Karen sat back in a chair and hoped no more people would come in while she waited.  She was tired of treating people hurt in otherwise preventable accidents.  Karen went back to check on the boy and was glad to see that he was still sleeping.  Then she went to the kitchen to get a cup of coffee.  When she returned, the boy was awake, and asked the boy had asked for anything.Karen brought him a game and told him topress the buzzer if he needed anything.  Then she went out and started to cleanup the emergency room.  She wanted tostraighten things up before she went off duty.Just before she left, the boy's parentsarrived and Karen told them that everythingwas fine.  They wanted to know whether3her for a game to play while he waited.  ",2.txt,1.0,"The generated answer 'The boy had asked Karen for a game' accurately contains the factual information 'game', matching the provided correct answer.",True,game
study3,A,3,03,1,1,What did the famous actress give Nora?,The actress gave Nora a ticket to see her show.,"The Unusual TipNora had been living in New York for two years while she waited for her big break as an actress.  During the day she attended acting classes and auditions, and at night she was a waitress in a small restaurant just off Broadway.  One night several cast members from the show in the theater down the street came in for dinner.  Nora recognized one of the women as the lead actress.  She worked up enough courage and went over to her.  Nora told her that she too was an actress and that she was a great admirer of hers.  The woman thanked Nora and promptly gave what the famous actress had given her.the ticket into her pocket and went off to fill their orders.  Nora noticed that the restaurant filled up with customers quickly and before long, she had a line of people waiting for tables.  Nora was already tired from being in class all day but she still enjoyed her job.  Not only did it provide her with a little money, but it also gave her a chance to meet some famous people.  Nora realized that getting acting jobs was difficult without making connections, so she needed to meet all the famous people that she could.  Eventually, Nora saw that the restaurant was beginning to quiet down and she started cleaning some of the tables.She started stacking plates on a cartto carry to the kitchen.  While shewhat she had found under the plates.stuck under some plates.  She placedthe wallet in the lost-and-found boxand returned to her work. After therestaurant closed, Nora sat and had a cupof coffee.  She was tired and glad shecould finally sit.  Nora had been workingfor eight hours and she needed a break.Another waitress joined Nora and asked her3her a ticket to her show.  Nora slipped ",3.txt,1.0,"The generated answer, ""The actress gave Nora a ticket to see her show,"" includes the core correct item, ""ticket,"" which matches the specified correct answer.",True,ticket
study3,A,3,03,2,2,What did Nora find under the plates?,She found a wallet.,"The Unusual TipNora had been living in New York for two years while she waited for her big break as an actress.  During the day she attended acting classes and auditions, and at night she was a waitress in a small restaurant just off Broadway.  One night several cast members from the show in the theater down the street came in for dinner.  Nora recognized one of the women as the lead actress.  She worked up enough courage and went over to her.  Nora told her that she too was an actress and that she was a great admirer of hers.  The woman thanked Nora and promptly gave what the famous actress had given her.the ticket into her pocket and went off to fill their orders.  Nora noticed that the restaurant filled up with customers quickly and before long, she had a line of people waiting for tables.  Nora was already tired from being in class all day but she still enjoyed her job.  Not only did it provide her with a little money, but it also gave her a chance to meet some famous people.  Nora realized that getting acting jobs was difficult without making connections, so she needed to meet all the famous people that she could.  Eventually, Nora saw that the restaurant was beginning to quiet down and she started cleaning some of the tables.She started stacking plates on a cartto carry to the kitchen.  While shewhat she had found under the plates.stuck under some plates.  She placedthe wallet in the lost-and-found boxand returned to her work. After therestaurant closed, Nora sat and had a cupof coffee.  She was tired and glad shecould finally sit.  Nora had been workingfor eight hours and she needed a break.Another waitress joined Nora and asked her3her a ticket to her show.  Nora slipped ",3.txt,1.0,"The generated answer, ""She found a wallet,"" clearly provides the correct key item, ""wallet.""",True,wallet
study3,B,3,03,1,1,What did the famous actress give Nora?,The actress gave Nora a dollar.,"The Unusual TipNora had been living in New York for two years while she waited for her big break as an actress.  During the day she attended acting classes and auditions, and at night she was a waitress in a small restaurant just off Broadway.  One night several cast members from the show in the theater down the street came in for dinner.  Nora recognized one of the women as the lead actress.  She worked up enough courage and went over to her.  Nora told her that she too was an actress and that she was a great admirer of hers.  The woman thanked Nora and promptly gave what the famous actress had given her.the ticket into her pocket and went off to fill their orders.  Nora noticed that the restaurant filled up with customers quickly and before long, she had a line of people waiting for tables.  Nora was already tired from being in class all day but she still enjoyed her job.  Not only did it provide her with a little money, but it also gave her a chance to meet some famous people.  Nora realized that getting acting jobs was difficult without making connections, so she needed to meet all the famous people that she could.  Eventually, Nora saw that the restaurant was beginning to quiet down and she started cleaning some of the tables.She started stacking plates on a cartto carry to the kitchen.  While shewhat she had found under the plates.stuck under some plates.  She placedthe wallet in the lost-and-found boxand returned to her work. After therestaurant closed, Nora sat and had a cupof coffee.  She was tired and glad shecould finally sit.  Nora had been workingfor eight hours and she needed a break.Another waitress joined Nora and asked her3was cleaning tables, Nora found a wallet ",3.txt,0.0,"The generated answer 'The actress gave Nora a dollar' is incorrect because it does not match the correct answer, which is 'ticket'.",False,ticket
study3,B,3,03,2,2,What did Nora find under the plates?,She found a wallet.,"The Unusual TipNora had been living in New York for two years while she waited for her big break as an actress.  During the day she attended acting classes and auditions, and at night she was a waitress in a small restaurant just off Broadway.  One night several cast members from the show in the theater down the street came in for dinner.  Nora recognized one of the women as the lead actress.  She worked up enough courage and went over to her.  Nora told her that she too was an actress and that she was a great admirer of hers.  The woman thanked Nora and promptly gave what the famous actress had given her.the ticket into her pocket and went off to fill their orders.  Nora noticed that the restaurant filled up with customers quickly and before long, she had a line of people waiting for tables.  Nora was already tired from being in class all day but she still enjoyed her job.  Not only did it provide her with a little money, but it also gave her a chance to meet some famous people.  Nora realized that getting acting jobs was difficult without making connections, so she needed to meet all the famous people that she could.  Eventually, Nora saw that the restaurant was beginning to quiet down and she started cleaning some of the tables.She started stacking plates on a cartto carry to the kitchen.  While shewhat she had found under the plates.stuck under some plates.  She placedthe wallet in the lost-and-found boxand returned to her work. After therestaurant closed, Nora sat and had a cupof coffee.  She was tired and glad shecould finally sit.  Nora had been workingfor eight hours and she needed a break.Another waitress joined Nora and asked her3was cleaning tables, Nora found a wallet ",3.txt,1.0,The generated answer 'She found a wallet' accurately matches the correct answer 'wallet'.,True,wallet
study3,C,3,03,1,1,What did the famous actress give Nora?,The lost wallet containing $100.,"The Forgotten ItemNora had been living in New York for two years while she waited for her big break as an actress.  During the day she attended acting classes and auditions, and at night she was a waitress in a small restaurant just off Broadway.  One night several cast members from the show in the theater down the street came in for dinner.  Nora recognized one of the women as the lead actress.  She worked up enough courage and went over to her.  Nora told her that she too was an actress and that she was a great admirer of hers.  The woman thanked Nora and promptly gave what the famous actress had given her.the ticket into her pocket and went off to fill their orders.  Nora noticed that the restaurant filled up with customers quickly and before long, she had a line of people waiting for tables.  Nora was already tired from being in class all day but she still enjoyed her job.  Not only did it provide her with a little money, but it also gave her a chance to meet some famous people.  Nora realized that getting acting jobs was difficult without making connections, so she needed to meet all the famous people that she could.  Eventually, Nora saw that the restaurant was beginning to quiet down and she started cleaning some of the tables.She started stacking plates on a cartto carry to the kitchen.  While shewhat she had found under the plates.stuck under some plates.  She placedthe wallet in the lost-and-found boxand returned to her work. After therestaurant closed, Nora sat and had a cupof coffee.  She was tired and glad shecould finally sit.  Nora had been workingfor eight hours and she needed a break.Another waitress joined Nora and asked her3her a ticket to her show.  Nora slipped ",3.txt,0.0,The generated answer 'The lost wallet containing $100' is incorrect. The correct answer specifies that the famous actress gave Nora a 'ticket'.,False,ticket
study3,C,3,03,2,2,What did Nora find under the plates?,Nothing.,"The Forgotten ItemNora had been living in New York for two years while she waited for her big break as an actress.  During the day she attended acting classes and auditions, and at night she was a waitress in a small restaurant just off Broadway.  One night several cast members from the show in the theater down the street came in for dinner.  Nora recognized one of the women as the lead actress.  She worked up enough courage and went over to her.  Nora told her that she too was an actress and that she was a great admirer of hers.  The woman thanked Nora and promptly gave what the famous actress had given her.the ticket into her pocket and went off to fill their orders.  Nora noticed that the restaurant filled up with customers quickly and before long, she had a line of people waiting for tables.  Nora was already tired from being in class all day but she still enjoyed her job.  Not only did it provide her with a little money, but it also gave her a chance to meet some famous people.  Nora realized that getting acting jobs was difficult without making connections, so she needed to meet all the famous people that she could.  Eventually, Nora saw that the restaurant was beginning to quiet down and she started cleaning some of the tables.She started stacking plates on a cartto carry to the kitchen.  While shewhat she had found under the plates.stuck under some plates.  She placedthe wallet in the lost-and-found boxand returned to her work. After therestaurant closed, Nora sat and had a cupof coffee.  She was tired and glad shecould finally sit.  Nora had been workingfor eight hours and she needed a break.Another waitress joined Nora and asked her3her a ticket to her show.  Nora slipped ",3.txt,0.0,The generated answer 'Nothing' is incorrect. The correct answer indicates that Nora found a 'wallet' under the plates.,False,wallet
study3,D,3,03,1,1,What did the famous actress give Nora?,The actress gave Nora a ticket to a show.,"The Forgotten ItemNora had been living in New York for two years while she waited for her big break as an actress.  During the day she attended acting classes and auditions, and at night she was a waitress in a small restaurant just off Broadway.  One night several cast members from the show in the theater down the street came in for dinner.  Nora recognized one of the women as the lead actress.  She worked up enough courage and went over to her.  Nora told her that she too was an actress and that she was a great admirer of hers.  The woman thanked Nora and promptly gave what the famous actress had given her.the ticket into her pocket and went off to fill their orders.  Nora noticed that the restaurant filled up with customers quickly and before long, she had a line of people waiting for tables.  Nora was already tired from being in class all day but she still enjoyed her job.  Not only did it provide her with a little money, but it also gave her a chance to meet some famous people.  Nora realized that getting acting jobs was difficult without making connections, so she needed to meet all the famous people that she could.  Eventually, Nora saw that the restaurant was beginning to quiet down and she started cleaning some of the tables.She started stacking plates on a cartto carry to the kitchen.  While shewhat she had found under the plates.stuck under some plates.  She placedthe wallet in the lost-and-found boxand returned to her work. After therestaurant closed, Nora sat and had a cupof coffee.  She was tired and glad shecould finally sit.  Nora had been workingfor eight hours and she needed a break.Another waitress joined Nora and asked her3was cleaning tables, Nora found a wallet ",3.txt,1.0,"The generated answer provides the exact correct item (ticket) and elaborates slightly ('to a show'), but the core information matches the target answer.",True,ticket
study3,D,3,03,2,2,What did Nora find under the plates?,Nora found a wallet belonging to a man who had just left the restaurant.,"The Forgotten ItemNora had been living in New York for two years while she waited for her big break as an actress.  During the day she attended acting classes and auditions, and at night she was a waitress in a small restaurant just off Broadway.  One night several cast members from the show in the theater down the street came in for dinner.  Nora recognized one of the women as the lead actress.  She worked up enough courage and went over to her.  Nora told her that she too was an actress and that she was a great admirer of hers.  The woman thanked Nora and promptly gave what the famous actress had given her.the ticket into her pocket and went off to fill their orders.  Nora noticed that the restaurant filled up with customers quickly and before long, she had a line of people waiting for tables.  Nora was already tired from being in class all day but she still enjoyed her job.  Not only did it provide her with a little money, but it also gave her a chance to meet some famous people.  Nora realized that getting acting jobs was difficult without making connections, so she needed to meet all the famous people that she could.  Eventually, Nora saw that the restaurant was beginning to quiet down and she started cleaning some of the tables.She started stacking plates on a cartto carry to the kitchen.  While shewhat she had found under the plates.stuck under some plates.  She placedthe wallet in the lost-and-found boxand returned to her work. After therestaurant closed, Nora sat and had a cupof coffee.  She was tired and glad shecould finally sit.  Nora had been workingfor eight hours and she needed a break.Another waitress joined Nora and asked her3was cleaning tables, Nora found a wallet ",3.txt,1.0,"The generated answer correctly identifies the item Nora found (a wallet), aligning perfectly with the provided correct answer.",True,wallet
study3,A,4,04,1,1,What had been broken in the shop?,"The shop had been broken into, and the expensive vase is the one that was missing.","Shattered GoodsMartha had been working as a sales clerk in a small gift shop for only a few weeks when the manager asked her to take over as the head sales clerk during the day shift.  One morning when she came in, she anything had been broken.had been broken.  Martha figured thatthe night girl had broken and failed to replace the vase because the shop had been very busy lately.  The shop had also been very busy during the day, and it was hard for Martha to take care of all the customers at once.  Martha found that she had to help one customer and then immediately turn to another.  Martha told the manager that she really needed some help during the day because she was probably losing customers since she couldn't help everyone.  The manager agreed with Martha and told her he would try and get some help for her.  Martha wanted to get somebody for the next day.  However, she also knew she should take an inventory before the manager hired somebody.  The shop had many expensive things and Martha wanted to make sure nothing was missing.  While checking theanything had been stolen.was missing.  Martha figured that acustomer must have stolen the watch whilethe shop was busy.  She continued herinventory and was pleased that nothingelse was missing.  By five o'clock,Martha was really tired and glad she wasgoing home.  She put on her coat andheaded for the door.  Just then, themanager called to tell her that he hadjust hired someone.  He also asked her if3found that one of the expensive vases",4.txt,0.0,"Although the word 'vase' is present, the generated answer incorrectly frames the event as a break-in where the vase was 'missing' or stolen, instead of simply identifying the object that had been broken, which is the required correct answer.",False,vase
study3,A,4,04,2,2,What had been stolen from the shop?,The watch.,"Shattered GoodsMartha had been working as a sales clerk in a small gift shop for only a few weeks when the manager asked her to take over as the head sales clerk during the day shift.  One morning when she came in, she anything had been broken.had been broken.  Martha figured thatthe night girl had broken and failed to replace the vase because the shop had been very busy lately.  The shop had also been very busy during the day, and it was hard for Martha to take care of all the customers at once.  Martha found that she had to help one customer and then immediately turn to another.  Martha told the manager that she really needed some help during the day because she was probably losing customers since she couldn't help everyone.  The manager agreed with Martha and told her he would try and get some help for her.  Martha wanted to get somebody for the next day.  However, she also knew she should take an inventory before the manager hired somebody.  The shop had many expensive things and Martha wanted to make sure nothing was missing.  While checking theanything had been stolen.was missing.  Martha figured that acustomer must have stolen the watch whilethe shop was busy.  She continued herinventory and was pleased that nothingelse was missing.  By five o'clock,Martha was really tired and glad she wasgoing home.  She put on her coat andheaded for the door.  Just then, themanager called to tell her that he hadjust hired someone.  He also asked her if3found that one of the expensive vases",4.txt,1.0,The generated answer 'The watch' is a direct and accurate match to the correct answer 'watch'.,True,watch
study3,B,4,04,1,1,What had been broken in the shop?,The watch.,"Shattered GoodsMartha had been working as a sales clerk in a small gift shop for only a few weeks when the manager asked her to take over as the head sales clerk during the day shift.  One morning when she came in, she anything had been broken.had been broken.  Martha figured thatthe night girl had broken and failed to replace the vase because the shop had been very busy lately.  The shop had also been very busy during the day, and it was hard for Martha to take care of all the customers at once.  Martha found that she had to help one customer and then immediately turn to another.  Martha told the manager that she really needed some help during the day because she was probably losing customers since she couldn't help everyone.  The manager agreed with Martha and told her he would try and get some help for her.  Martha wanted to get somebody for the next day.  However, she also knew she should take an inventory before the manager hired somebody.  The shop had many expensive things and Martha wanted to make sure nothing was missing.  While checking theanything had been stolen.was missing.  Martha figured that acustomer must have stolen the watch whilethe shop was busy.  She continued herinventory and was pleased that nothingelse was missing.  By five o'clock,Martha was really tired and glad she wasgoing home.  She put on her coat andheaded for the door.  Just then, themanager called to tell her that he hadjust hired someone.  He also asked her if3display case, she found that a watch",4.txt,0.0,The generated answer incorrectly states 'watch' was broken. The correct answer specifies 'vase'. The answers do not match.,False,vase
study3,B,4,04,2,2,What had been stolen from the shop?,The watch had been stolen.,"Shattered GoodsMartha had been working as a sales clerk in a small gift shop for only a few weeks when the manager asked her to take over as the head sales clerk during the day shift.  One morning when she came in, she anything had been broken.had been broken.  Martha figured thatthe night girl had broken and failed to replace the vase because the shop had been very busy lately.  The shop had also been very busy during the day, and it was hard for Martha to take care of all the customers at once.  Martha found that she had to help one customer and then immediately turn to another.  Martha told the manager that she really needed some help during the day because she was probably losing customers since she couldn't help everyone.  The manager agreed with Martha and told her he would try and get some help for her.  Martha wanted to get somebody for the next day.  However, she also knew she should take an inventory before the manager hired somebody.  The shop had many expensive things and Martha wanted to make sure nothing was missing.  While checking theanything had been stolen.was missing.  Martha figured that acustomer must have stolen the watch whilethe shop was busy.  She continued herinventory and was pleased that nothingelse was missing.  By five o'clock,Martha was really tired and glad she wasgoing home.  She put on her coat andheaded for the door.  Just then, themanager called to tell her that he hadjust hired someone.  He also asked her if3display case, she found that a watch",4.txt,1.0,"The generated answer 'The watch had been stolen' correctly identifies the 'watch' as the stolen item, matching the core element of the correct answer.",True,watch
study3,C,4,04,1,1,What had been broken in the shop?,The watch.,"Pilfered GoodsMartha had been working as a sales clerk in a small gift shop for only a few weeks when the manager asked her to take over as the head sales clerk during the day shift.  One morning when she came in, she anything had been broken.had been broken.  Martha figured thatthe night girl had broken and failed to replace the vase because the shop had been very busy lately.  The shop had also been very busy during the day, and it was hard for Martha to take care of all the customers at once.  Martha found that she had to help one customer and then immediately turn to another.  Martha told the manager that she really needed some help during the day because she was probably losing customers since she couldn't help everyone.  The manager agreed with Martha and told her he would try and get some help for her.  Martha wanted to get somebody for the next day.  However, she also knew she should take an inventory before the manager hired somebody.  The shop had many expensive things and Martha wanted to make sure nothing was missing.  While checking theanything had been stolen.was missing.  Martha figured that acustomer must have stolen the watch whilethe shop was busy.  She continued herinventory and was pleased that nothingelse was missing.  By five o'clock,Martha was really tired and glad she wasgoing home.  She put on her coat andheaded for the door.  Just then, themanager called to tell her that he hadjust hired someone.  He also asked her if3found that one of the expensive vases",4.txt,0.0,The generated answer 'The watch' is incorrect. The correct answer identifies the broken item as a 'vase'.,False,vase
study3,C,4,04,2,2,What had been stolen from the shop?,The watch.,"Pilfered GoodsMartha had been working as a sales clerk in a small gift shop for only a few weeks when the manager asked her to take over as the head sales clerk during the day shift.  One morning when she came in, she anything had been broken.had been broken.  Martha figured thatthe night girl had broken and failed to replace the vase because the shop had been very busy lately.  The shop had also been very busy during the day, and it was hard for Martha to take care of all the customers at once.  Martha found that she had to help one customer and then immediately turn to another.  Martha told the manager that she really needed some help during the day because she was probably losing customers since she couldn't help everyone.  The manager agreed with Martha and told her he would try and get some help for her.  Martha wanted to get somebody for the next day.  However, she also knew she should take an inventory before the manager hired somebody.  The shop had many expensive things and Martha wanted to make sure nothing was missing.  While checking theanything had been stolen.was missing.  Martha figured that acustomer must have stolen the watch whilethe shop was busy.  She continued herinventory and was pleased that nothingelse was missing.  By five o'clock,Martha was really tired and glad she wasgoing home.  She put on her coat andheaded for the door.  Just then, themanager called to tell her that he hadjust hired someone.  He also asked her if3found that one of the expensive vases",4.txt,1.0,The generated answer 'The watch' correctly matches the expected answer 'watch'.,True,watch
study3,D,4,04,1,1,What had been broken in the shop?,The watch,"Pilfered GoodsMartha had been working as a sales clerk in a small gift shop for only a few weeks when the manager asked her to take over as the head sales clerk during the day shift.  One morning when she came in, she anything had been broken.had been broken.  Martha figured thatthe night girl had broken and failed to replace the vase because the shop had been very busy lately.  The shop had also been very busy during the day, and it was hard for Martha to take care of all the customers at once.  Martha found that she had to help one customer and then immediately turn to another.  Martha told the manager that she really needed some help during the day because she was probably losing customers since she couldn't help everyone.  The manager agreed with Martha and told her he would try and get some help for her.  Martha wanted to get somebody for the next day.  However, she also knew she should take an inventory before the manager hired somebody.  The shop had many expensive things and Martha wanted to make sure nothing was missing.  While checking theanything had been stolen.was missing.  Martha figured that acustomer must have stolen the watch whilethe shop was busy.  She continued herinventory and was pleased that nothingelse was missing.  By five o'clock,Martha was really tired and glad she wasgoing home.  She put on her coat andheaded for the door.  Just then, themanager called to tell her that he hadjust hired someone.  He also asked her if3display case, she found that a watch",4.txt,0.0,The generated answer 'The watch' does not match the correct answer 'vase'. The passage confirms the vase was the item broken.,False,vase
study3,D,4,04,2,2,What had been stolen from the shop?,The manager had been missing a watch.,"Pilfered GoodsMartha had been working as a sales clerk in a small gift shop for only a few weeks when the manager asked her to take over as the head sales clerk during the day shift.  One morning when she came in, she anything had been broken.had been broken.  Martha figured thatthe night girl had broken and failed to replace the vase because the shop had been very busy lately.  The shop had also been very busy during the day, and it was hard for Martha to take care of all the customers at once.  Martha found that she had to help one customer and then immediately turn to another.  Martha told the manager that she really needed some help during the day because she was probably losing customers since she couldn't help everyone.  The manager agreed with Martha and told her he would try and get some help for her.  Martha wanted to get somebody for the next day.  However, she also knew she should take an inventory before the manager hired somebody.  The shop had many expensive things and Martha wanted to make sure nothing was missing.  While checking theanything had been stolen.was missing.  Martha figured that acustomer must have stolen the watch whilethe shop was busy.  She continued herinventory and was pleased that nothingelse was missing.  By five o'clock,Martha was really tired and glad she wasgoing home.  She put on her coat andheaded for the door.  Just then, themanager called to tell her that he hadjust hired someone.  He also asked her if3display case, she found that a watch",4.txt,1.0,"The generated answer identifies 'watch' as the item stolen, which correctly matches the essential information in the correct answer.",True,watch
study3,A,5,05,1,1,What was Max's passenger carrying?,A briefcase.,"Light LuggageMax had been driving a cab for a long time.  Often he would drive a customer to the airport, about thirty miles away, to catch a plane.  Usually he dreaded these trips because he had to drive all the way back alone and he got pretty bored.  This time he was called to pick up a man at a nearby hotel and drive him to the airport.  When he saw him, he was encouraged because the man was wearing an expensive suit and Max thought he would get a good tip.  The man carried only had been carrying anything.happy because he didn't have to load the briefcase or anything else in the trunk.  Max tried to start a conversation with him but the man didn't answer any of his questions so Max gave up and concentrated on his driving.  He knew this trip by heart since he had made it so many times.  Max turned on the radio to pass the time but the man became angry and told Max to shut it off.  Max thought that if the man was angry, he wouldn't get a tip so he shut the radio off quickly.  Max noticed the traffic was especially heavy and he couldn't wait to get out of the city.  He decided to take a short cut and beat the traffic.  Finally, he reached the airport.  He drove to the terminal and let the fellow off.  The man gave Max a huge tip but never said a word.  Max watched the man whisper something to the had spoken with anyone.Max saw the porter smile and nod his head. Then Max drove back to the stand.  Hewas getting tired and thought he wouldcash out and go home.  While Max wascashing out, an F.B.I. agent came in.He wanted to talk to Max so Max finishedcashing out and sat down.  The agentwanted to know about the man Max had takento the airport.  He asked Max if the man 3a briefcase in his hand, and Max was ",5.txt,1.0,The generated answer 'A briefcase' accurately reflects the correct answer 'briefcase'.,True,briefcase
study3,A,5,05,2,2,Who did Max's passenger speak to?,The man Max had driven to the airport was talking to an F.,"Light LuggageMax had been driving a cab for a long time.  Often he would drive a customer to the airport, about thirty miles away, to catch a plane.  Usually he dreaded these trips because he had to drive all the way back alone and he got pretty bored.  This time he was called to pick up a man at a nearby hotel and drive him to the airport.  When he saw him, he was encouraged because the man was wearing an expensive suit and Max thought he would get a good tip.  The man carried only had been carrying anything.happy because he didn't have to load the briefcase or anything else in the trunk.  Max tried to start a conversation with him but the man didn't answer any of his questions so Max gave up and concentrated on his driving.  He knew this trip by heart since he had made it so many times.  Max turned on the radio to pass the time but the man became angry and told Max to shut it off.  Max thought that if the man was angry, he wouldn't get a tip so he shut the radio off quickly.  Max noticed the traffic was especially heavy and he couldn't wait to get out of the city.  He decided to take a short cut and beat the traffic.  Finally, he reached the airport.  He drove to the terminal and let the fellow off.  The man gave Max a huge tip but never said a word.  Max watched the man whisper something to the had spoken with anyone.Max saw the porter smile and nod his head. Then Max drove back to the stand.  Hewas getting tired and thought he wouldcash out and go home.  While Max wascashing out, an F.B.I. agent came in.He wanted to talk to Max so Max finishedcashing out and sat down.  The agentwanted to know about the man Max had takento the airport.  He asked Max if the man 3a briefcase in his hand, and Max was ",5.txt,0.0,The generated answer 'The man Max had driven to the airport was talking to an F' does not match the correct answer 'porter'. The generated answer is incorrect and possibly incomplete.,False,porter
study3,B,5,05,1,1,What was Max's passenger carrying?,Max's passenger was carrying a briefcase.,"Light LuggageMax had been driving a cab for a long time.  Often he would drive a customer to the airport, about thirty miles away, to catch a plane.  Usually he dreaded these trips because he had to drive all the way back alone and he got pretty bored.  This time he was called to pick up a man at a nearby hotel and drive him to the airport.  When he saw him, he was encouraged because the man was wearing an expensive suit and Max thought he would get a good tip.  The man carried only had been carrying anything.happy because he didn't have to load the briefcase or anything else in the trunk.  Max tried to start a conversation with him but the man didn't answer any of his questions so Max gave up and concentrated on his driving.  He knew this trip by heart since he had made it so many times.  Max turned on the radio to pass the time but the man became angry and told Max to shut it off.  Max thought that if the man was angry, he wouldn't get a tip so he shut the radio off quickly.  Max noticed the traffic was especially heavy and he couldn't wait to get out of the city.  He decided to take a short cut and beat the traffic.  Finally, he reached the airport.  He drove to the terminal and let the fellow off.  The man gave Max a huge tip but never said a word.  Max watched the man whisper something to the had spoken with anyone.Max saw the porter smile and nod his head. Then Max drove back to the stand.  Hewas getting tired and thought he wouldcash out and go home.  While Max wascashing out, an F.B.I. agent came in.He wanted to talk to Max so Max finishedcashing out and sat down.  The agentwanted to know about the man Max had takento the airport.  He asked Max if the man 3porter as he entered the airport.",5.txt,1.0,"The generated answer states that Max's passenger was carrying a 'briefcase,' which is a direct match to the correct answer.",True,briefcase
study3,B,5,05,2,2,Who did Max's passenger speak to?,The porter.,"Light LuggageMax had been driving a cab for a long time.  Often he would drive a customer to the airport, about thirty miles away, to catch a plane.  Usually he dreaded these trips because he had to drive all the way back alone and he got pretty bored.  This time he was called to pick up a man at a nearby hotel and drive him to the airport.  When he saw him, he was encouraged because the man was wearing an expensive suit and Max thought he would get a good tip.  The man carried only had been carrying anything.happy because he didn't have to load the briefcase or anything else in the trunk.  Max tried to start a conversation with him but the man didn't answer any of his questions so Max gave up and concentrated on his driving.  He knew this trip by heart since he had made it so many times.  Max turned on the radio to pass the time but the man became angry and told Max to shut it off.  Max thought that if the man was angry, he wouldn't get a tip so he shut the radio off quickly.  Max noticed the traffic was especially heavy and he couldn't wait to get out of the city.  He decided to take a short cut and beat the traffic.  Finally, he reached the airport.  He drove to the terminal and let the fellow off.  The man gave Max a huge tip but never said a word.  Max watched the man whisper something to the had spoken with anyone.Max saw the porter smile and nod his head. Then Max drove back to the stand.  Hewas getting tired and thought he wouldcash out and go home.  While Max wascashing out, an F.B.I. agent came in.He wanted to talk to Max so Max finishedcashing out and sat down.  The agentwanted to know about the man Max had takento the airport.  He asked Max if the man 3porter as he entered the airport.",5.txt,1.0,"The generated answer 'The porter' correctly identifies the person spoken to, matching the core information of the correct answer, 'porter.'",True,porter
study3,C,5,05,1,1,What was Max's passenger carrying?,A briefcase.,"The Mysterious ConfidantMax had been driving a cab for a long time.  Often he would drive a customer to the airport, about thirty miles away, to catch a plane.  Usually he dreaded these trips because he had to drive all the way back alone and he got pretty bored.  This time he was called to pick up a man at a nearby hotel and drive him to the airport.  When he saw him, he was encouraged because the man was wearing an expensive suit and Max thought he would get a good tip.  The man carried only had been carrying anything.happy because he didn't have to load the briefcase or anything else in the trunk.  Max tried to start a conversation with him but the man didn't answer any of his questions so Max gave up and concentrated on his driving.  He knew this trip by heart since he had made it so many times.  Max turned on the radio to pass the time but the man became angry and told Max to shut it off.  Max thought that if the man was angry, he wouldn't get a tip so he shut the radio off quickly.  Max noticed the traffic was especially heavy and he couldn't wait to get out of the city.  He decided to take a short cut and beat the traffic.  Finally, he reached the airport.  He drove to the terminal and let the fellow off.  The man gave Max a huge tip but never said a word.  Max watched the man whisper something to the had spoken with anyone.Max saw the porter smile and nod his head. Then Max drove back to the stand.  Hewas getting tired and thought he wouldcash out and go home.  While Max wascashing out, an F.B.I. agent came in.He wanted to talk to Max so Max finishedcashing out and sat down.  The agentwanted to know about the man Max had takento the airport.  He asked Max if the man 3a briefcase in his hand, and Max was ",5.txt,1.0,"The generated answer 'A briefcase' accurately identifies the item being carried, matching the core concept of the correct answer 'briefcase'. The addition of the article 'A' does not change the factual correctness.",True,briefcase
study3,C,5,05,2,2,Who did Max's passenger speak to?,The porter.,"The Mysterious ConfidantMax had been driving a cab for a long time.  Often he would drive a customer to the airport, about thirty miles away, to catch a plane.  Usually he dreaded these trips because he had to drive all the way back alone and he got pretty bored.  This time he was called to pick up a man at a nearby hotel and drive him to the airport.  When he saw him, he was encouraged because the man was wearing an expensive suit and Max thought he would get a good tip.  The man carried only had been carrying anything.happy because he didn't have to load the briefcase or anything else in the trunk.  Max tried to start a conversation with him but the man didn't answer any of his questions so Max gave up and concentrated on his driving.  He knew this trip by heart since he had made it so many times.  Max turned on the radio to pass the time but the man became angry and told Max to shut it off.  Max thought that if the man was angry, he wouldn't get a tip so he shut the radio off quickly.  Max noticed the traffic was especially heavy and he couldn't wait to get out of the city.  He decided to take a short cut and beat the traffic.  Finally, he reached the airport.  He drove to the terminal and let the fellow off.  The man gave Max a huge tip but never said a word.  Max watched the man whisper something to the had spoken with anyone.Max saw the porter smile and nod his head. Then Max drove back to the stand.  Hewas getting tired and thought he wouldcash out and go home.  While Max wascashing out, an F.B.I. agent came in.He wanted to talk to Max so Max finishedcashing out and sat down.  The agentwanted to know about the man Max had takento the airport.  He asked Max if the man 3a briefcase in his hand, and Max was ",5.txt,1.0,"The generated answer 'The porter' accurately identifies the person Max's passenger spoke to, matching the core concept of the correct answer 'porter'. The addition of the article 'The' does not change the factual correctness.",True,porter
study3,D,5,05,1,1,What was Max's passenger carrying?,nan,"The Mysterious ConfidantMax had been driving a cab for a long time.  Often he would drive a customer to the airport, about thirty miles away, to catch a plane.  Usually he dreaded these trips because he had to drive all the way back alone and he got pretty bored.  This time he was called to pick up a man at a nearby hotel and drive him to the airport.  When he saw him, he was encouraged because the man was wearing an expensive suit and Max thought he would get a good tip.  The man carried only had been carrying anything.happy because he didn't have to load the briefcase or anything else in the trunk.  Max tried to start a conversation with him but the man didn't answer any of his questions so Max gave up and concentrated on his driving.  He knew this trip by heart since he had made it so many times.  Max turned on the radio to pass the time but the man became angry and told Max to shut it off.  Max thought that if the man was angry, he wouldn't get a tip so he shut the radio off quickly.  Max noticed the traffic was especially heavy and he couldn't wait to get out of the city.  He decided to take a short cut and beat the traffic.  Finally, he reached the airport.  He drove to the terminal and let the fellow off.  The man gave Max a huge tip but never said a word.  Max watched the man whisper something to the had spoken with anyone.Max saw the porter smile and nod his head. Then Max drove back to the stand.  Hewas getting tired and thought he wouldcash out and go home.  While Max wascashing out, an F.B.I. agent came in.He wanted to talk to Max so Max finishedcashing out and sat down.  The agentwanted to know about the man Max had takento the airport.  He asked Max if the man 3porter as he entered the airport.",5.txt,0.0,"The generated answer is 'nan' (null/missing) and does not match the correct answer, 'briefcase'.",False,briefcase
study3,D,5,05,2,2,Who did Max's passenger speak to?,The porter,"The Mysterious ConfidantMax had been driving a cab for a long time.  Often he would drive a customer to the airport, about thirty miles away, to catch a plane.  Usually he dreaded these trips because he had to drive all the way back alone and he got pretty bored.  This time he was called to pick up a man at a nearby hotel and drive him to the airport.  When he saw him, he was encouraged because the man was wearing an expensive suit and Max thought he would get a good tip.  The man carried only had been carrying anything.happy because he didn't have to load the briefcase or anything else in the trunk.  Max tried to start a conversation with him but the man didn't answer any of his questions so Max gave up and concentrated on his driving.  He knew this trip by heart since he had made it so many times.  Max turned on the radio to pass the time but the man became angry and told Max to shut it off.  Max thought that if the man was angry, he wouldn't get a tip so he shut the radio off quickly.  Max noticed the traffic was especially heavy and he couldn't wait to get out of the city.  He decided to take a short cut and beat the traffic.  Finally, he reached the airport.  He drove to the terminal and let the fellow off.  The man gave Max a huge tip but never said a word.  Max watched the man whisper something to the had spoken with anyone.Max saw the porter smile and nod his head. Then Max drove back to the stand.  Hewas getting tired and thought he wouldcash out and go home.  While Max wascashing out, an F.B.I. agent came in.He wanted to talk to Max so Max finishedcashing out and sat down.  The agentwanted to know about the man Max had takento the airport.  He asked Max if the man 3porter as he entered the airport.",5.txt,1.0,The generated answer 'The porter' is semantically identical to the correct answer 'porter'.,True,porter
study3,A,6,06,1,1,What did Nancy forget at home?,Nancy forgot the microwave.,"The Overlooked ApplianceNancy had lived in a dormitory for three years and wanted to live in an apartment for her last year at college.  Early in the summer, she found an apartment and agreed to move in before school started.  In the fall, Nancy borrowed her father's car, packed her belongings and headed for the apartment.  During the ride, she realized that she had forgotten her what she had forgotten at home.to go back and get the microwave.  Nancy was excited about her new apartment and couldn't wait to move in.  She also liked the area and thought she might live there permanently. As she continued to drive, Nancy noticed that the streets were beginning to become familiar.  Nancy decided to stop in town and get some things for the apartment before unpacking.  She knew she would need some cleaners because the apartment had looked dirty.  She had just reached the center of town when a car in front of her came to a sudden stop.  Nancy slammed on her brakes and as she did, everything in the car went flying.  Nancy pulled over and looked in the back of the car.  She was what had spilled in the car.spilled. She hoped that she would be ableto clean up all of the perfume.  By thetime she got to the apartment, herroommate was already there and unpacked.Nancy was glad to see that her roommatehad already cleaned the apartment.  As shehelped Nancy unload the car, she asked her3microwave.  However, she decided not ",6.txt,1.0,"The generated answer correctly identifies the forgotten item as the 'microwave', matching the essential information provided in the correct answer.",True,microwave
study3,A,6,06,2,2,What had spilled in the car?,perfume,"The Overlooked ApplianceNancy had lived in a dormitory for three years and wanted to live in an apartment for her last year at college.  Early in the summer, she found an apartment and agreed to move in before school started.  In the fall, Nancy borrowed her father's car, packed her belongings and headed for the apartment.  During the ride, she realized that she had forgotten her what she had forgotten at home.to go back and get the microwave.  Nancy was excited about her new apartment and couldn't wait to move in.  She also liked the area and thought she might live there permanently. As she continued to drive, Nancy noticed that the streets were beginning to become familiar.  Nancy decided to stop in town and get some things for the apartment before unpacking.  She knew she would need some cleaners because the apartment had looked dirty.  She had just reached the center of town when a car in front of her came to a sudden stop.  Nancy slammed on her brakes and as she did, everything in the car went flying.  Nancy pulled over and looked in the back of the car.  She was what had spilled in the car.spilled. She hoped that she would be ableto clean up all of the perfume.  By thetime she got to the apartment, herroommate was already there and unpacked.Nancy was glad to see that her roommatehad already cleaned the apartment.  As shehelped Nancy unload the car, she asked her3microwave.  However, she decided not ",6.txt,1.0,The generated answer is an exact match for the correct answer ('perfume').,True,perfume
study3,B,6,06,1,1,What did Nancy forget at home?,Nancy forgot her microwave.,"The Overlooked ApplianceNancy had lived in a dormitory for three years and wanted to live in an apartment for her last year at college.  Early in the summer, she found an apartment and agreed to move in before school started.  In the fall, Nancy borrowed her father's car, packed her belongings and headed for the apartment.  During the ride, she realized that she had forgotten her what she had forgotten at home.to go back and get the microwave.  Nancy was excited about her new apartment and couldn't wait to move in.  She also liked the area and thought she might live there permanently. As she continued to drive, Nancy noticed that the streets were beginning to become familiar.  Nancy decided to stop in town and get some things for the apartment before unpacking.  She knew she would need some cleaners because the apartment had looked dirty.  She had just reached the center of town when a car in front of her came to a sudden stop.  Nancy slammed on her brakes and as she did, everything in the car went flying.  Nancy pulled over and looked in the back of the car.  She was what had spilled in the car.spilled. She hoped that she would be ableto clean up all of the perfume.  By thetime she got to the apartment, herroommate was already there and unpacked.Nancy was glad to see that her roommatehad already cleaned the apartment.  As shehelped Nancy unload the car, she asked her3disappointed to see that her perfume had",6.txt,1.0,"The generated answer, 'Nancy forgot her microwave,' accurately identifies the item 'microwave,' which matches the correct answer precisely.",True,microwave
study3,B,6,06,2,2,What had spilled in the car?,The perfume,"The Overlooked ApplianceNancy had lived in a dormitory for three years and wanted to live in an apartment for her last year at college.  Early in the summer, she found an apartment and agreed to move in before school started.  In the fall, Nancy borrowed her father's car, packed her belongings and headed for the apartment.  During the ride, she realized that she had forgotten her what she had forgotten at home.to go back and get the microwave.  Nancy was excited about her new apartment and couldn't wait to move in.  She also liked the area and thought she might live there permanently. As she continued to drive, Nancy noticed that the streets were beginning to become familiar.  Nancy decided to stop in town and get some things for the apartment before unpacking.  She knew she would need some cleaners because the apartment had looked dirty.  She had just reached the center of town when a car in front of her came to a sudden stop.  Nancy slammed on her brakes and as she did, everything in the car went flying.  Nancy pulled over and looked in the back of the car.  She was what had spilled in the car.spilled. She hoped that she would be ableto clean up all of the perfume.  By thetime she got to the apartment, herroommate was already there and unpacked.Nancy was glad to see that her roommatehad already cleaned the apartment.  As shehelped Nancy unload the car, she asked her3disappointed to see that her perfume had",6.txt,1.0,"The generated answer, 'The perfume,' identifies the substance 'perfume,' which matches the core information of the correct answer.",True,perfume
study3,C,6,06,1,1,What did Nancy forget at home?,Nancy forgot her microwave.,"The Accidental ScentNancy had lived in a dormitory for three years and wanted to live in an apartment for her last year at college.  Early in the summer, she found an apartment and agreed to move in before school started.  In the fall, Nancy borrowed her father's car, packed her belongings and headed for the apartment.  During the ride, she realized that she had forgotten her what she had forgotten at home.to go back and get the microwave.  Nancy was excited about her new apartment and couldn't wait to move in.  She also liked the area and thought she might live there permanently. As she continued to drive, Nancy noticed that the streets were beginning to become familiar.  Nancy decided to stop in town and get some things for the apartment before unpacking.  She knew she would need some cleaners because the apartment had looked dirty.  She had just reached the center of town when a car in front of her came to a sudden stop.  Nancy slammed on her brakes and as she did, everything in the car went flying.  Nancy pulled over and looked in the back of the car.  She was what had spilled in the car.spilled. She hoped that she would be ableto clean up all of the perfume.  By thetime she got to the apartment, herroommate was already there and unpacked.Nancy was glad to see that her roommatehad already cleaned the apartment.  As shehelped Nancy unload the car, she asked her3microwave.  However, she decided not ",6.txt,1.0,"The generated answer correctly identifies the item Nancy forgot (microwave), matching the core fact of the correct answer. The added sentence structure does not detract from accuracy.",True,microwave
study3,C,6,06,2,2,What had spilled in the car?,Perfume.,"The Accidental ScentNancy had lived in a dormitory for three years and wanted to live in an apartment for her last year at college.  Early in the summer, she found an apartment and agreed to move in before school started.  In the fall, Nancy borrowed her father's car, packed her belongings and headed for the apartment.  During the ride, she realized that she had forgotten her what she had forgotten at home.to go back and get the microwave.  Nancy was excited about her new apartment and couldn't wait to move in.  She also liked the area and thought she might live there permanently. As she continued to drive, Nancy noticed that the streets were beginning to become familiar.  Nancy decided to stop in town and get some things for the apartment before unpacking.  She knew she would need some cleaners because the apartment had looked dirty.  She had just reached the center of town when a car in front of her came to a sudden stop.  Nancy slammed on her brakes and as she did, everything in the car went flying.  Nancy pulled over and looked in the back of the car.  She was what had spilled in the car.spilled. She hoped that she would be ableto clean up all of the perfume.  By thetime she got to the apartment, herroommate was already there and unpacked.Nancy was glad to see that her roommatehad already cleaned the apartment.  As shehelped Nancy unload the car, she asked her3microwave.  However, she decided not ",6.txt,1.0,The generated answer 'Perfume' is a direct and accurate match to the correct answer 'perfume'.,True,perfume
study3,D,6,06,1,1,What did Nancy forget at home?,Nancy forgot her perfume at home.,"The Accidental ScentNancy had lived in a dormitory for three years and wanted to live in an apartment for her last year at college.  Early in the summer, she found an apartment and agreed to move in before school started.  In the fall, Nancy borrowed her father's car, packed her belongings and headed for the apartment.  During the ride, she realized that she had forgotten her what she had forgotten at home.to go back and get the microwave.  Nancy was excited about her new apartment and couldn't wait to move in.  She also liked the area and thought she might live there permanently. As she continued to drive, Nancy noticed that the streets were beginning to become familiar.  Nancy decided to stop in town and get some things for the apartment before unpacking.  She knew she would need some cleaners because the apartment had looked dirty.  She had just reached the center of town when a car in front of her came to a sudden stop.  Nancy slammed on her brakes and as she did, everything in the car went flying.  Nancy pulled over and looked in the back of the car.  She was what had spilled in the car.spilled. She hoped that she would be ableto clean up all of the perfume.  By thetime she got to the apartment, herroommate was already there and unpacked.Nancy was glad to see that her roommatehad already cleaned the apartment.  As shehelped Nancy unload the car, she asked her3disappointed to see that her perfume had",6.txt,0.0,"The generated answer identifies the forgotten item as 'perfume,' while the correct answer is 'microwave.' The answers do not match.",False,microwave
study3,D,6,06,2,2,What had spilled in the car?,Nancy spilled her perfume in the car.,"The Accidental ScentNancy had lived in a dormitory for three years and wanted to live in an apartment for her last year at college.  Early in the summer, she found an apartment and agreed to move in before school started.  In the fall, Nancy borrowed her father's car, packed her belongings and headed for the apartment.  During the ride, she realized that she had forgotten her what she had forgotten at home.to go back and get the microwave.  Nancy was excited about her new apartment and couldn't wait to move in.  She also liked the area and thought she might live there permanently. As she continued to drive, Nancy noticed that the streets were beginning to become familiar.  Nancy decided to stop in town and get some things for the apartment before unpacking.  She knew she would need some cleaners because the apartment had looked dirty.  She had just reached the center of town when a car in front of her came to a sudden stop.  Nancy slammed on her brakes and as she did, everything in the car went flying.  Nancy pulled over and looked in the back of the car.  She was what had spilled in the car.spilled. She hoped that she would be ableto clean up all of the perfume.  By thetime she got to the apartment, herroommate was already there and unpacked.Nancy was glad to see that her roommatehad already cleaned the apartment.  As shehelped Nancy unload the car, she asked her3disappointed to see that her perfume had",6.txt,1.0,"The generated answer correctly identifies the spilled item as 'perfume,' matching the core information in the correct answer.",True,perfume
study3,A,7,07,1,1,What was the rank of the arresting officer?,He was a Captain.,"The Military Muscle ManAs a correspondent for United Press, Mike had often covered revolutions in small third world countries.  Mike was presently working in a very dangerous country.  The country's army had seized power and Mike was covering the story.  He had seen people being arrested off the streets and shot.  Mike was taking pictures of a damaged building when a pair of jeeps came to a screeching halt in front of him.  Several soldiers jumped out and grabbed him.  A small stocky officer walked up to him and informed him that he was under arrest.  Mike noticed the rank of the arresting officer.realized that the situation must be serious.  The army seldom sends a major on a routine arrest.  Mike was handcuffed and thrown into the back of a jeep.  Although Mike asked about the arrest, he wasn't given any answers.  It really didn't matter, he thought, because the American embassy would have him released.  When he arrived at the police station, however, he was thrown in a cell without being allowed to call the embassy.  Now he really began to worry.  If nobody was informed that he was arrested, it could be weeks before anybody found him.  He sat back on his bunk and realized that he was not alone.  He saw an old man who the profession of his cellmate.learned that they were arresting all the bankers for questioning.  Mike was both surprised and relieved when later that day an embassy official had him released.  Mike arrived at the embassy and was broughtimmediately to the ambassador who had somerather unusual questions.  He told Mikethat it was very important that he recall3that the officer was a major and ",7.txt,0.0,"The generated answer identifies the officer's rank as 'Captain,' which conflicts with the correct answer of 'major.'",False,major
study3,A,7,07,2,2,What was the profession of Mike's cellmate?,The profession of Mike's cellmate was a banker.,"The Military Muscle ManAs a correspondent for United Press, Mike had often covered revolutions in small third world countries.  Mike was presently working in a very dangerous country.  The country's army had seized power and Mike was covering the story.  He had seen people being arrested off the streets and shot.  Mike was taking pictures of a damaged building when a pair of jeeps came to a screeching halt in front of him.  Several soldiers jumped out and grabbed him.  A small stocky officer walked up to him and informed him that he was under arrest.  Mike noticed the rank of the arresting officer.realized that the situation must be serious.  The army seldom sends a major on a routine arrest.  Mike was handcuffed and thrown into the back of a jeep.  Although Mike asked about the arrest, he wasn't given any answers.  It really didn't matter, he thought, because the American embassy would have him released.  When he arrived at the police station, however, he was thrown in a cell without being allowed to call the embassy.  Now he really began to worry.  If nobody was informed that he was arrested, it could be weeks before anybody found him.  He sat back on his bunk and realized that he was not alone.  He saw an old man who the profession of his cellmate.learned that they were arresting all the bankers for questioning.  Mike was both surprised and relieved when later that day an embassy official had him released.  Mike arrived at the embassy and was broughtimmediately to the ambassador who had somerather unusual questions.  He told Mikethat it was very important that he recall3that the officer was a major and ",7.txt,1.0,"The generated answer correctly identifies the profession as 'banker,' matching the provided correct answer.",True,banker
study3,B,7,07,1,1,What was the rank of the arresting officer?,The rank of the arresting officer was Major.,"The Military Muscle ManAs a correspondent for United Press, Mike had often covered revolutions in small third world countries.  Mike was presently working in a very dangerous country.  The country's army had seized power and Mike was covering the story.  He had seen people being arrested off the streets and shot.  Mike was taking pictures of a damaged building when a pair of jeeps came to a screeching halt in front of him.  Several soldiers jumped out and grabbed him.  A small stocky officer walked up to him and informed him that he was under arrest.  Mike noticed the rank of the arresting officer.realized that the situation must be serious.  The army seldom sends a major on a routine arrest.  Mike was handcuffed and thrown into the back of a jeep.  Although Mike asked about the arrest, he wasn't given any answers.  It really didn't matter, he thought, because the American embassy would have him released.  When he arrived at the police station, however, he was thrown in a cell without being allowed to call the embassy.  Now he really began to worry.  If nobody was informed that he was arrested, it could be weeks before anybody found him.  He sat back on his bunk and realized that he was not alone.  He saw an old man who the profession of his cellmate.learned that they were arresting all the bankers for questioning.  Mike was both surprised and relieved when later that day an embassy official had him released.  Mike arrived at the embassy and was broughtimmediately to the ambassador who had somerather unusual questions.  He told Mikethat it was very important that he recall3told Mike that he was a banker.  Mike ",7.txt,1.0,"The generated answer, 'Major,' accurately states the rank and matches the provided correct answer ('major').",True,major
study3,B,7,07,2,2,What was the profession of Mike's cellmate?,'The old man',"The Military Muscle ManAs a correspondent for United Press, Mike had often covered revolutions in small third world countries.  Mike was presently working in a very dangerous country.  The country's army had seized power and Mike was covering the story.  He had seen people being arrested off the streets and shot.  Mike was taking pictures of a damaged building when a pair of jeeps came to a screeching halt in front of him.  Several soldiers jumped out and grabbed him.  A small stocky officer walked up to him and informed him that he was under arrest.  Mike noticed the rank of the arresting officer.realized that the situation must be serious.  The army seldom sends a major on a routine arrest.  Mike was handcuffed and thrown into the back of a jeep.  Although Mike asked about the arrest, he wasn't given any answers.  It really didn't matter, he thought, because the American embassy would have him released.  When he arrived at the police station, however, he was thrown in a cell without being allowed to call the embassy.  Now he really began to worry.  If nobody was informed that he was arrested, it could be weeks before anybody found him.  He sat back on his bunk and realized that he was not alone.  He saw an old man who the profession of his cellmate.learned that they were arresting all the bankers for questioning.  Mike was both surprised and relieved when later that day an embassy official had him released.  Mike arrived at the embassy and was broughtimmediately to the ambassador who had somerather unusual questions.  He told Mikethat it was very important that he recall3told Mike that he was a banker.  Mike ",7.txt,0.0,The correct answer requires the profession ('banker'). The generated answer identifies a description of the cellmate ('The old man') but does not provide his profession.,False,banker
study3,C,7,07,1,1,What was the rank of the arresting officer?,Major,"The Unlikely PrisonerAs a correspondent for United Press, Mike had often covered revolutions in small third world countries.  Mike was presently working in a very dangerous country.  The country's army had seized power and Mike was covering the story.  He had seen people being arrested off the streets and shot.  Mike was taking pictures of a damaged building when a pair of jeeps came to a screeching halt in front of him.  Several soldiers jumped out and grabbed him.  A small stocky officer walked up to him and informed him that he was under arrest.  Mike noticed the rank of the arresting officer.realized that the situation must be serious.  The army seldom sends a major on a routine arrest.  Mike was handcuffed and thrown into the back of a jeep.  Although Mike asked about the arrest, he wasn't given any answers.  It really didn't matter, he thought, because the American embassy would have him released.  When he arrived at the police station, however, he was thrown in a cell without being allowed to call the embassy.  Now he really began to worry.  If nobody was informed that he was arrested, it could be weeks before anybody found him.  He sat back on his bunk and realized that he was not alone.  He saw an old man who the profession of his cellmate.learned that they were arresting all the bankers for questioning.  Mike was both surprised and relieved when later that day an embassy official had him released.  Mike arrived at the embassy and was broughtimmediately to the ambassador who had somerather unusual questions.  He told Mikethat it was very important that he recall3that the officer was a major and ",7.txt,1.0,"The generated answer 'Major' is semantically identical to the correct answer 'major', differing only in capitalization.",True,major
study3,C,7,07,2,2,What was the profession of Mike's cellmate?,He was a banker.,"The Unlikely PrisonerAs a correspondent for United Press, Mike had often covered revolutions in small third world countries.  Mike was presently working in a very dangerous country.  The country's army had seized power and Mike was covering the story.  He had seen people being arrested off the streets and shot.  Mike was taking pictures of a damaged building when a pair of jeeps came to a screeching halt in front of him.  Several soldiers jumped out and grabbed him.  A small stocky officer walked up to him and informed him that he was under arrest.  Mike noticed the rank of the arresting officer.realized that the situation must be serious.  The army seldom sends a major on a routine arrest.  Mike was handcuffed and thrown into the back of a jeep.  Although Mike asked about the arrest, he wasn't given any answers.  It really didn't matter, he thought, because the American embassy would have him released.  When he arrived at the police station, however, he was thrown in a cell without being allowed to call the embassy.  Now he really began to worry.  If nobody was informed that he was arrested, it could be weeks before anybody found him.  He sat back on his bunk and realized that he was not alone.  He saw an old man who the profession of his cellmate.learned that they were arresting all the bankers for questioning.  Mike was both surprised and relieved when later that day an embassy official had him released.  Mike arrived at the embassy and was broughtimmediately to the ambassador who had somerather unusual questions.  He told Mikethat it was very important that he recall3that the officer was a major and ",7.txt,1.0,The generated answer 'He was a banker' contains the exact required information 'banker' and is considered a full match.,True,banker
study3,D,7,07,1,1,What was the rank of the arresting officer?,A Major,"The Unlikely PrisonerAs a correspondent for United Press, Mike had often covered revolutions in small third world countries.  Mike was presently working in a very dangerous country.  The country's army had seized power and Mike was covering the story.  He had seen people being arrested off the streets and shot.  Mike was taking pictures of a damaged building when a pair of jeeps came to a screeching halt in front of him.  Several soldiers jumped out and grabbed him.  A small stocky officer walked up to him and informed him that he was under arrest.  Mike noticed the rank of the arresting officer.realized that the situation must be serious.  The army seldom sends a major on a routine arrest.  Mike was handcuffed and thrown into the back of a jeep.  Although Mike asked about the arrest, he wasn't given any answers.  It really didn't matter, he thought, because the American embassy would have him released.  When he arrived at the police station, however, he was thrown in a cell without being allowed to call the embassy.  Now he really began to worry.  If nobody was informed that he was arrested, it could be weeks before anybody found him.  He sat back on his bunk and realized that he was not alone.  He saw an old man who the profession of his cellmate.learned that they were arresting all the bankers for questioning.  Mike was both surprised and relieved when later that day an embassy official had him released.  Mike arrived at the embassy and was broughtimmediately to the ambassador who had somerather unusual questions.  He told Mikethat it was very important that he recall3told Mike that he was a banker.  Mike ",7.txt,1.0,The generated answer 'A Major' correctly identifies the rank. The capitalization and the addition of the indefinite article 'A' are minor stylistic variations that do not change the factual correctness compared to the correct answer 'major'.,True,major
study3,D,7,07,2,2,What was the profession of Mike's cellmate?,Banker.,"The Unlikely PrisonerAs a correspondent for United Press, Mike had often covered revolutions in small third world countries.  Mike was presently working in a very dangerous country.  The country's army had seized power and Mike was covering the story.  He had seen people being arrested off the streets and shot.  Mike was taking pictures of a damaged building when a pair of jeeps came to a screeching halt in front of him.  Several soldiers jumped out and grabbed him.  A small stocky officer walked up to him and informed him that he was under arrest.  Mike noticed the rank of the arresting officer.realized that the situation must be serious.  The army seldom sends a major on a routine arrest.  Mike was handcuffed and thrown into the back of a jeep.  Although Mike asked about the arrest, he wasn't given any answers.  It really didn't matter, he thought, because the American embassy would have him released.  When he arrived at the police station, however, he was thrown in a cell without being allowed to call the embassy.  Now he really began to worry.  If nobody was informed that he was arrested, it could be weeks before anybody found him.  He sat back on his bunk and realized that he was not alone.  He saw an old man who the profession of his cellmate.learned that they were arresting all the bankers for questioning.  Mike was both surprised and relieved when later that day an embassy official had him released.  Mike arrived at the embassy and was broughtimmediately to the ambassador who had somerather unusual questions.  He told Mikethat it was very important that he recall3told Mike that he was a banker.  Mike ",7.txt,1.0,The generated answer 'Banker.' is factually identical to the correct answer 'banker'. The presence of capitalization and a period are minor differences that do not affect the score.,True,banker
study3,A,8,08,1,1,What did Cathy buy for her daughter?,A doll.,"The Little Girl's GiftCathy decided to go Christmas shopping for her family.  She thought that she could find a present for her daughter quickly.  Her daughter was three and Cathy knew what to buy her.  She had seen bought for her daughter.doll, she started to panic. Cathy hadno idea what to get her husband.  Shewondered why she could never find a goodpresent for her husband.  When she got tothe mall it was crowded and she wanted to leave.  She hated shopping when the stores were so crowded.  Cathy went to a clothing store and a sporting goods store but she didn't see anything she wanted to buy for her husband.  As she walked by a pet store, she saw a cute puppy.  At once she decided that the puppy would be perfect for her husband and went in and bought it.  When she left the pet store, she decided to postpone the rest of her shopping until the next day.  While driving home, she passed by a small bought at the bakery.She knew her family would love the pie.  Cathy got back in her car and continued toward her apartment.  Suddenly Cathy realized she couldn't keep the puppy in the apartment because she wanted to surprise her husband.  Cathy went upstairs to her girlfriend's apartment and  asked her friend if she couldleave the puppy there until Christmas.Cathy's friend said yes and invited herinside for coffee.  While they weretalking, her friend asked what she had3an adorable doll.  After she bought the",8.txt,1.0,The generated answer 'A doll' is factually correct and semantically equivalent to the correct answer 'doll'. The inclusion of the article does not invalidate the response.,True,doll
study3,A,8,08,2,2,What did Cathy buy at the bakery?,A Christmas gift for her daughter.,"The Little Girl's GiftCathy decided to go Christmas shopping for her family.  She thought that she could find a present for her daughter quickly.  Her daughter was three and Cathy knew what to buy her.  She had seen bought for her daughter.doll, she started to panic. Cathy hadno idea what to get her husband.  Shewondered why she could never find a goodpresent for her husband.  When she got tothe mall it was crowded and she wanted to leave.  She hated shopping when the stores were so crowded.  Cathy went to a clothing store and a sporting goods store but she didn't see anything she wanted to buy for her husband.  As she walked by a pet store, she saw a cute puppy.  At once she decided that the puppy would be perfect for her husband and went in and bought it.  When she left the pet store, she decided to postpone the rest of her shopping until the next day.  While driving home, she passed by a small bought at the bakery.She knew her family would love the pie.  Cathy got back in her car and continued toward her apartment.  Suddenly Cathy realized she couldn't keep the puppy in the apartment because she wanted to surprise her husband.  Cathy went upstairs to her girlfriend's apartment and  asked her friend if she couldleave the puppy there until Christmas.Cathy's friend said yes and invited herinside for coffee.  While they weretalking, her friend asked what she had3an adorable doll.  After she bought the",8.txt,0.0,The generated answer 'A Christmas gift for her daughter' does not match the correct answer 'pie'. The generated response addresses the gift recipient but not the item purchased at the specific location (bakery).,False,pie
study3,B,8,08,1,1,What did Cathy buy for her daughter?,A dog.,"The Little Girl's GiftCathy decided to go Christmas shopping for her family.  She thought that she could find a present for her daughter quickly.  Her daughter was three and Cathy knew what to buy her.  She had seen bought for her daughter.doll, she started to panic. Cathy hadno idea what to get her husband.  Shewondered why she could never find a goodpresent for her husband.  When she got tothe mall it was crowded and she wanted to leave.  She hated shopping when the stores were so crowded.  Cathy went to a clothing store and a sporting goods store but she didn't see anything she wanted to buy for her husband.  As she walked by a pet store, she saw a cute puppy.  At once she decided that the puppy would be perfect for her husband and went in and bought it.  When she left the pet store, she decided to postpone the rest of her shopping until the next day.  While driving home, she passed by a small bought at the bakery.She knew her family would love the pie.  Cathy got back in her car and continued toward her apartment.  Suddenly Cathy realized she couldn't keep the puppy in the apartment because she wanted to surprise her husband.  Cathy went upstairs to her girlfriend's apartment and  asked her friend if she couldleave the puppy there until Christmas.Cathy's friend said yes and invited herinside for coffee.  While they weretalking, her friend asked what she had3bakery and she decided to buy a pie.  ",8.txt,0.0,"The correct answer is 'doll,' but the generated answer provided is 'A dog.' These answers do not match.",False,doll
study3,B,8,08,2,2,What did Cathy buy at the bakery?,A pie.,"The Little Girl's GiftCathy decided to go Christmas shopping for her family.  She thought that she could find a present for her daughter quickly.  Her daughter was three and Cathy knew what to buy her.  She had seen bought for her daughter.doll, she started to panic. Cathy hadno idea what to get her husband.  Shewondered why she could never find a goodpresent for her husband.  When she got tothe mall it was crowded and she wanted to leave.  She hated shopping when the stores were so crowded.  Cathy went to a clothing store and a sporting goods store but she didn't see anything she wanted to buy for her husband.  As she walked by a pet store, she saw a cute puppy.  At once she decided that the puppy would be perfect for her husband and went in and bought it.  When she left the pet store, she decided to postpone the rest of her shopping until the next day.  While driving home, she passed by a small bought at the bakery.She knew her family would love the pie.  Cathy got back in her car and continued toward her apartment.  Suddenly Cathy realized she couldn't keep the puppy in the apartment because she wanted to surprise her husband.  Cathy went upstairs to her girlfriend's apartment and  asked her friend if she couldleave the puppy there until Christmas.Cathy's friend said yes and invited herinside for coffee.  While they weretalking, her friend asked what she had3bakery and she decided to buy a pie.  ",8.txt,1.0,The generated answer 'A pie' accurately matches the correct answer 'pie.',True,pie
study3,C,8,08,1,1,What did Cathy buy for her daughter?,A doll.,"The Surprise DessertCathy decided to go Christmas shopping for her family.  She thought that she could find a present for her daughter quickly.  Her daughter was three and Cathy knew what to buy her.  She had seen bought for her daughter.doll, she started to panic. Cathy hadno idea what to get her husband.  Shewondered why she could never find a goodpresent for her husband.  When she got tothe mall it was crowded and she wanted to leave.  She hated shopping when the stores were so crowded.  Cathy went to a clothing store and a sporting goods store but she didn't see anything she wanted to buy for her husband.  As she walked by a pet store, she saw a cute puppy.  At once she decided that the puppy would be perfect for her husband and went in and bought it.  When she left the pet store, she decided to postpone the rest of her shopping until the next day.  While driving home, she passed by a small bought at the bakery.She knew her family would love the pie.  Cathy got back in her car and continued toward her apartment.  Suddenly Cathy realized she couldn't keep the puppy in the apartment because she wanted to surprise her husband.  Cathy went upstairs to her girlfriend's apartment and  asked her friend if she couldleave the puppy there until Christmas.Cathy's friend said yes and invited herinside for coffee.  While they weretalking, her friend asked what she had3an adorable doll.  After she bought the",8.txt,1.0,The generated answer 'A doll' is a complete and correct match for the expected answer 'doll'. The inclusion of the article 'A' does not detract from the factual correctness.,True,doll
study3,C,8,08,2,2,What did Cathy buy at the bakery?,She had a surprise for her husband: a sweet pie.,"The Surprise DessertCathy decided to go Christmas shopping for her family.  She thought that she could find a present for her daughter quickly.  Her daughter was three and Cathy knew what to buy her.  She had seen bought for her daughter.doll, she started to panic. Cathy hadno idea what to get her husband.  Shewondered why she could never find a goodpresent for her husband.  When she got tothe mall it was crowded and she wanted to leave.  She hated shopping when the stores were so crowded.  Cathy went to a clothing store and a sporting goods store but she didn't see anything she wanted to buy for her husband.  As she walked by a pet store, she saw a cute puppy.  At once she decided that the puppy would be perfect for her husband and went in and bought it.  When she left the pet store, she decided to postpone the rest of her shopping until the next day.  While driving home, she passed by a small bought at the bakery.She knew her family would love the pie.  Cathy got back in her car and continued toward her apartment.  Suddenly Cathy realized she couldn't keep the puppy in the apartment because she wanted to surprise her husband.  Cathy went upstairs to her girlfriend's apartment and  asked her friend if she couldleave the puppy there until Christmas.Cathy's friend said yes and invited herinside for coffee.  While they weretalking, her friend asked what she had3an adorable doll.  After she bought the",8.txt,1.0,"The generated answer correctly identifies the item purchased as a 'pie', which is the core information required by the correct answer. The surrounding context (surprise for her husband, sweet) is irrelevant but does not negate the correct identification of the item.",True,pie
study3,D,8,08,1,1,What did Cathy buy for her daughter?,A toy.,"The Surprise DessertCathy decided to go Christmas shopping for her family.  She thought that she could find a present for her daughter quickly.  Her daughter was three and Cathy knew what to buy her.  She had seen bought for her daughter.doll, she started to panic. Cathy hadno idea what to get her husband.  Shewondered why she could never find a goodpresent for her husband.  When she got tothe mall it was crowded and she wanted to leave.  She hated shopping when the stores were so crowded.  Cathy went to a clothing store and a sporting goods store but she didn't see anything she wanted to buy for her husband.  As she walked by a pet store, she saw a cute puppy.  At once she decided that the puppy would be perfect for her husband and went in and bought it.  When she left the pet store, she decided to postpone the rest of her shopping until the next day.  While driving home, she passed by a small bought at the bakery.She knew her family would love the pie.  Cathy got back in her car and continued toward her apartment.  Suddenly Cathy realized she couldn't keep the puppy in the apartment because she wanted to surprise her husband.  Cathy went upstairs to her girlfriend's apartment and  asked her friend if she couldleave the puppy there until Christmas.Cathy's friend said yes and invited herinside for coffee.  While they weretalking, her friend asked what she had3bakery and she decided to buy a pie.  ",8.txt,0.0,"The correct answer specifies 'doll,' while the generated answer 'A toy' is overly general and does not match the precise item provided as the correct answer.",False,doll
study3,D,8,08,2,2,What did Cathy buy at the bakery?,A pie.,"The Surprise DessertCathy decided to go Christmas shopping for her family.  She thought that she could find a present for her daughter quickly.  Her daughter was three and Cathy knew what to buy her.  She had seen bought for her daughter.doll, she started to panic. Cathy hadno idea what to get her husband.  Shewondered why she could never find a goodpresent for her husband.  When she got tothe mall it was crowded and she wanted to leave.  She hated shopping when the stores were so crowded.  Cathy went to a clothing store and a sporting goods store but she didn't see anything she wanted to buy for her husband.  As she walked by a pet store, she saw a cute puppy.  At once she decided that the puppy would be perfect for her husband and went in and bought it.  When she left the pet store, she decided to postpone the rest of her shopping until the next day.  While driving home, she passed by a small bought at the bakery.She knew her family would love the pie.  Cathy got back in her car and continued toward her apartment.  Suddenly Cathy realized she couldn't keep the puppy in the apartment because she wanted to surprise her husband.  Cathy went upstairs to her girlfriend's apartment and  asked her friend if she couldleave the puppy there until Christmas.Cathy's friend said yes and invited herinside for coffee.  While they weretalking, her friend asked what she had3bakery and she decided to buy a pie.  ",8.txt,1.0,The generated answer 'A pie' matches the correct answer 'pie' (the inclusion of the article 'A' is considered a match).,True,pie
study3,A,9,09,1,1,What did Bob stop to fix?,The brakes.,"Transportation TroubleBob loved to ride his bike on weekends with his friends.  This weekend, they decided to ride in the country.  Unfortunately, while riding, Bob developed mechanical problems.  Bob couldn't find a bike shop so he repaired what he had stopped to fix.given Bob problems.  He stopped in front of a small church and made the necessary repairs.  Bob was eager to catch up with his friends.  He had been last in line and they probably hadn't noticed that he had stopped.  They were planning on making camp about twenty miles further up the road.  Bob thought that if he hurried, he could catch them by dark.  Bob was watching the foliage while he rode.  He enjoyed riding in the fall because he loved the smell of clean air and the colorful leaves.  He completely forgot that he needed to hurry to catch his friends before dark.  As a result, he was falling further behind.  After a while, he started to get hungry but his friends had all the food.  Bob what he had stopped to eat.trees.  He sat on a stone wall and ate anapple before going on.  After he hadtraveled several miles, he recognized afriend riding toward him.  He must havenoticed that Bob was gone and had comeback to find him.  Bob was glad to seehis friend and together they continued their ride.  Bob's friend asked him3the brakes himself.  The brakes had often",9.txt,1.0,"The generated answer, 'The brakes,' correctly identifies the object 'brakes,' matching the content of the correct answer.",True,brakes
study3,A,9,09,2,2,What did Bob stop to eat?,Bob stopped to eat an apple.,"Transportation TroubleBob loved to ride his bike on weekends with his friends.  This weekend, they decided to ride in the country.  Unfortunately, while riding, Bob developed mechanical problems.  Bob couldn't find a bike shop so he repaired what he had stopped to fix.given Bob problems.  He stopped in front of a small church and made the necessary repairs.  Bob was eager to catch up with his friends.  He had been last in line and they probably hadn't noticed that he had stopped.  They were planning on making camp about twenty miles further up the road.  Bob thought that if he hurried, he could catch them by dark.  Bob was watching the foliage while he rode.  He enjoyed riding in the fall because he loved the smell of clean air and the colorful leaves.  He completely forgot that he needed to hurry to catch his friends before dark.  As a result, he was falling further behind.  After a while, he started to get hungry but his friends had all the food.  Bob what he had stopped to eat.trees.  He sat on a stone wall and ate anapple before going on.  After he hadtraveled several miles, he recognized afriend riding toward him.  He must havenoticed that Bob was gone and had comeback to find him.  Bob was glad to seehis friend and together they continued their ride.  Bob's friend asked him3the brakes himself.  The brakes had often",9.txt,1.0,"The generated answer, 'Bob stopped to eat an apple,' provides the necessary item 'apple,' which matches the core information of the correct answer.",True,apple
study3,B,9,09,1,1,What did Bob stop to fix?,Bob stopped to fix his bike.,"Transportation TroubleBob loved to ride his bike on weekends with his friends.  This weekend, they decided to ride in the country.  Unfortunately, while riding, Bob developed mechanical problems.  Bob couldn't find a bike shop so he repaired what he had stopped to fix.given Bob problems.  He stopped in front of a small church and made the necessary repairs.  Bob was eager to catch up with his friends.  He had been last in line and they probably hadn't noticed that he had stopped.  They were planning on making camp about twenty miles further up the road.  Bob thought that if he hurried, he could catch them by dark.  Bob was watching the foliage while he rode.  He enjoyed riding in the fall because he loved the smell of clean air and the colorful leaves.  He completely forgot that he needed to hurry to catch his friends before dark.  As a result, he was falling further behind.  After a while, he started to get hungry but his friends had all the food.  Bob what he had stopped to eat.trees.  He sat on a stone wall and ate anapple before going on.  After he hadtraveled several miles, he recognized afriend riding toward him.  He must havenoticed that Bob was gone and had comeback to find him.  Bob was glad to seehis friend and together they continued their ride.  Bob's friend asked him3stopped by a field and saw several apple ",9.txt,0.0,"The correct answer specifies the exact item Bob fixed ('brakes'). The generated answer is too vague, stating he fixed 'his bike' generally, therefore it does not match the precise correct answer.",False,brakes
study3,B,9,09,2,2,What did Bob stop to eat?,Bob stopped to eat an apple.,"Transportation TroubleBob loved to ride his bike on weekends with his friends.  This weekend, they decided to ride in the country.  Unfortunately, while riding, Bob developed mechanical problems.  Bob couldn't find a bike shop so he repaired what he had stopped to fix.given Bob problems.  He stopped in front of a small church and made the necessary repairs.  Bob was eager to catch up with his friends.  He had been last in line and they probably hadn't noticed that he had stopped.  They were planning on making camp about twenty miles further up the road.  Bob thought that if he hurried, he could catch them by dark.  Bob was watching the foliage while he rode.  He enjoyed riding in the fall because he loved the smell of clean air and the colorful leaves.  He completely forgot that he needed to hurry to catch his friends before dark.  As a result, he was falling further behind.  After a while, he started to get hungry but his friends had all the food.  Bob what he had stopped to eat.trees.  He sat on a stone wall and ate anapple before going on.  After he hadtraveled several miles, he recognized afriend riding toward him.  He must havenoticed that Bob was gone and had comeback to find him.  Bob was glad to seehis friend and together they continued their ride.  Bob's friend asked him3stopped by a field and saw several apple ",9.txt,1.0,The generated answer ('Bob stopped to eat an apple') accurately includes the specific item specified in the correct answer ('apple'). The answers match.,True,apple
study3,C,9,09,1,1,What did Bob stop to fix?,Bob stopped to fix his friend's mechanical problems.,"The Free FruitBob loved to ride his bike on weekends with his friends.  This weekend, they decided to ride in the country.  Unfortunately, while riding, Bob developed mechanical problems.  Bob couldn't find a bike shop so he repaired what he had stopped to fix.given Bob problems.  He stopped in front of a small church and made the necessary repairs.  Bob was eager to catch up with his friends.  He had been last in line and they probably hadn't noticed that he had stopped.  They were planning on making camp about twenty miles further up the road.  Bob thought that if he hurried, he could catch them by dark.  Bob was watching the foliage while he rode.  He enjoyed riding in the fall because he loved the smell of clean air and the colorful leaves.  He completely forgot that he needed to hurry to catch his friends before dark.  As a result, he was falling further behind.  After a while, he started to get hungry but his friends had all the food.  Bob what he had stopped to eat.trees.  He sat on a stone wall and ate anapple before going on.  After he hadtraveled several miles, he recognized afriend riding toward him.  He must havenoticed that Bob was gone and had comeback to find him.  Bob was glad to seehis friend and together they continued their ride.  Bob's friend asked him3the brakes himself.  The brakes had often",9.txt,0.0,The generated answer identifies the subject of the problem (friend's mechanical problems) rather than the specific item listed in the correct answer (brakes).,False,brakes
study3,C,9,09,2,2,What did Bob stop to eat?,Bob stopped to eat an apple.,"The Free FruitBob loved to ride his bike on weekends with his friends.  This weekend, they decided to ride in the country.  Unfortunately, while riding, Bob developed mechanical problems.  Bob couldn't find a bike shop so he repaired what he had stopped to fix.given Bob problems.  He stopped in front of a small church and made the necessary repairs.  Bob was eager to catch up with his friends.  He had been last in line and they probably hadn't noticed that he had stopped.  They were planning on making camp about twenty miles further up the road.  Bob thought that if he hurried, he could catch them by dark.  Bob was watching the foliage while he rode.  He enjoyed riding in the fall because he loved the smell of clean air and the colorful leaves.  He completely forgot that he needed to hurry to catch his friends before dark.  As a result, he was falling further behind.  After a while, he started to get hungry but his friends had all the food.  Bob what he had stopped to eat.trees.  He sat on a stone wall and ate anapple before going on.  After he hadtraveled several miles, he recognized afriend riding toward him.  He must havenoticed that Bob was gone and had comeback to find him.  Bob was glad to seehis friend and together they continued their ride.  Bob's friend asked him3the brakes himself.  The brakes had often",9.txt,1.0,The generated answer ('Bob stopped to eat an apple') matches the core item provided in the correct answer ('apple').,True,apple
study3,D,9,09,1,1,What did Bob stop to fix?,Bob stopped to fix a mechanical problem with his bike.,"The Free FruitBob loved to ride his bike on weekends with his friends.  This weekend, they decided to ride in the country.  Unfortunately, while riding, Bob developed mechanical problems.  Bob couldn't find a bike shop so he repaired what he had stopped to fix.given Bob problems.  He stopped in front of a small church and made the necessary repairs.  Bob was eager to catch up with his friends.  He had been last in line and they probably hadn't noticed that he had stopped.  They were planning on making camp about twenty miles further up the road.  Bob thought that if he hurried, he could catch them by dark.  Bob was watching the foliage while he rode.  He enjoyed riding in the fall because he loved the smell of clean air and the colorful leaves.  He completely forgot that he needed to hurry to catch his friends before dark.  As a result, he was falling further behind.  After a while, he started to get hungry but his friends had all the food.  Bob what he had stopped to eat.trees.  He sat on a stone wall and ate anapple before going on.  After he hadtraveled several miles, he recognized afriend riding toward him.  He must havenoticed that Bob was gone and had comeback to find him.  Bob was glad to seehis friend and together they continued their ride.  Bob's friend asked him3stopped by a field and saw several apple ",9.txt,0.0,The generated answer provides a general description ('mechanical problem') and does not match the specific item identified in the correct answer ('brakes').,False,brakes
study3,D,9,09,2,2,What did Bob stop to eat?,Bob stopped to eat an apple.,"The Free FruitBob loved to ride his bike on weekends with his friends.  This weekend, they decided to ride in the country.  Unfortunately, while riding, Bob developed mechanical problems.  Bob couldn't find a bike shop so he repaired what he had stopped to fix.given Bob problems.  He stopped in front of a small church and made the necessary repairs.  Bob was eager to catch up with his friends.  He had been last in line and they probably hadn't noticed that he had stopped.  They were planning on making camp about twenty miles further up the road.  Bob thought that if he hurried, he could catch them by dark.  Bob was watching the foliage while he rode.  He enjoyed riding in the fall because he loved the smell of clean air and the colorful leaves.  He completely forgot that he needed to hurry to catch his friends before dark.  As a result, he was falling further behind.  After a while, he started to get hungry but his friends had all the food.  Bob what he had stopped to eat.trees.  He sat on a stone wall and ate anapple before going on.  After he hadtraveled several miles, he recognized afriend riding toward him.  He must havenoticed that Bob was gone and had comeback to find him.  Bob was glad to seehis friend and together they continued their ride.  Bob's friend asked him3stopped by a field and saw several apple ",9.txt,1.0,"The generated answer precisely identifies the item Bob stopped to eat ('apple'), matching the correct answer.",True,apple
study3,A,10,10,1,1,Who did Charlie see on the road?,nan,"The Friendly OfficerCharlie had been plowing the city for years and he had never seen a worse blizzard.  The storm had dropped two feet of snow.  Charlie  had been plowing the roads all night and he hadn't eaten dinner but he did have a few coffee breaks.  He was tired and worried that he would have an accident.  As Charlie entered a new street, he saw a if he had seen anyone.The policeman told him he was checking on a burglar alarm.  Charlie hadn't seen anything unusual but said he would look around as he continued his plowing.  He didn't have time to look too carefully though.  The snow was falling hard and he'd be lucky if he finished his streets before he went off duty.  He still had fifteen streets to go and he was only going to be driving the plow for threemore hours.  Charlie started to drive faster but he was afraid he would hit something so he slowed the plow down again.  The snow was coming down hard and Charlie knew he should be careful.  He had hit a parked car once before and had missed work because of the accident.  He couldn't afford to miss any more work.  He would simply do his best and hope he could finish his assigned streets before his shift ended in an hour.  Charlie was getting hungry and he didn't think he could last the whole three hours without if he had eaten anything.in his lunch bag.  The banana wasn't much, but it was better than nothing.  He managed to almost finish his streets by the time he completed his shift.  He had left three streets unplowed but the snow had stopped falling and Charlie knew somebody could plow them easily.  He drove the plow into the station and up to the gas pumps.  The new driver was already there waiting to take over.  They talked for a while about the terrible driving.  The new driver asked Charlie 3policeman in the middle of the road.  ",10.txt,0.0,The generated answer 'nan' is a null or missing response and does not match the correct answer 'policeman'.,False,policeman
study3,A,10,10,2,2,What did Charlie have to eat?,A banana!,"The Friendly OfficerCharlie had been plowing the city for years and he had never seen a worse blizzard.  The storm had dropped two feet of snow.  Charlie  had been plowing the roads all night and he hadn't eaten dinner but he did have a few coffee breaks.  He was tired and worried that he would have an accident.  As Charlie entered a new street, he saw a if he had seen anyone.The policeman told him he was checking on a burglar alarm.  Charlie hadn't seen anything unusual but said he would look around as he continued his plowing.  He didn't have time to look too carefully though.  The snow was falling hard and he'd be lucky if he finished his streets before he went off duty.  He still had fifteen streets to go and he was only going to be driving the plow for threemore hours.  Charlie started to drive faster but he was afraid he would hit something so he slowed the plow down again.  The snow was coming down hard and Charlie knew he should be careful.  He had hit a parked car once before and had missed work because of the accident.  He couldn't afford to miss any more work.  He would simply do his best and hope he could finish his assigned streets before his shift ended in an hour.  Charlie was getting hungry and he didn't think he could last the whole three hours without if he had eaten anything.in his lunch bag.  The banana wasn't much, but it was better than nothing.  He managed to almost finish his streets by the time he completed his shift.  He had left three streets unplowed but the snow had stopped falling and Charlie knew somebody could plow them easily.  He drove the plow into the station and up to the gas pumps.  The new driver was already there waiting to take over.  They talked for a while about the terrible driving.  The new driver asked Charlie 3policeman in the middle of the road.  ",10.txt,1.0,"The generated answer 'A banana!' is semantically equivalent to the correct answer 'banana', differing only by an article and punctuation.",True,banana
study3,B,10,10,1,1,Who did Charlie see on the road?,He saw a burglar trying to take a car in the middle of a snowstorm.,"The Friendly OfficerCharlie had been plowing the city for years and he had never seen a worse blizzard.  The storm had dropped two feet of snow.  Charlie  had been plowing the roads all night and he hadn't eaten dinner but he did have a few coffee breaks.  He was tired and worried that he would have an accident.  As Charlie entered a new street, he saw a if he had seen anyone.The policeman told him he was checking on a burglar alarm.  Charlie hadn't seen anything unusual but said he would look around as he continued his plowing.  He didn't have time to look too carefully though.  The snow was falling hard and he'd be lucky if he finished his streets before he went off duty.  He still had fifteen streets to go and he was only going to be driving the plow for threemore hours.  Charlie started to drive faster but he was afraid he would hit something so he slowed the plow down again.  The snow was coming down hard and Charlie knew he should be careful.  He had hit a parked car once before and had missed work because of the accident.  He couldn't afford to miss any more work.  He would simply do his best and hope he could finish his assigned streets before his shift ended in an hour.  Charlie was getting hungry and he didn't think he could last the whole three hours without if he had eaten anything.in his lunch bag.  The banana wasn't much, but it was better than nothing.  He managed to almost finish his streets by the time he completed his shift.  He had left three streets unplowed but the snow had stopped falling and Charlie knew somebody could plow them easily.  He drove the plow into the station and up to the gas pumps.  The new driver was already there waiting to take over.  They talked for a while about the terrible driving.  The new driver asked Charlie 3eating something.  He found a banana ",10.txt,0.0,"The generated answer states Charlie saw a 'burglar,' but the provided correct answer is 'policeman.' The answers do not match.",False,policeman
study3,B,10,10,2,2,What did Charlie have to eat?,A banana.,"The Friendly OfficerCharlie had been plowing the city for years and he had never seen a worse blizzard.  The storm had dropped two feet of snow.  Charlie  had been plowing the roads all night and he hadn't eaten dinner but he did have a few coffee breaks.  He was tired and worried that he would have an accident.  As Charlie entered a new street, he saw a if he had seen anyone.The policeman told him he was checking on a burglar alarm.  Charlie hadn't seen anything unusual but said he would look around as he continued his plowing.  He didn't have time to look too carefully though.  The snow was falling hard and he'd be lucky if he finished his streets before he went off duty.  He still had fifteen streets to go and he was only going to be driving the plow for threemore hours.  Charlie started to drive faster but he was afraid he would hit something so he slowed the plow down again.  The snow was coming down hard and Charlie knew he should be careful.  He had hit a parked car once before and had missed work because of the accident.  He couldn't afford to miss any more work.  He would simply do his best and hope he could finish his assigned streets before his shift ended in an hour.  Charlie was getting hungry and he didn't think he could last the whole three hours without if he had eaten anything.in his lunch bag.  The banana wasn't much, but it was better than nothing.  He managed to almost finish his streets by the time he completed his shift.  He had left three streets unplowed but the snow had stopped falling and Charlie knew somebody could plow them easily.  He drove the plow into the station and up to the gas pumps.  The new driver was already there waiting to take over.  They talked for a while about the terrible driving.  The new driver asked Charlie 3eating something.  He found a banana ",10.txt,1.0,The generated answer 'A banana' perfectly matches the correct answer 'banana.',True,banana
study3,C,10,10,1,1,Who did Charlie see on the road?,A policeman.,"The Tropical SnackCharlie had been plowing the city for years and he had never seen a worse blizzard.  The storm had dropped two feet of snow.  Charlie  had been plowing the roads all night and he hadn't eaten dinner but he did have a few coffee breaks.  He was tired and worried that he would have an accident.  As Charlie entered a new street, he saw a if he had seen anyone.The policeman told him he was checking on a burglar alarm.  Charlie hadn't seen anything unusual but said he would look around as he continued his plowing.  He didn't have time to look too carefully though.  The snow was falling hard and he'd be lucky if he finished his streets before he went off duty.  He still had fifteen streets to go and he was only going to be driving the plow for threemore hours.  Charlie started to drive faster but he was afraid he would hit something so he slowed the plow down again.  The snow was coming down hard and Charlie knew he should be careful.  He had hit a parked car once before and had missed work because of the accident.  He couldn't afford to miss any more work.  He would simply do his best and hope he could finish his assigned streets before his shift ended in an hour.  Charlie was getting hungry and he didn't think he could last the whole three hours without if he had eaten anything.in his lunch bag.  The banana wasn't much, but it was better than nothing.  He managed to almost finish his streets by the time he completed his shift.  He had left three streets unplowed but the snow had stopped falling and Charlie knew somebody could plow them easily.  He drove the plow into the station and up to the gas pumps.  The new driver was already there waiting to take over.  They talked for a while about the terrible driving.  The new driver asked Charlie 3policeman in the middle of the road.  ",10.txt,1.0,"The generated answer 'A policeman' correctly identifies the person Charlie saw, aligning with the correct answer 'policeman'. The addition of the indefinite article does not change the meaning.",True,policeman
study3,C,10,10,2,2,What did Charlie have to eat?,Charlie had a banana.,"The Tropical SnackCharlie had been plowing the city for years and he had never seen a worse blizzard.  The storm had dropped two feet of snow.  Charlie  had been plowing the roads all night and he hadn't eaten dinner but he did have a few coffee breaks.  He was tired and worried that he would have an accident.  As Charlie entered a new street, he saw a if he had seen anyone.The policeman told him he was checking on a burglar alarm.  Charlie hadn't seen anything unusual but said he would look around as he continued his plowing.  He didn't have time to look too carefully though.  The snow was falling hard and he'd be lucky if he finished his streets before he went off duty.  He still had fifteen streets to go and he was only going to be driving the plow for threemore hours.  Charlie started to drive faster but he was afraid he would hit something so he slowed the plow down again.  The snow was coming down hard and Charlie knew he should be careful.  He had hit a parked car once before and had missed work because of the accident.  He couldn't afford to miss any more work.  He would simply do his best and hope he could finish his assigned streets before his shift ended in an hour.  Charlie was getting hungry and he didn't think he could last the whole three hours without if he had eaten anything.in his lunch bag.  The banana wasn't much, but it was better than nothing.  He managed to almost finish his streets by the time he completed his shift.  He had left three streets unplowed but the snow had stopped falling and Charlie knew somebody could plow them easily.  He drove the plow into the station and up to the gas pumps.  The new driver was already there waiting to take over.  They talked for a while about the terrible driving.  The new driver asked Charlie 3policeman in the middle of the road.  ",10.txt,1.0,"The generated answer 'Charlie had a banana' correctly identifies the food item 'banana', matching the essential information in the correct answer.",True,banana
study3,D,10,10,1,1,Who did Charlie see on the road?,The policeman checking on a burglar alarm.,"The Tropical SnackCharlie had been plowing the city for years and he had never seen a worse blizzard.  The storm had dropped two feet of snow.  Charlie  had been plowing the roads all night and he hadn't eaten dinner but he did have a few coffee breaks.  He was tired and worried that he would have an accident.  As Charlie entered a new street, he saw a if he had seen anyone.The policeman told him he was checking on a burglar alarm.  Charlie hadn't seen anything unusual but said he would look around as he continued his plowing.  He didn't have time to look too carefully though.  The snow was falling hard and he'd be lucky if he finished his streets before he went off duty.  He still had fifteen streets to go and he was only going to be driving the plow for threemore hours.  Charlie started to drive faster but he was afraid he would hit something so he slowed the plow down again.  The snow was coming down hard and Charlie knew he should be careful.  He had hit a parked car once before and had missed work because of the accident.  He couldn't afford to miss any more work.  He would simply do his best and hope he could finish his assigned streets before his shift ended in an hour.  Charlie was getting hungry and he didn't think he could last the whole three hours without if he had eaten anything.in his lunch bag.  The banana wasn't much, but it was better than nothing.  He managed to almost finish his streets by the time he completed his shift.  He had left three streets unplowed but the snow had stopped falling and Charlie knew somebody could plow them easily.  He drove the plow into the station and up to the gas pumps.  The new driver was already there waiting to take over.  They talked for a while about the terrible driving.  The new driver asked Charlie 3eating something.  He found a banana ",10.txt,1.0,"The generated answer accurately identifies the core entity seen by Charlie (""policeman""). The extra detail provided ('checking on a burglar alarm') is accurate context from the surrounding passage and does not invalidate the core answer.",True,policeman
study3,D,10,10,2,2,What did Charlie have to eat?,A banana.,"The Tropical SnackCharlie had been plowing the city for years and he had never seen a worse blizzard.  The storm had dropped two feet of snow.  Charlie  had been plowing the roads all night and he hadn't eaten dinner but he did have a few coffee breaks.  He was tired and worried that he would have an accident.  As Charlie entered a new street, he saw a if he had seen anyone.The policeman told him he was checking on a burglar alarm.  Charlie hadn't seen anything unusual but said he would look around as he continued his plowing.  He didn't have time to look too carefully though.  The snow was falling hard and he'd be lucky if he finished his streets before he went off duty.  He still had fifteen streets to go and he was only going to be driving the plow for threemore hours.  Charlie started to drive faster but he was afraid he would hit something so he slowed the plow down again.  The snow was coming down hard and Charlie knew he should be careful.  He had hit a parked car once before and had missed work because of the accident.  He couldn't afford to miss any more work.  He would simply do his best and hope he could finish his assigned streets before his shift ended in an hour.  Charlie was getting hungry and he didn't think he could last the whole three hours without if he had eaten anything.in his lunch bag.  The banana wasn't much, but it was better than nothing.  He managed to almost finish his streets by the time he completed his shift.  He had left three streets unplowed but the snow had stopped falling and Charlie knew somebody could plow them easily.  He drove the plow into the station and up to the gas pumps.  The new driver was already there waiting to take over.  They talked for a while about the terrible driving.  The new driver asked Charlie 3eating something.  He found a banana ",10.txt,1.0,"The generated answer ('A banana') is semantically identical to the correct answer ('banana'), accurately identifying the food item.",True,banana
study3,A,11,11,1,1,What had Bill gotten to drink?,3 glasses of beer.,"The Alcoholic BeverageBill had finally received three days of shore leave when his ship docked in Boston harbor.  He was thrilled because his grandparents lived in Boston.  Bill hadn't seen them for several years and he knew they would be happy to see him.  When he got off the ship, he called them, and they were indeed happy to hear from him.  When he arrived at his grandparents, Bill's grandmother had a if he had gotten anything to drink.sipping the beer, Bill talked about his experiences since joining the Navy.  He had traveled all over the Mediterranean and the Pacific.  Bill had joined the Navy ten years ago and had traveled everywhere.  He loved the Navy and had decided to make it his career.  The pay was good and he had learned to repair computers so he knew he could get a good job when he got out.  Bill was in the middle of his story when his grandmother interrupted him because she had to go shopping.  Bill decided to sit on the couch and wait for his grandfather.  He picked up a magazine but was so excited to see his grandparents that he couldn't concentrate.  He decided to watch television.  He couldn't watch TV atsea because the reception was so bad.what he was watching on television.didn't find baseball particularlyexciting but he couldn't find anythingelse.  After a while, Bill heard hisgrandfather outside.  He looked outthe window and saw him so he leaped offthe couch, raced to the door and gavehis grandfather a big hug.  Bill satback on the couch and talked with hisgrandfather.  Bill's grandfather asked him3glass of beer waiting for him.  While ",11.txt,0.0,"The generated answer specifies '3 glasses of beer,' while the correct answer specifies 'glass of beer' (singular). The quantification differs, making the answer incorrect based on the provided correct answer.",False,glass of beer
study3,A,11,11,2,2,What was Bill watching on TV?,Bill was watching a baseball game.,"The Alcoholic BeverageBill had finally received three days of shore leave when his ship docked in Boston harbor.  He was thrilled because his grandparents lived in Boston.  Bill hadn't seen them for several years and he knew they would be happy to see him.  When he got off the ship, he called them, and they were indeed happy to hear from him.  When he arrived at his grandparents, Bill's grandmother had a if he had gotten anything to drink.sipping the beer, Bill talked about his experiences since joining the Navy.  He had traveled all over the Mediterranean and the Pacific.  Bill had joined the Navy ten years ago and had traveled everywhere.  He loved the Navy and had decided to make it his career.  The pay was good and he had learned to repair computers so he knew he could get a good job when he got out.  Bill was in the middle of his story when his grandmother interrupted him because she had to go shopping.  Bill decided to sit on the couch and wait for his grandfather.  He picked up a magazine but was so excited to see his grandparents that he couldn't concentrate.  He decided to watch television.  He couldn't watch TV atsea because the reception was so bad.what he was watching on television.didn't find baseball particularlyexciting but he couldn't find anythingelse.  After a while, Bill heard hisgrandfather outside.  He looked outthe window and saw him so he leaped offthe couch, raced to the door and gavehis grandfather a big hug.  Bill satback on the couch and talked with hisgrandfather.  Bill's grandfather asked him3glass of beer waiting for him.  While ",11.txt,1.0,"The generated answer 'Bill was watching a baseball game' accurately contains the core information 'baseball,' matching the intended correct answer.",True,baseball
study3,B,11,11,1,1,What had Bill gotten to drink?,Bill had received a case of beer from his grandparents.,"The Alcoholic BeverageBill had finally received three days of shore leave when his ship docked in Boston harbor.  He was thrilled because his grandparents lived in Boston.  Bill hadn't seen them for several years and he knew they would be happy to see him.  When he got off the ship, he called them, and they were indeed happy to hear from him.  When he arrived at his grandparents, Bill's grandmother had a if he had gotten anything to drink.sipping the beer, Bill talked about his experiences since joining the Navy.  He had traveled all over the Mediterranean and the Pacific.  Bill had joined the Navy ten years ago and had traveled everywhere.  He loved the Navy and had decided to make it his career.  The pay was good and he had learned to repair computers so he knew he could get a good job when he got out.  Bill was in the middle of his story when his grandmother interrupted him because she had to go shopping.  Bill decided to sit on the couch and wait for his grandfather.  He picked up a magazine but was so excited to see his grandparents that he couldn't concentrate.  He decided to watch television.  He couldn't watch TV atsea because the reception was so bad.what he was watching on television.didn't find baseball particularlyexciting but he couldn't find anythingelse.  After a while, Bill heard hisgrandfather outside.  He looked outthe window and saw him so he leaped offthe couch, raced to the door and gavehis grandfather a big hug.  Bill satback on the couch and talked with hisgrandfather.  Bill's grandfather asked him3Bill turned on some baseball.  He",11.txt,0.0,"The generated answer specifies a 'case of beer,' which is a different quantity/container than the correct answer, 'glass of beer.'",False,glass of beer
study3,B,11,11,2,2,What was Bill watching on TV?,Bill was watching a baseball game.,"The Alcoholic BeverageBill had finally received three days of shore leave when his ship docked in Boston harbor.  He was thrilled because his grandparents lived in Boston.  Bill hadn't seen them for several years and he knew they would be happy to see him.  When he got off the ship, he called them, and they were indeed happy to hear from him.  When he arrived at his grandparents, Bill's grandmother had a if he had gotten anything to drink.sipping the beer, Bill talked about his experiences since joining the Navy.  He had traveled all over the Mediterranean and the Pacific.  Bill had joined the Navy ten years ago and had traveled everywhere.  He loved the Navy and had decided to make it his career.  The pay was good and he had learned to repair computers so he knew he could get a good job when he got out.  Bill was in the middle of his story when his grandmother interrupted him because she had to go shopping.  Bill decided to sit on the couch and wait for his grandfather.  He picked up a magazine but was so excited to see his grandparents that he couldn't concentrate.  He decided to watch television.  He couldn't watch TV atsea because the reception was so bad.what he was watching on television.didn't find baseball particularlyexciting but he couldn't find anythingelse.  After a while, Bill heard hisgrandfather outside.  He looked outthe window and saw him so he leaped offthe couch, raced to the door and gavehis grandfather a big hug.  Bill satback on the couch and talked with hisgrandfather.  Bill's grandfather asked him3Bill turned on some baseball.  He",11.txt,1.0,"The generated answer, 'Bill was watching a baseball game,' accurately captures the subject matter identified in the correct answer, 'baseball.'",True,baseball
study3,C,11,11,1,1,What had Bill gotten to drink?,Three glasses of beer.,"The Boring SportBill had finally received three days of shore leave when his ship docked in Boston harbor.  He was thrilled because his grandparents lived in Boston.  Bill hadn't seen them for several years and he knew they would be happy to see him.  When he got off the ship, he called them, and they were indeed happy to hear from him.  When he arrived at his grandparents, Bill's grandmother had a if he had gotten anything to drink.sipping the beer, Bill talked about his experiences since joining the Navy.  He had traveled all over the Mediterranean and the Pacific.  Bill had joined the Navy ten years ago and had traveled everywhere.  He loved the Navy and had decided to make it his career.  The pay was good and he had learned to repair computers so he knew he could get a good job when he got out.  Bill was in the middle of his story when his grandmother interrupted him because she had to go shopping.  Bill decided to sit on the couch and wait for his grandfather.  He picked up a magazine but was so excited to see his grandparents that he couldn't concentrate.  He decided to watch television.  He couldn't watch TV atsea because the reception was so bad.what he was watching on television.didn't find baseball particularlyexciting but he couldn't find anythingelse.  After a while, Bill heard hisgrandfather outside.  He looked outthe window and saw him so he leaped offthe couch, raced to the door and gavehis grandfather a big hug.  Bill satback on the couch and talked with hisgrandfather.  Bill's grandfather asked him3glass of beer waiting for him.  While ",11.txt,0.0,"The generated answer provides a specific numerical quantity ('Three glasses') which is not required by, and differs from, the concise correct answer ('glass of beer').",False,glass of beer
study3,C,11,11,2,2,What was Bill watching on TV?,Bill was watching a baseball game.,"The Boring SportBill had finally received three days of shore leave when his ship docked in Boston harbor.  He was thrilled because his grandparents lived in Boston.  Bill hadn't seen them for several years and he knew they would be happy to see him.  When he got off the ship, he called them, and they were indeed happy to hear from him.  When he arrived at his grandparents, Bill's grandmother had a if he had gotten anything to drink.sipping the beer, Bill talked about his experiences since joining the Navy.  He had traveled all over the Mediterranean and the Pacific.  Bill had joined the Navy ten years ago and had traveled everywhere.  He loved the Navy and had decided to make it his career.  The pay was good and he had learned to repair computers so he knew he could get a good job when he got out.  Bill was in the middle of his story when his grandmother interrupted him because she had to go shopping.  Bill decided to sit on the couch and wait for his grandfather.  He picked up a magazine but was so excited to see his grandparents that he couldn't concentrate.  He decided to watch television.  He couldn't watch TV atsea because the reception was so bad.what he was watching on television.didn't find baseball particularlyexciting but he couldn't find anythingelse.  After a while, Bill heard hisgrandfather outside.  He looked outthe window and saw him so he leaped offthe couch, raced to the door and gavehis grandfather a big hug.  Bill satback on the couch and talked with hisgrandfather.  Bill's grandfather asked him3glass of beer waiting for him.  While ",11.txt,1.0,"The generated answer accurately identifies the subject 'baseball,' which matches the core information of the correct answer, despite being formatted as a complete sentence.",True,baseball
study3,D,11,11,1,1,What had Bill gotten to drink?,Bill was so excited because he saw his grandparents that he forgot to get a drink.,"The Boring SportBill had finally received three days of shore leave when his ship docked in Boston harbor.  He was thrilled because his grandparents lived in Boston.  Bill hadn't seen them for several years and he knew they would be happy to see him.  When he got off the ship, he called them, and they were indeed happy to hear from him.  When he arrived at his grandparents, Bill's grandmother had a if he had gotten anything to drink.sipping the beer, Bill talked about his experiences since joining the Navy.  He had traveled all over the Mediterranean and the Pacific.  Bill had joined the Navy ten years ago and had traveled everywhere.  He loved the Navy and had decided to make it his career.  The pay was good and he had learned to repair computers so he knew he could get a good job when he got out.  Bill was in the middle of his story when his grandmother interrupted him because she had to go shopping.  Bill decided to sit on the couch and wait for his grandfather.  He picked up a magazine but was so excited to see his grandparents that he couldn't concentrate.  He decided to watch television.  He couldn't watch TV atsea because the reception was so bad.what he was watching on television.didn't find baseball particularlyexciting but he couldn't find anythingelse.  After a while, Bill heard hisgrandfather outside.  He looked outthe window and saw him so he leaped offthe couch, raced to the door and gavehis grandfather a big hug.  Bill satback on the couch and talked with hisgrandfather.  Bill's grandfather asked him3Bill turned on some baseball.  He",11.txt,0.0,"The generated answer incorrectly claims that Bill forgot to get a drink. The correct answer, based on the context implied by 'sipping the beer,' is 'glass of beer.'",False,glass of beer
study3,D,11,11,2,2,What was Bill watching on TV?,Bill was watching a baseball game on TV.,"The Boring SportBill had finally received three days of shore leave when his ship docked in Boston harbor.  He was thrilled because his grandparents lived in Boston.  Bill hadn't seen them for several years and he knew they would be happy to see him.  When he got off the ship, he called them, and they were indeed happy to hear from him.  When he arrived at his grandparents, Bill's grandmother had a if he had gotten anything to drink.sipping the beer, Bill talked about his experiences since joining the Navy.  He had traveled all over the Mediterranean and the Pacific.  Bill had joined the Navy ten years ago and had traveled everywhere.  He loved the Navy and had decided to make it his career.  The pay was good and he had learned to repair computers so he knew he could get a good job when he got out.  Bill was in the middle of his story when his grandmother interrupted him because she had to go shopping.  Bill decided to sit on the couch and wait for his grandfather.  He picked up a magazine but was so excited to see his grandparents that he couldn't concentrate.  He decided to watch television.  He couldn't watch TV atsea because the reception was so bad.what he was watching on television.didn't find baseball particularlyexciting but he couldn't find anythingelse.  After a while, Bill heard hisgrandfather outside.  He looked outthe window and saw him so he leaped offthe couch, raced to the door and gavehis grandfather a big hug.  Bill satback on the couch and talked with hisgrandfather.  Bill's grandfather asked him3Bill turned on some baseball.  He",11.txt,1.0,"The generated answer states Bill was watching a baseball game, which accurately matches the core information of the correct answer ('baseball').",True,baseball
study3,A,12,12,1,1,How did Mark get to work in the morning?,Mark got to work in the morning by taking the train from the country into the city.,"Commuting from the CountryMark had grown up in the city but he had always wanted to live in the country with lots of land and a large garden.  The first opportunity he had, he packed up his belongings and bought a house in the country.  Every day Mark would ridehow he got to work in the morning.was long but allowed Mark to read the newspaper in the morning and relax at night. Mark was a teacher who taught at an elementary school in the city.  He liked teaching because he could call the summers his own.  Country living had its problems however.  Mark had left all his friends behind in the city and he had no neighbors out in the country.  One warm summer day, Mark was out working in his garden.  He had done all of the planting and he needed to do some weeding.  Mark was happy to see the progress.  He was what he had picked from the garden.was ripe.  Mark decided to have a few earsof the corn with his lunch.  Mark washeading for the house when he saw a friendfrom the city pull in the driveway.  Markwas excited to see his friend.  He setup some chairs on the porch and told hisfriend about his new home.  He said hemissed the city but really loved livingin the country.  Mark's friend asked him3the train to and from work.  The train ride ",12.txt,1.0,"The generated answer correctly identifies the mode of transportation as 'train,' which matches the provided correct answer. The additional contextual detail (from the country into the city) does not detract from the core correct information.",True,train
study3,A,12,12,2,2,What did Mark pick from the garden?,Mark picked corn.,"Commuting from the CountryMark had grown up in the city but he had always wanted to live in the country with lots of land and a large garden.  The first opportunity he had, he packed up his belongings and bought a house in the country.  Every day Mark would ridehow he got to work in the morning.was long but allowed Mark to read the newspaper in the morning and relax at night. Mark was a teacher who taught at an elementary school in the city.  He liked teaching because he could call the summers his own.  Country living had its problems however.  Mark had left all his friends behind in the city and he had no neighbors out in the country.  One warm summer day, Mark was out working in his garden.  He had done all of the planting and he needed to do some weeding.  Mark was happy to see the progress.  He was what he had picked from the garden.was ripe.  Mark decided to have a few earsof the corn with his lunch.  Mark washeading for the house when he saw a friendfrom the city pull in the driveway.  Markwas excited to see his friend.  He setup some chairs on the porch and told hisfriend about his new home.  He said hemissed the city but really loved livingin the country.  Mark's friend asked him3the train to and from work.  The train ride ",12.txt,1.0,"The generated answer provides 'corn,' which is a precise match for the correct answer.",True,corn
study3,B,12,12,1,1,How did Mark get to work in the morning?,Mark got to work in the morning by riding his bicycle to work.,"Commuting from the CountryMark had grown up in the city but he had always wanted to live in the country with lots of land and a large garden.  The first opportunity he had, he packed up his belongings and bought a house in the country.  Every day Mark would ridehow he got to work in the morning.was long but allowed Mark to read the newspaper in the morning and relax at night. Mark was a teacher who taught at an elementary school in the city.  He liked teaching because he could call the summers his own.  Country living had its problems however.  Mark had left all his friends behind in the city and he had no neighbors out in the country.  One warm summer day, Mark was out working in his garden.  He had done all of the planting and he needed to do some weeding.  Mark was happy to see the progress.  He was what he had picked from the garden.was ripe.  Mark decided to have a few earsof the corn with his lunch.  Mark washeading for the house when he saw a friendfrom the city pull in the driveway.  Markwas excited to see his friend.  He setup some chairs on the porch and told hisfriend about his new home.  He said hemissed the city but really loved livingin the country.  Mark's friend asked him3delighted to see that some of the corn ",12.txt,0.0,"The generated answer states Mark used a bicycle, which does not match the provided correct answer of ""train.""",False,train
study3,B,12,12,2,2,What did Mark pick from the garden?,corn,"Commuting from the CountryMark had grown up in the city but he had always wanted to live in the country with lots of land and a large garden.  The first opportunity he had, he packed up his belongings and bought a house in the country.  Every day Mark would ridehow he got to work in the morning.was long but allowed Mark to read the newspaper in the morning and relax at night. Mark was a teacher who taught at an elementary school in the city.  He liked teaching because he could call the summers his own.  Country living had its problems however.  Mark had left all his friends behind in the city and he had no neighbors out in the country.  One warm summer day, Mark was out working in his garden.  He had done all of the planting and he needed to do some weeding.  Mark was happy to see the progress.  He was what he had picked from the garden.was ripe.  Mark decided to have a few earsof the corn with his lunch.  Mark washeading for the house when he saw a friendfrom the city pull in the driveway.  Markwas excited to see his friend.  He setup some chairs on the porch and told hisfriend about his new home.  He said hemissed the city but really loved livingin the country.  Mark's friend asked him3delighted to see that some of the corn ",12.txt,1.0,The generated answer 'corn' is an exact match for the provided correct answer.,True,corn
study3,C,12,12,1,1,How did Mark get to work in the morning?,Mark got to work by taking the train.,"Cooking in the CountryMark had grown up in the city but he had always wanted to live in the country with lots of land and a large garden.  The first opportunity he had, he packed up his belongings and bought a house in the country.  Every day Mark would ridehow he got to work in the morning.was long but allowed Mark to read the newspaper in the morning and relax at night. Mark was a teacher who taught at an elementary school in the city.  He liked teaching because he could call the summers his own.  Country living had its problems however.  Mark had left all his friends behind in the city and he had no neighbors out in the country.  One warm summer day, Mark was out working in his garden.  He had done all of the planting and he needed to do some weeding.  Mark was happy to see the progress.  He was what he had picked from the garden.was ripe.  Mark decided to have a few earsof the corn with his lunch.  Mark washeading for the house when he saw a friendfrom the city pull in the driveway.  Markwas excited to see his friend.  He setup some chairs on the porch and told hisfriend about his new home.  He said hemissed the city but really loved livingin the country.  Mark's friend asked him3the train to and from work.  The train ride ",12.txt,1.0,"The generated answer provides 'train' as the means of transport, which is the essential core information required by the correct answer.",True,train
study3,C,12,12,2,2,What did Mark pick from the garden?,Mark picked corn for lunch.,"Cooking in the CountryMark had grown up in the city but he had always wanted to live in the country with lots of land and a large garden.  The first opportunity he had, he packed up his belongings and bought a house in the country.  Every day Mark would ridehow he got to work in the morning.was long but allowed Mark to read the newspaper in the morning and relax at night. Mark was a teacher who taught at an elementary school in the city.  He liked teaching because he could call the summers his own.  Country living had its problems however.  Mark had left all his friends behind in the city and he had no neighbors out in the country.  One warm summer day, Mark was out working in his garden.  He had done all of the planting and he needed to do some weeding.  Mark was happy to see the progress.  He was what he had picked from the garden.was ripe.  Mark decided to have a few earsof the corn with his lunch.  Mark washeading for the house when he saw a friendfrom the city pull in the driveway.  Markwas excited to see his friend.  He setup some chairs on the porch and told hisfriend about his new home.  He said hemissed the city but really loved livingin the country.  Mark's friend asked him3the train to and from work.  The train ride ",12.txt,1.0,"The generated answer specifies 'corn' as the item picked, matching the core information provided in the correct answer.",True,corn
study3,D,12,12,1,1,How did Mark get to work in the morning?,Mark rode his bike.,"Cooking in the CountryMark had grown up in the city but he had always wanted to live in the country with lots of land and a large garden.  The first opportunity he had, he packed up his belongings and bought a house in the country.  Every day Mark would ridehow he got to work in the morning.was long but allowed Mark to read the newspaper in the morning and relax at night. Mark was a teacher who taught at an elementary school in the city.  He liked teaching because he could call the summers his own.  Country living had its problems however.  Mark had left all his friends behind in the city and he had no neighbors out in the country.  One warm summer day, Mark was out working in his garden.  He had done all of the planting and he needed to do some weeding.  Mark was happy to see the progress.  He was what he had picked from the garden.was ripe.  Mark decided to have a few earsof the corn with his lunch.  Mark washeading for the house when he saw a friendfrom the city pull in the driveway.  Markwas excited to see his friend.  He setup some chairs on the porch and told hisfriend about his new home.  He said hemissed the city but really loved livingin the country.  Mark's friend asked him3delighted to see that some of the corn ",12.txt,0.0,"The generated answer 'Mark rode his bike' does not match the specified correct answer, which is 'train'.",False,train
study3,D,12,12,2,2,What did Mark pick from the garden?,Corn.,"Cooking in the CountryMark had grown up in the city but he had always wanted to live in the country with lots of land and a large garden.  The first opportunity he had, he packed up his belongings and bought a house in the country.  Every day Mark would ridehow he got to work in the morning.was long but allowed Mark to read the newspaper in the morning and relax at night. Mark was a teacher who taught at an elementary school in the city.  He liked teaching because he could call the summers his own.  Country living had its problems however.  Mark had left all his friends behind in the city and he had no neighbors out in the country.  One warm summer day, Mark was out working in his garden.  He had done all of the planting and he needed to do some weeding.  Mark was happy to see the progress.  He was what he had picked from the garden.was ripe.  Mark decided to have a few earsof the corn with his lunch.  Mark washeading for the house when he saw a friendfrom the city pull in the driveway.  Markwas excited to see his friend.  He setup some chairs on the porch and told hisfriend about his new home.  He said hemissed the city but really loved livingin the country.  Mark's friend asked him3delighted to see that some of the corn ",12.txt,1.0,The generated answer 'Corn' matches the specified correct answer 'corn'.,True,corn
study3,A,13,13,1,1,What did the hijacker carry on the plane?,A book.,"Reading MaterialAs the five-thirty flight was leaving the ground, Diane was walking the aisles serving the passengers their drinks.  Just as she was about to hand one man his drink, she was grabbed from behind by a young man.  He told Diane he wanted to hijack the plane.  Diane recognized the hijacker.  She remembered that he was the last passenger to board.  Diane rememberedhad carried on the plane.She remembered thinking he probably stopped to buy the book and almost missed the flight.  Now he was holding her tightly and demanding to speak with the pilot.  Diane told everyone to be calm and no one would get hurt.  Diane took the hijacker to the pilot.  The hijacker squeezed her arm and told her not to say a word.  He told the pilot that he wanted to go to Cuba.  Diane knew the pilot would agree to do anything that the hijacker wanted.  Diane realized he needed to ensure the safety of his passengers and crew.  Heasked the hijacker to release Diane so she could calm the passengers.  Diane knew the passengers would be upset.  She told them that the hijacker wanted to go to Cuba.  She said nobody would get hurt if everyone stayed calm.  As she was talking,had put under his seat.hijacker's seat.  However, she decided not to touch the radio.  By the time theplane landed in Cuba, Diane had calmedthe passengers.  When the hijacker leftthe plane, Diane told the passengersthat they were no longer in danger.  The hijacker was arrested by waiting Cuban authorities and the plane took off for Miami.  Diane met several F.B.I. agents in Miami.  The agents wanted to talkwith her about the hijacking.  Theyquestioned her for hours.  They were veryinterested in knowing what the hijacker3that he had been carrying a large book.",13.txt,0.0,"The generated answer (""A book"") is missing the necessary descriptor (""large"") provided in the correct answer (""a large book"").",False,a large book
study3,A,13,13,2,2,What had the hijacker put under his seat?,The hijacker had put a book under his seat.,"Reading MaterialAs the five-thirty flight was leaving the ground, Diane was walking the aisles serving the passengers their drinks.  Just as she was about to hand one man his drink, she was grabbed from behind by a young man.  He told Diane he wanted to hijack the plane.  Diane recognized the hijacker.  She remembered that he was the last passenger to board.  Diane rememberedhad carried on the plane.She remembered thinking he probably stopped to buy the book and almost missed the flight.  Now he was holding her tightly and demanding to speak with the pilot.  Diane told everyone to be calm and no one would get hurt.  Diane took the hijacker to the pilot.  The hijacker squeezed her arm and told her not to say a word.  He told the pilot that he wanted to go to Cuba.  Diane knew the pilot would agree to do anything that the hijacker wanted.  Diane realized he needed to ensure the safety of his passengers and crew.  Heasked the hijacker to release Diane so she could calm the passengers.  Diane knew the passengers would be upset.  She told them that the hijacker wanted to go to Cuba.  She said nobody would get hurt if everyone stayed calm.  As she was talking,had put under his seat.hijacker's seat.  However, she decided not to touch the radio.  By the time theplane landed in Cuba, Diane had calmedthe passengers.  When the hijacker leftthe plane, Diane told the passengersthat they were no longer in danger.  The hijacker was arrested by waiting Cuban authorities and the plane took off for Miami.  Diane met several F.B.I. agents in Miami.  The agents wanted to talkwith her about the hijacking.  Theyquestioned her for hours.  They were veryinterested in knowing what the hijacker3that he had been carrying a large book.",13.txt,0.0,"The generated answer states the hijacker put 'a book' under his seat, which is incorrect. The correct answer specifies 'radio'.",False,radio
study3,B,13,13,1,1,What did the hijacker carry on the plane?,He carried a radio on the plane.,"Reading MaterialAs the five-thirty flight was leaving the ground, Diane was walking the aisles serving the passengers their drinks.  Just as she was about to hand one man his drink, she was grabbed from behind by a young man.  He told Diane he wanted to hijack the plane.  Diane recognized the hijacker.  She remembered that he was the last passenger to board.  Diane rememberedhad carried on the plane.She remembered thinking he probably stopped to buy the book and almost missed the flight.  Now he was holding her tightly and demanding to speak with the pilot.  Diane told everyone to be calm and no one would get hurt.  Diane took the hijacker to the pilot.  The hijacker squeezed her arm and told her not to say a word.  He told the pilot that he wanted to go to Cuba.  Diane knew the pilot would agree to do anything that the hijacker wanted.  Diane realized he needed to ensure the safety of his passengers and crew.  Heasked the hijacker to release Diane so she could calm the passengers.  Diane knew the passengers would be upset.  She told them that the hijacker wanted to go to Cuba.  She said nobody would get hurt if everyone stayed calm.  As she was talking,had put under his seat.hijacker's seat.  However, she decided not to touch the radio.  By the time theplane landed in Cuba, Diane had calmedthe passengers.  When the hijacker leftthe plane, Diane told the passengersthat they were no longer in danger.  The hijacker was arrested by waiting Cuban authorities and the plane took off for Miami.  Diane met several F.B.I. agents in Miami.  The agents wanted to talkwith her about the hijacking.  Theyquestioned her for hours.  They were veryinterested in knowing what the hijacker3she noticed a radio under the ",13.txt,0.0,"The generated answer states the hijacker carried a radio, which contradicts the correct answer, which specifies 'a large book'.",False,a large book
study3,B,13,13,2,2,What had the hijacker put under his seat?,The radio.,"Reading MaterialAs the five-thirty flight was leaving the ground, Diane was walking the aisles serving the passengers their drinks.  Just as she was about to hand one man his drink, she was grabbed from behind by a young man.  He told Diane he wanted to hijack the plane.  Diane recognized the hijacker.  She remembered that he was the last passenger to board.  Diane rememberedhad carried on the plane.She remembered thinking he probably stopped to buy the book and almost missed the flight.  Now he was holding her tightly and demanding to speak with the pilot.  Diane told everyone to be calm and no one would get hurt.  Diane took the hijacker to the pilot.  The hijacker squeezed her arm and told her not to say a word.  He told the pilot that he wanted to go to Cuba.  Diane knew the pilot would agree to do anything that the hijacker wanted.  Diane realized he needed to ensure the safety of his passengers and crew.  Heasked the hijacker to release Diane so she could calm the passengers.  Diane knew the passengers would be upset.  She told them that the hijacker wanted to go to Cuba.  She said nobody would get hurt if everyone stayed calm.  As she was talking,had put under his seat.hijacker's seat.  However, she decided not to touch the radio.  By the time theplane landed in Cuba, Diane had calmedthe passengers.  When the hijacker leftthe plane, Diane told the passengersthat they were no longer in danger.  The hijacker was arrested by waiting Cuban authorities and the plane took off for Miami.  Diane met several F.B.I. agents in Miami.  The agents wanted to talkwith her about the hijacking.  Theyquestioned her for hours.  They were veryinterested in knowing what the hijacker3she noticed a radio under the ",13.txt,1.0,"The generated answer 'The radio' correctly identifies the object as a radio, matching the correct answer.",True,radio
study3,C,13,13,1,1,What did the hijacker carry on the plane?,The hijacker carried a large book.,"The TransmitterAs the five-thirty flight was leaving the ground, Diane was walking the aisles serving the passengers their drinks.  Just as she was about to hand one man his drink, she was grabbed from behind by a young man.  He told Diane he wanted to hijack the plane.  Diane recognized the hijacker.  She remembered that he was the last passenger to board.  Diane rememberedhad carried on the plane.She remembered thinking he probably stopped to buy the book and almost missed the flight.  Now he was holding her tightly and demanding to speak with the pilot.  Diane told everyone to be calm and no one would get hurt.  Diane took the hijacker to the pilot.  The hijacker squeezed her arm and told her not to say a word.  He told the pilot that he wanted to go to Cuba.  Diane knew the pilot would agree to do anything that the hijacker wanted.  Diane realized he needed to ensure the safety of his passengers and crew.  Heasked the hijacker to release Diane so she could calm the passengers.  Diane knew the passengers would be upset.  She told them that the hijacker wanted to go to Cuba.  She said nobody would get hurt if everyone stayed calm.  As she was talking,had put under his seat.hijacker's seat.  However, she decided not to touch the radio.  By the time theplane landed in Cuba, Diane had calmedthe passengers.  When the hijacker leftthe plane, Diane told the passengersthat they were no longer in danger.  The hijacker was arrested by waiting Cuban authorities and the plane took off for Miami.  Diane met several F.B.I. agents in Miami.  The agents wanted to talkwith her about the hijacking.  Theyquestioned her for hours.  They were veryinterested in knowing what the hijacker3that he had been carrying a large book.",13.txt,1.0,"The generated answer directly and accurately reflects the correct answer, identifying 'a large book.'",True,a large book
study3,C,13,13,2,2,What had the hijacker put under his seat?,The hijacker had a large book with him.,"The TransmitterAs the five-thirty flight was leaving the ground, Diane was walking the aisles serving the passengers their drinks.  Just as she was about to hand one man his drink, she was grabbed from behind by a young man.  He told Diane he wanted to hijack the plane.  Diane recognized the hijacker.  She remembered that he was the last passenger to board.  Diane rememberedhad carried on the plane.She remembered thinking he probably stopped to buy the book and almost missed the flight.  Now he was holding her tightly and demanding to speak with the pilot.  Diane told everyone to be calm and no one would get hurt.  Diane took the hijacker to the pilot.  The hijacker squeezed her arm and told her not to say a word.  He told the pilot that he wanted to go to Cuba.  Diane knew the pilot would agree to do anything that the hijacker wanted.  Diane realized he needed to ensure the safety of his passengers and crew.  Heasked the hijacker to release Diane so she could calm the passengers.  Diane knew the passengers would be upset.  She told them that the hijacker wanted to go to Cuba.  She said nobody would get hurt if everyone stayed calm.  As she was talking,had put under his seat.hijacker's seat.  However, she decided not to touch the radio.  By the time theplane landed in Cuba, Diane had calmedthe passengers.  When the hijacker leftthe plane, Diane told the passengersthat they were no longer in danger.  The hijacker was arrested by waiting Cuban authorities and the plane took off for Miami.  Diane met several F.B.I. agents in Miami.  The agents wanted to talkwith her about the hijacking.  Theyquestioned her for hours.  They were veryinterested in knowing what the hijacker3that he had been carrying a large book.",13.txt,0.0,"The correct answer is 'radio,' but the generated answer incorrectly states that the hijacker had 'a large book,' thereby failing to answer what was put under his seat.",False,radio
study3,D,13,13,1,1,What did the hijacker carry on the plane?,The hijacker carried a gun and a radio.,"The TransmitterAs the five-thirty flight was leaving the ground, Diane was walking the aisles serving the passengers their drinks.  Just as she was about to hand one man his drink, she was grabbed from behind by a young man.  He told Diane he wanted to hijack the plane.  Diane recognized the hijacker.  She remembered that he was the last passenger to board.  Diane rememberedhad carried on the plane.She remembered thinking he probably stopped to buy the book and almost missed the flight.  Now he was holding her tightly and demanding to speak with the pilot.  Diane told everyone to be calm and no one would get hurt.  Diane took the hijacker to the pilot.  The hijacker squeezed her arm and told her not to say a word.  He told the pilot that he wanted to go to Cuba.  Diane knew the pilot would agree to do anything that the hijacker wanted.  Diane realized he needed to ensure the safety of his passengers and crew.  Heasked the hijacker to release Diane so she could calm the passengers.  Diane knew the passengers would be upset.  She told them that the hijacker wanted to go to Cuba.  She said nobody would get hurt if everyone stayed calm.  As she was talking,had put under his seat.hijacker's seat.  However, she decided not to touch the radio.  By the time theplane landed in Cuba, Diane had calmedthe passengers.  When the hijacker leftthe plane, Diane told the passengersthat they were no longer in danger.  The hijacker was arrested by waiting Cuban authorities and the plane took off for Miami.  Diane met several F.B.I. agents in Miami.  The agents wanted to talkwith her about the hijacking.  Theyquestioned her for hours.  They were veryinterested in knowing what the hijacker3she noticed a radio under the ",13.txt,0.0,"The generated answer, 'gun and a radio,' does not match the correct answer, 'a large book.' The context suggests the hijacker carried a book.",False,a large book
study3,D,13,13,2,2,What had the hijacker put under his seat?,He had a radio and a box of chocolates.,"The TransmitterAs the five-thirty flight was leaving the ground, Diane was walking the aisles serving the passengers their drinks.  Just as she was about to hand one man his drink, she was grabbed from behind by a young man.  He told Diane he wanted to hijack the plane.  Diane recognized the hijacker.  She remembered that he was the last passenger to board.  Diane rememberedhad carried on the plane.She remembered thinking he probably stopped to buy the book and almost missed the flight.  Now he was holding her tightly and demanding to speak with the pilot.  Diane told everyone to be calm and no one would get hurt.  Diane took the hijacker to the pilot.  The hijacker squeezed her arm and told her not to say a word.  He told the pilot that he wanted to go to Cuba.  Diane knew the pilot would agree to do anything that the hijacker wanted.  Diane realized he needed to ensure the safety of his passengers and crew.  Heasked the hijacker to release Diane so she could calm the passengers.  Diane knew the passengers would be upset.  She told them that the hijacker wanted to go to Cuba.  She said nobody would get hurt if everyone stayed calm.  As she was talking,had put under his seat.hijacker's seat.  However, she decided not to touch the radio.  By the time theplane landed in Cuba, Diane had calmedthe passengers.  When the hijacker leftthe plane, Diane told the passengersthat they were no longer in danger.  The hijacker was arrested by waiting Cuban authorities and the plane took off for Miami.  Diane met several F.B.I. agents in Miami.  The agents wanted to talkwith her about the hijacking.  Theyquestioned her for hours.  They were veryinterested in knowing what the hijacker3she noticed a radio under the ",13.txt,1.0,"The generated answer correctly identifies 'radio,' which is the item specified in the correct answer. Although the generated answer includes extraneous and likely incorrect information ('a box of chocolates'), the essential element requested by the correct answer is present.",True,radio
study3,A,14,14,1,1,What broke the window?,"David lost his footing and fell, causing the ladder to fall and break a window.","The Wayward ToolDavid had just bought his first house in a small town near his new job.  Since he didn't have much money, he had to buy a house that was still unfinished.  Every weekend, he worked around the house and yard.  One weekend David called his friend Tom to help him paint the house.  He was afraid he wouldn't finish the front of the house before the cold what broke the window.David lost his footing and fell, causing the ladder to fall and break a window.  David decided to leave the window and start painting.  David and Tom worked all day on the front of the house.  David figured that if the weather was good, he could finish painting before winter came and then he could work on the inside during the winter.  David and Tom were working fast and furiously to finish.  David decided not to stop for lunch. He continued painting while he ate a quick sandwich.  By four o'clock, David had finished the front of the house and he became confident that he would finish the whole house before winter.  David decided to quit for the day so he and Tom cleaned up.  Tom started cleaning the brushes where David had gone.put away the paint.  The basement was quite damp, a problem David planned to fix after he finished the rest of the house.  Just then, David's wife came outside.  She stopped and gave a long approving look at the house. She toldTom it looked great and stepped backto get a better view.  She really likedthe color of the paint.  She asked Tom3weather set in.  While moving a ladder, ",14.txt,0.0,"The Correct Answer is the specific object 'ladder.' The Generated Answer is a descriptive sentence explaining the circumstances of the event ('David lost his footing and fell, causing the ladder to fall and break a window.'). Although the ladder is mentioned, the response is too verbose and does not strictly match the required concise answer.",False,ladder
study3,A,14,14,2,2,Where had David gone to?,David was painting on the back of the house.,"The Wayward ToolDavid had just bought his first house in a small town near his new job.  Since he didn't have much money, he had to buy a house that was still unfinished.  Every weekend, he worked around the house and yard.  One weekend David called his friend Tom to help him paint the house.  He was afraid he wouldn't finish the front of the house before the cold what broke the window.David lost his footing and fell, causing the ladder to fall and break a window.  David decided to leave the window and start painting.  David and Tom worked all day on the front of the house.  David figured that if the weather was good, he could finish painting before winter came and then he could work on the inside during the winter.  David and Tom were working fast and furiously to finish.  David decided not to stop for lunch. He continued painting while he ate a quick sandwich.  By four o'clock, David had finished the front of the house and he became confident that he would finish the whole house before winter.  David decided to quit for the day so he and Tom cleaned up.  Tom started cleaning the brushes where David had gone.put away the paint.  The basement was quite damp, a problem David planned to fix after he finished the rest of the house.  Just then, David's wife came outside.  She stopped and gave a long approving look at the house. She toldTom it looked great and stepped backto get a better view.  She really likedthe color of the paint.  She asked Tom3weather set in.  While moving a ladder, ",14.txt,0.0,"The Correct Answer specifies the location as 'basement,' but the Generated Answer states 'David was painting on the back of the house.' These two answers provide different locations and therefore do not match.",False,basement
study3,B,14,14,1,1,What broke the window?,The ladder fell and broke the window.,"The Wayward ToolDavid had just bought his first house in a small town near his new job.  Since he didn't have much money, he had to buy a house that was still unfinished.  Every weekend, he worked around the house and yard.  One weekend David called his friend Tom to help him paint the house.  He was afraid he wouldn't finish the front of the house before the cold what broke the window.David lost his footing and fell, causing the ladder to fall and break a window.  David decided to leave the window and start painting.  David and Tom worked all day on the front of the house.  David figured that if the weather was good, he could finish painting before winter came and then he could work on the inside during the winter.  David and Tom were working fast and furiously to finish.  David decided not to stop for lunch. He continued painting while he ate a quick sandwich.  By four o'clock, David had finished the front of the house and he became confident that he would finish the whole house before winter.  David decided to quit for the day so he and Tom cleaned up.  Tom started cleaning the brushes where David had gone.put away the paint.  The basement was quite damp, a problem David planned to fix after he finished the rest of the house.  Just then, David's wife came outside.  She stopped and gave a long approving look at the house. She toldTom it looked great and stepped backto get a better view.  She really likedthe color of the paint.  She asked Tom3while David went into the basement to ",14.txt,1.0,"The generated answer correctly identifies the 'ladder' as the object that broke the window, which aligns with the provided correct answer and the context: 'causing the ladder to fall and break a window.'",True,ladder
study3,B,14,14,2,2,Where had David gone to?,David went to the basement.,"The Wayward ToolDavid had just bought his first house in a small town near his new job.  Since he didn't have much money, he had to buy a house that was still unfinished.  Every weekend, he worked around the house and yard.  One weekend David called his friend Tom to help him paint the house.  He was afraid he wouldn't finish the front of the house before the cold what broke the window.David lost his footing and fell, causing the ladder to fall and break a window.  David decided to leave the window and start painting.  David and Tom worked all day on the front of the house.  David figured that if the weather was good, he could finish painting before winter came and then he could work on the inside during the winter.  David and Tom were working fast and furiously to finish.  David decided not to stop for lunch. He continued painting while he ate a quick sandwich.  By four o'clock, David had finished the front of the house and he became confident that he would finish the whole house before winter.  David decided to quit for the day so he and Tom cleaned up.  Tom started cleaning the brushes where David had gone.put away the paint.  The basement was quite damp, a problem David planned to fix after he finished the rest of the house.  Just then, David's wife came outside.  She stopped and gave a long approving look at the house. She toldTom it looked great and stepped backto get a better view.  She really likedthe color of the paint.  She asked Tom3while David went into the basement to ",14.txt,1.0,"The generated answer states that David went to the 'basement,' which is a direct match to the provided correct answer.",True,basement
study3,C,14,14,1,1,What broke the window?,The ladder fell and broke the window.,"Subterranean StorageDavid had just bought his first house in a small town near his new job.  Since he didn't have much money, he had to buy a house that was still unfinished.  Every weekend, he worked around the house and yard.  One weekend David called his friend Tom to help him paint the house.  He was afraid he wouldn't finish the front of the house before the cold what broke the window.David lost his footing and fell, causing the ladder to fall and break a window.  David decided to leave the window and start painting.  David and Tom worked all day on the front of the house.  David figured that if the weather was good, he could finish painting before winter came and then he could work on the inside during the winter.  David and Tom were working fast and furiously to finish.  David decided not to stop for lunch. He continued painting while he ate a quick sandwich.  By four o'clock, David had finished the front of the house and he became confident that he would finish the whole house before winter.  David decided to quit for the day so he and Tom cleaned up.  Tom started cleaning the brushes where David had gone.put away the paint.  The basement was quite damp, a problem David planned to fix after he finished the rest of the house.  Just then, David's wife came outside.  She stopped and gave a long approving look at the house. She toldTom it looked great and stepped backto get a better view.  She really likedthe color of the paint.  She asked Tom3weather set in.  While moving a ladder, ",14.txt,1.0,"The generated answer explicitly names the ladder as the object that broke the window, which is the exact content of the correct answer.",True,ladder
study3,C,14,14,2,2,Where had David gone to?,He had returned home to fix a problem with the pipes.,"Subterranean StorageDavid had just bought his first house in a small town near his new job.  Since he didn't have much money, he had to buy a house that was still unfinished.  Every weekend, he worked around the house and yard.  One weekend David called his friend Tom to help him paint the house.  He was afraid he wouldn't finish the front of the house before the cold what broke the window.David lost his footing and fell, causing the ladder to fall and break a window.  David decided to leave the window and start painting.  David and Tom worked all day on the front of the house.  David figured that if the weather was good, he could finish painting before winter came and then he could work on the inside during the winter.  David and Tom were working fast and furiously to finish.  David decided not to stop for lunch. He continued painting while he ate a quick sandwich.  By four o'clock, David had finished the front of the house and he became confident that he would finish the whole house before winter.  David decided to quit for the day so he and Tom cleaned up.  Tom started cleaning the brushes where David had gone.put away the paint.  The basement was quite damp, a problem David planned to fix after he finished the rest of the house.  Just then, David's wife came outside.  She stopped and gave a long approving look at the house. She toldTom it looked great and stepped backto get a better view.  She really likedthe color of the paint.  She asked Tom3weather set in.  While moving a ladder, ",14.txt,0.0,The correct answer specifies the location David went to ('basement'). The generated answer provides the purpose for his trip ('returned home to fix a problem with the pipes') but fails to mention the specific location required by the correct answer.,False,basement
study3,D,14,14,1,1,What broke the window?,Tom's leg broke the window and David fell.,"Subterranean StorageDavid had just bought his first house in a small town near his new job.  Since he didn't have much money, he had to buy a house that was still unfinished.  Every weekend, he worked around the house and yard.  One weekend David called his friend Tom to help him paint the house.  He was afraid he wouldn't finish the front of the house before the cold what broke the window.David lost his footing and fell, causing the ladder to fall and break a window.  David decided to leave the window and start painting.  David and Tom worked all day on the front of the house.  David figured that if the weather was good, he could finish painting before winter came and then he could work on the inside during the winter.  David and Tom were working fast and furiously to finish.  David decided not to stop for lunch. He continued painting while he ate a quick sandwich.  By four o'clock, David had finished the front of the house and he became confident that he would finish the whole house before winter.  David decided to quit for the day so he and Tom cleaned up.  Tom started cleaning the brushes where David had gone.put away the paint.  The basement was quite damp, a problem David planned to fix after he finished the rest of the house.  Just then, David's wife came outside.  She stopped and gave a long approving look at the house. She toldTom it looked great and stepped backto get a better view.  She really likedthe color of the paint.  She asked Tom3while David went into the basement to ",14.txt,0.0,"The generated answer incorrectly identifies the object that broke the window as 'Tom's leg,' while the correct answer specifies the 'ladder.'",False,ladder
study3,D,14,14,2,2,Where had David gone to?,David had gone to the basement to fix the dampness.,"Subterranean StorageDavid had just bought his first house in a small town near his new job.  Since he didn't have much money, he had to buy a house that was still unfinished.  Every weekend, he worked around the house and yard.  One weekend David called his friend Tom to help him paint the house.  He was afraid he wouldn't finish the front of the house before the cold what broke the window.David lost his footing and fell, causing the ladder to fall and break a window.  David decided to leave the window and start painting.  David and Tom worked all day on the front of the house.  David figured that if the weather was good, he could finish painting before winter came and then he could work on the inside during the winter.  David and Tom were working fast and furiously to finish.  David decided not to stop for lunch. He continued painting while he ate a quick sandwich.  By four o'clock, David had finished the front of the house and he became confident that he would finish the whole house before winter.  David decided to quit for the day so he and Tom cleaned up.  Tom started cleaning the brushes where David had gone.put away the paint.  The basement was quite damp, a problem David planned to fix after he finished the rest of the house.  Just then, David's wife came outside.  She stopped and gave a long approving look at the house. She toldTom it looked great and stepped backto get a better view.  She really likedthe color of the paint.  She asked Tom3while David went into the basement to ",14.txt,1.0,"The generated answer correctly identifies the location David had gone to as the 'basement,' matching the correct answer. The inclusion of additional context ('to fix the dampness') does not detract from the correctness of the primary location.",True,basement
study3,A,15,15,1,1,What burned in the building?,The boat.,"The Charred VesselSteve thought that working at the fire department had been easy but lately, he noticed a rash of fires had been plaguingthe town.  Mostly, the fires were empty buildings and summer cottages down by the lake.  One night, Steve spotted some smoke down by the lake.  By the time he got there, a building was fully engulfed in flames.  He was too late to save the building and as the walls began to fall what had burned in the building.Unfortunately, he couldn't save the boat either.  By sunrise, Steve saw nothing left but some smoking embers and some smoldering beams.  He poked around in the remains of the building to make sure there was no chance of the fire starting to burn again.  Steve knew it had been a very dry autumn this year and any stray spark would probably start a fire that would burn up a good portion of the forest around the lake if it was uncontainable.  The police had also asked Steve to look around for arson clues.  Steve thought the fire was suspicious and had wanted to investigate.  He wanted to catch the arsonist and end the rash of fires before somebody got killed.  When Steve saw that the embers had cooled, he began digging around in the ashes.  Unfortunately, he wasn't having much success.  He was able to find an old what he had found in the ashes.was important.  By mid-morning, Steve decided the fire was sufficiently out so that he could return to the fire station.  He was more than happy to go back.  Having worked all night, he was cold, tired, and especially hungry.  Steve decided to cook some pancakes.  While cooking, one of his buddies asked him3away, Steve could see a boat inside.  ",15.txt,1.0,"The generated answer, 'The boat,' is a direct and factually correct match for the expected answer, 'boat.'",True,boat
study3,A,15,15,2,2,What did Steve find in the ashes?,Steve found a charred vessel.,"The Charred VesselSteve thought that working at the fire department had been easy but lately, he noticed a rash of fires had been plaguingthe town.  Mostly, the fires were empty buildings and summer cottages down by the lake.  One night, Steve spotted some smoke down by the lake.  By the time he got there, a building was fully engulfed in flames.  He was too late to save the building and as the walls began to fall what had burned in the building.Unfortunately, he couldn't save the boat either.  By sunrise, Steve saw nothing left but some smoking embers and some smoldering beams.  He poked around in the remains of the building to make sure there was no chance of the fire starting to burn again.  Steve knew it had been a very dry autumn this year and any stray spark would probably start a fire that would burn up a good portion of the forest around the lake if it was uncontainable.  The police had also asked Steve to look around for arson clues.  Steve thought the fire was suspicious and had wanted to investigate.  He wanted to catch the arsonist and end the rash of fires before somebody got killed.  When Steve saw that the embers had cooled, he began digging around in the ashes.  Unfortunately, he wasn't having much success.  He was able to find an old what he had found in the ashes.was important.  By mid-morning, Steve decided the fire was sufficiently out so that he could return to the fire station.  He was more than happy to go back.  Having worked all night, he was cold, tired, and especially hungry.  Steve decided to cook some pancakes.  While cooking, one of his buddies asked him3away, Steve could see a boat inside.  ",15.txt,0.0,"The generated answer states that Steve found a 'charred vessel,' but the correct answer required is 'glove.' The answers are factually different.",False,glove
study3,B,15,15,1,1,What burned in the building?,A pile of papers.,"The Charred VesselSteve thought that working at the fire department had been easy but lately, he noticed a rash of fires had been plaguingthe town.  Mostly, the fires were empty buildings and summer cottages down by the lake.  One night, Steve spotted some smoke down by the lake.  By the time he got there, a building was fully engulfed in flames.  He was too late to save the building and as the walls began to fall what had burned in the building.Unfortunately, he couldn't save the boat either.  By sunrise, Steve saw nothing left but some smoking embers and some smoldering beams.  He poked around in the remains of the building to make sure there was no chance of the fire starting to burn again.  Steve knew it had been a very dry autumn this year and any stray spark would probably start a fire that would burn up a good portion of the forest around the lake if it was uncontainable.  The police had also asked Steve to look around for arson clues.  Steve thought the fire was suspicious and had wanted to investigate.  He wanted to catch the arsonist and end the rash of fires before somebody got killed.  When Steve saw that the embers had cooled, he began digging around in the ashes.  Unfortunately, he wasn't having much success.  He was able to find an old what he had found in the ashes.was important.  By mid-morning, Steve decided the fire was sufficiently out so that he could return to the fire station.  He was more than happy to go back.  Having worked all night, he was cold, tired, and especially hungry.  Steve decided to cook some pancakes.  While cooking, one of his buddies asked him3glove but he wasn't sure if the glove ",15.txt,0.0,"The generated answer 'A pile of papers' does not match the correct answer 'boat'. The passage context mentions that Steve 'couldn't save the boat either,' confirming the boat burned.",False,boat
study3,B,15,15,2,2,What did Steve find in the ashes?,A charred glove.,"The Charred VesselSteve thought that working at the fire department had been easy but lately, he noticed a rash of fires had been plaguingthe town.  Mostly, the fires were empty buildings and summer cottages down by the lake.  One night, Steve spotted some smoke down by the lake.  By the time he got there, a building was fully engulfed in flames.  He was too late to save the building and as the walls began to fall what had burned in the building.Unfortunately, he couldn't save the boat either.  By sunrise, Steve saw nothing left but some smoking embers and some smoldering beams.  He poked around in the remains of the building to make sure there was no chance of the fire starting to burn again.  Steve knew it had been a very dry autumn this year and any stray spark would probably start a fire that would burn up a good portion of the forest around the lake if it was uncontainable.  The police had also asked Steve to look around for arson clues.  Steve thought the fire was suspicious and had wanted to investigate.  He wanted to catch the arsonist and end the rash of fires before somebody got killed.  When Steve saw that the embers had cooled, he began digging around in the ashes.  Unfortunately, he wasn't having much success.  He was able to find an old what he had found in the ashes.was important.  By mid-morning, Steve decided the fire was sufficiently out so that he could return to the fire station.  He was more than happy to go back.  Having worked all night, he was cold, tired, and especially hungry.  Steve decided to cook some pancakes.  While cooking, one of his buddies asked him3glove but he wasn't sure if the glove ",15.txt,1.0,The generated answer 'A charred glove' contains the essential information found ('glove') and is considered a match for the correct answer 'glove'.,True,glove
study3,C,15,15,1,1,What burned in the building?,A boat,"The Inexplicable ClueSteve thought that working at the fire department had been easy but lately, he noticed a rash of fires had been plaguingthe town.  Mostly, the fires were empty buildings and summer cottages down by the lake.  One night, Steve spotted some smoke down by the lake.  By the time he got there, a building was fully engulfed in flames.  He was too late to save the building and as the walls began to fall what had burned in the building.Unfortunately, he couldn't save the boat either.  By sunrise, Steve saw nothing left but some smoking embers and some smoldering beams.  He poked around in the remains of the building to make sure there was no chance of the fire starting to burn again.  Steve knew it had been a very dry autumn this year and any stray spark would probably start a fire that would burn up a good portion of the forest around the lake if it was uncontainable.  The police had also asked Steve to look around for arson clues.  Steve thought the fire was suspicious and had wanted to investigate.  He wanted to catch the arsonist and end the rash of fires before somebody got killed.  When Steve saw that the embers had cooled, he began digging around in the ashes.  Unfortunately, he wasn't having much success.  He was able to find an old what he had found in the ashes.was important.  By mid-morning, Steve decided the fire was sufficiently out so that he could return to the fire station.  He was more than happy to go back.  Having worked all night, he was cold, tired, and especially hungry.  Steve decided to cook some pancakes.  While cooking, one of his buddies asked him3away, Steve could see a boat inside.  ",15.txt,1.0,The generated answer ('A boat') provides the correct object and is a semantically equivalent match to the specified correct answer ('boat').,True,boat
study3,C,15,15,2,2,What did Steve find in the ashes?,Steve found a piece of what he had found in the ashes.,"The Inexplicable ClueSteve thought that working at the fire department had been easy but lately, he noticed a rash of fires had been plaguingthe town.  Mostly, the fires were empty buildings and summer cottages down by the lake.  One night, Steve spotted some smoke down by the lake.  By the time he got there, a building was fully engulfed in flames.  He was too late to save the building and as the walls began to fall what had burned in the building.Unfortunately, he couldn't save the boat either.  By sunrise, Steve saw nothing left but some smoking embers and some smoldering beams.  He poked around in the remains of the building to make sure there was no chance of the fire starting to burn again.  Steve knew it had been a very dry autumn this year and any stray spark would probably start a fire that would burn up a good portion of the forest around the lake if it was uncontainable.  The police had also asked Steve to look around for arson clues.  Steve thought the fire was suspicious and had wanted to investigate.  He wanted to catch the arsonist and end the rash of fires before somebody got killed.  When Steve saw that the embers had cooled, he began digging around in the ashes.  Unfortunately, he wasn't having much success.  He was able to find an old what he had found in the ashes.was important.  By mid-morning, Steve decided the fire was sufficiently out so that he could return to the fire station.  He was more than happy to go back.  Having worked all night, he was cold, tired, and especially hungry.  Steve decided to cook some pancakes.  While cooking, one of his buddies asked him3away, Steve could see a boat inside.  ",15.txt,0.0,The generated answer is circular and fails to identify the specific object ('glove') required by the correct answer.,False,glove
study3,D,15,15,1,1,What burned in the building?,The building burned down.,"The Inexplicable ClueSteve thought that working at the fire department had been easy but lately, he noticed a rash of fires had been plaguingthe town.  Mostly, the fires were empty buildings and summer cottages down by the lake.  One night, Steve spotted some smoke down by the lake.  By the time he got there, a building was fully engulfed in flames.  He was too late to save the building and as the walls began to fall what had burned in the building.Unfortunately, he couldn't save the boat either.  By sunrise, Steve saw nothing left but some smoking embers and some smoldering beams.  He poked around in the remains of the building to make sure there was no chance of the fire starting to burn again.  Steve knew it had been a very dry autumn this year and any stray spark would probably start a fire that would burn up a good portion of the forest around the lake if it was uncontainable.  The police had also asked Steve to look around for arson clues.  Steve thought the fire was suspicious and had wanted to investigate.  He wanted to catch the arsonist and end the rash of fires before somebody got killed.  When Steve saw that the embers had cooled, he began digging around in the ashes.  Unfortunately, he wasn't having much success.  He was able to find an old what he had found in the ashes.was important.  By mid-morning, Steve decided the fire was sufficiently out so that he could return to the fire station.  He was more than happy to go back.  Having worked all night, he was cold, tired, and especially hungry.  Steve decided to cook some pancakes.  While cooking, one of his buddies asked him3glove but he wasn't sure if the glove ",15.txt,0.0,"The generated answer restates the premise of the question (the building burned down) instead of identifying the specific item (boat) that was destroyed inside the structure, as indicated by the correct answer.",False,boat
study3,D,15,15,2,2,What did Steve find in the ashes?,A letter.,"The Inexplicable ClueSteve thought that working at the fire department had been easy but lately, he noticed a rash of fires had been plaguingthe town.  Mostly, the fires were empty buildings and summer cottages down by the lake.  One night, Steve spotted some smoke down by the lake.  By the time he got there, a building was fully engulfed in flames.  He was too late to save the building and as the walls began to fall what had burned in the building.Unfortunately, he couldn't save the boat either.  By sunrise, Steve saw nothing left but some smoking embers and some smoldering beams.  He poked around in the remains of the building to make sure there was no chance of the fire starting to burn again.  Steve knew it had been a very dry autumn this year and any stray spark would probably start a fire that would burn up a good portion of the forest around the lake if it was uncontainable.  The police had also asked Steve to look around for arson clues.  Steve thought the fire was suspicious and had wanted to investigate.  He wanted to catch the arsonist and end the rash of fires before somebody got killed.  When Steve saw that the embers had cooled, he began digging around in the ashes.  Unfortunately, he wasn't having much success.  He was able to find an old what he had found in the ashes.was important.  By mid-morning, Steve decided the fire was sufficiently out so that he could return to the fire station.  He was more than happy to go back.  Having worked all night, he was cold, tired, and especially hungry.  Steve decided to cook some pancakes.  While cooking, one of his buddies asked him3glove but he wasn't sure if the glove ",15.txt,0.0,The generated answer ('A letter') does not match the provided correct answer ('glove').,False,glove
study3,A,16,16,1,1,What was the murder weapon?,The murder weapon was a knife that was lying next to the victim.,"The Killer's BladeJohn had been promoted to detective two months ago and he couldn't wait to make his first big arrest.  He knew he would be nervous when a case came to trial because the defense attorney would be trying to discredit his testimony in order to get his client off.  John decided he would only make careful arrests.  Early one night, John responded to a call on Maple street and when he arrived, found a young woman lying on the sidewalk.  He turned her over, saw a pool of blood, and realized she was dead.  Johnwhat the murder weapon had been.next to the woman.  He thought the knifemight have fingerprints.  John called the coroner's office and he attempted to keep the growing crowd away while he waited.  Suddenly, John saw a man break through the crowd and crouch over the woman.  He told John that he was the woman's husband.  John immediately pulled him back from the body and questioned him, wanting to know if he knew anything.  John was looking for clues and asked the husband to help him.  He wanted to solve this case and show his boss that he had deserved his recent promotion.  John was being pretty insensitive however. The man had just lost his wife and didn't really want to talk but John kept him around anyway.  Actually, John suspected the husband and didn't want to let him go until he was sure he wasn't guilty.  When if anything had been stolen.had been stolen, he knew the husbandwas innocent.  The stolen money meantthat the case was probably a robbery.John didn't need much time to find asuspect and bring him to trial.  Johntook the stand knowing the defenseattorney would be tough.  He was verynervous but he was also ready for anyquestion.  The defense attorney asked him3didn't dare touch the knife that was lying",16.txt,1.0,"The generated answer includes the essential information, 'knife', which matches the correct answer, despite adding extra contextual details.",True,knife
study3,A,16,16,2,2,What had been stolen?,The money.,"The Killer's BladeJohn had been promoted to detective two months ago and he couldn't wait to make his first big arrest.  He knew he would be nervous when a case came to trial because the defense attorney would be trying to discredit his testimony in order to get his client off.  John decided he would only make careful arrests.  Early one night, John responded to a call on Maple street and when he arrived, found a young woman lying on the sidewalk.  He turned her over, saw a pool of blood, and realized she was dead.  Johnwhat the murder weapon had been.next to the woman.  He thought the knifemight have fingerprints.  John called the coroner's office and he attempted to keep the growing crowd away while he waited.  Suddenly, John saw a man break through the crowd and crouch over the woman.  He told John that he was the woman's husband.  John immediately pulled him back from the body and questioned him, wanting to know if he knew anything.  John was looking for clues and asked the husband to help him.  He wanted to solve this case and show his boss that he had deserved his recent promotion.  John was being pretty insensitive however. The man had just lost his wife and didn't really want to talk but John kept him around anyway.  Actually, John suspected the husband and didn't want to let him go until he was sure he wasn't guilty.  When if anything had been stolen.had been stolen, he knew the husbandwas innocent.  The stolen money meantthat the case was probably a robbery.John didn't need much time to find asuspect and bring him to trial.  Johntook the stand knowing the defenseattorney would be tough.  He was verynervous but he was also ready for anyquestion.  The defense attorney asked him3didn't dare touch the knife that was lying",16.txt,1.0,"The generated answer 'The money' correctly identifies the stolen item as 'money', making it semantically equivalent to the correct answer.",True,money
study3,B,16,16,1,1,What was the murder weapon?,A candlestick.,"The Killer's BladeJohn had been promoted to detective two months ago and he couldn't wait to make his first big arrest.  He knew he would be nervous when a case came to trial because the defense attorney would be trying to discredit his testimony in order to get his client off.  John decided he would only make careful arrests.  Early one night, John responded to a call on Maple street and when he arrived, found a young woman lying on the sidewalk.  He turned her over, saw a pool of blood, and realized she was dead.  Johnwhat the murder weapon had been.next to the woman.  He thought the knifemight have fingerprints.  John called the coroner's office and he attempted to keep the growing crowd away while he waited.  Suddenly, John saw a man break through the crowd and crouch over the woman.  He told John that he was the woman's husband.  John immediately pulled him back from the body and questioned him, wanting to know if he knew anything.  John was looking for clues and asked the husband to help him.  He wanted to solve this case and show his boss that he had deserved his recent promotion.  John was being pretty insensitive however. The man had just lost his wife and didn't really want to talk but John kept him around anyway.  Actually, John suspected the husband and didn't want to let him go until he was sure he wasn't guilty.  When if anything had been stolen.had been stolen, he knew the husbandwas innocent.  The stolen money meantthat the case was probably a robbery.John didn't need much time to find asuspect and bring him to trial.  Johntook the stand knowing the defenseattorney would be tough.  He was verynervous but he was also ready for anyquestion.  The defense attorney asked him3John found out that the woman's money ",16.txt,0.0,"The generated answer, 'A candlestick,' is incorrect as it does not match the required correct answer, 'knife.'",False,knife
study3,B,16,16,2,2,What had been stolen?,The husband had been the intended victim.,"The Killer's BladeJohn had been promoted to detective two months ago and he couldn't wait to make his first big arrest.  He knew he would be nervous when a case came to trial because the defense attorney would be trying to discredit his testimony in order to get his client off.  John decided he would only make careful arrests.  Early one night, John responded to a call on Maple street and when he arrived, found a young woman lying on the sidewalk.  He turned her over, saw a pool of blood, and realized she was dead.  Johnwhat the murder weapon had been.next to the woman.  He thought the knifemight have fingerprints.  John called the coroner's office and he attempted to keep the growing crowd away while he waited.  Suddenly, John saw a man break through the crowd and crouch over the woman.  He told John that he was the woman's husband.  John immediately pulled him back from the body and questioned him, wanting to know if he knew anything.  John was looking for clues and asked the husband to help him.  He wanted to solve this case and show his boss that he had deserved his recent promotion.  John was being pretty insensitive however. The man had just lost his wife and didn't really want to talk but John kept him around anyway.  Actually, John suspected the husband and didn't want to let him go until he was sure he wasn't guilty.  When if anything had been stolen.had been stolen, he knew the husbandwas innocent.  The stolen money meantthat the case was probably a robbery.John didn't need much time to find asuspect and bring him to trial.  Johntook the stand knowing the defenseattorney would be tough.  He was verynervous but he was also ready for anyquestion.  The defense attorney asked him3John found out that the woman's money ",16.txt,0.0,"The generated answer ('The husband had been the intended victim.') describes an event or person, while the correct answer specifies the stolen item ('money'). The answers do not match.",False,money
study3,C,16,16,1,1,What was the murder weapon?,The man was holding a knife in his hand.,"The Missing LootJohn had been promoted to detective two months ago and he couldn't wait to make his first big arrest.  He knew he would be nervous when a case came to trial because the defense attorney would be trying to discredit his testimony in order to get his client off.  John decided he would only make careful arrests.  Early one night, John responded to a call on Maple street and when he arrived, found a young woman lying on the sidewalk.  He turned her over, saw a pool of blood, and realized she was dead.  Johnwhat the murder weapon had been.next to the woman.  He thought the knifemight have fingerprints.  John called the coroner's office and he attempted to keep the growing crowd away while he waited.  Suddenly, John saw a man break through the crowd and crouch over the woman.  He told John that he was the woman's husband.  John immediately pulled him back from the body and questioned him, wanting to know if he knew anything.  John was looking for clues and asked the husband to help him.  He wanted to solve this case and show his boss that he had deserved his recent promotion.  John was being pretty insensitive however. The man had just lost his wife and didn't really want to talk but John kept him around anyway.  Actually, John suspected the husband and didn't want to let him go until he was sure he wasn't guilty.  When if anything had been stolen.had been stolen, he knew the husbandwas innocent.  The stolen money meantthat the case was probably a robbery.John didn't need much time to find asuspect and bring him to trial.  Johntook the stand knowing the defenseattorney would be tough.  He was verynervous but he was also ready for anyquestion.  The defense attorney asked him3didn't dare touch the knife that was lying",16.txt,1.0,"The generated answer correctly identifies the murder weapon as a 'knife', which matches the core information of the correct answer.",True,knife
study3,C,16,16,2,2,What had been stolen?,The money.,"The Missing LootJohn had been promoted to detective two months ago and he couldn't wait to make his first big arrest.  He knew he would be nervous when a case came to trial because the defense attorney would be trying to discredit his testimony in order to get his client off.  John decided he would only make careful arrests.  Early one night, John responded to a call on Maple street and when he arrived, found a young woman lying on the sidewalk.  He turned her over, saw a pool of blood, and realized she was dead.  Johnwhat the murder weapon had been.next to the woman.  He thought the knifemight have fingerprints.  John called the coroner's office and he attempted to keep the growing crowd away while he waited.  Suddenly, John saw a man break through the crowd and crouch over the woman.  He told John that he was the woman's husband.  John immediately pulled him back from the body and questioned him, wanting to know if he knew anything.  John was looking for clues and asked the husband to help him.  He wanted to solve this case and show his boss that he had deserved his recent promotion.  John was being pretty insensitive however. The man had just lost his wife and didn't really want to talk but John kept him around anyway.  Actually, John suspected the husband and didn't want to let him go until he was sure he wasn't guilty.  When if anything had been stolen.had been stolen, he knew the husbandwas innocent.  The stolen money meantthat the case was probably a robbery.John didn't need much time to find asuspect and bring him to trial.  Johntook the stand knowing the defenseattorney would be tough.  He was verynervous but he was also ready for anyquestion.  The defense attorney asked him3didn't dare touch the knife that was lying",16.txt,1.0,"The generated answer 'The money.' correctly identifies what was stolen, matching the correct answer 'money'.",True,money
study3,D,16,16,1,1,What was the murder weapon?,John found out that the murder weapon was a candlestick from the table.,"The Missing LootJohn had been promoted to detective two months ago and he couldn't wait to make his first big arrest.  He knew he would be nervous when a case came to trial because the defense attorney would be trying to discredit his testimony in order to get his client off.  John decided he would only make careful arrests.  Early one night, John responded to a call on Maple street and when he arrived, found a young woman lying on the sidewalk.  He turned her over, saw a pool of blood, and realized she was dead.  Johnwhat the murder weapon had been.next to the woman.  He thought the knifemight have fingerprints.  John called the coroner's office and he attempted to keep the growing crowd away while he waited.  Suddenly, John saw a man break through the crowd and crouch over the woman.  He told John that he was the woman's husband.  John immediately pulled him back from the body and questioned him, wanting to know if he knew anything.  John was looking for clues and asked the husband to help him.  He wanted to solve this case and show his boss that he had deserved his recent promotion.  John was being pretty insensitive however. The man had just lost his wife and didn't really want to talk but John kept him around anyway.  Actually, John suspected the husband and didn't want to let him go until he was sure he wasn't guilty.  When if anything had been stolen.had been stolen, he knew the husbandwas innocent.  The stolen money meantthat the case was probably a robbery.John didn't need much time to find asuspect and bring him to trial.  Johntook the stand knowing the defenseattorney would be tough.  He was verynervous but he was also ready for anyquestion.  The defense attorney asked him3John found out that the woman's money ",16.txt,0.0,"The generated answer states the murder weapon was a 'candlestick,' which directly contradicts the correct answer, 'knife'.",False,knife
study3,D,16,16,2,2,What had been stolen?,The lawyer knew it was a robbery and he suspected the husband was innocent.,"The Missing LootJohn had been promoted to detective two months ago and he couldn't wait to make his first big arrest.  He knew he would be nervous when a case came to trial because the defense attorney would be trying to discredit his testimony in order to get his client off.  John decided he would only make careful arrests.  Early one night, John responded to a call on Maple street and when he arrived, found a young woman lying on the sidewalk.  He turned her over, saw a pool of blood, and realized she was dead.  Johnwhat the murder weapon had been.next to the woman.  He thought the knifemight have fingerprints.  John called the coroner's office and he attempted to keep the growing crowd away while he waited.  Suddenly, John saw a man break through the crowd and crouch over the woman.  He told John that he was the woman's husband.  John immediately pulled him back from the body and questioned him, wanting to know if he knew anything.  John was looking for clues and asked the husband to help him.  He wanted to solve this case and show his boss that he had deserved his recent promotion.  John was being pretty insensitive however. The man had just lost his wife and didn't really want to talk but John kept him around anyway.  Actually, John suspected the husband and didn't want to let him go until he was sure he wasn't guilty.  When if anything had been stolen.had been stolen, he knew the husbandwas innocent.  The stolen money meantthat the case was probably a robbery.John didn't need much time to find asuspect and bring him to trial.  Johntook the stand knowing the defenseattorney would be tough.  He was verynervous but he was also ready for anyquestion.  The defense attorney asked him3John found out that the woman's money ",16.txt,0.0,"The generated answer discusses the context of the crime (robbery) and suspects, but it fails to identify the item stolen, which the correct answer states is 'money'.",False,money
