study,version,passage_num,passage_key,question_num,question_id,question,generated_answer,passage_text,passage_file,judge_score,judge_reasoning,is_correct,correct_answer
study3,A,1,01,1,1,What was the man driving?,A van.,"The Worn VehicleDan had been driving almost all night in order to get home for Thanksgiving.  While driving, he found he couldn't stay awake so he stopped at a small all-night convenience store for some coffee.  Before going inside, Dan walked around in the fresh air.  While he was stretchingknew what the man was driving. jumped out.  As Dan followed the man into the store, he noticed that the van was old and dented.  The clerk was very friendly and asked Dan where he was headed.  Dan told him he was in college and that he was going home for Thanksgiving.  While Dan was talking and drinking his coffee, the clerk was eyeing the other man.  Dan watched the man roamaround the store and noticed that he didn't pick up anything.  The clerk asked Dan if he would stay until the man left the store.  The clerk told Dan that the man was making him very nervous.  Dan was anxious to get home but he agreed to stay with the clerk.  Dan didn't want to leave him alone.  He thought his presence would help avoid any trouble.  Finally, the man knew what the man had bought.thought it was a little strange to buy only gum but he was relieved that the man finally left.  He finished his coffee and got another cup.  He hoped he could stay awake until he got home.  Just as hewas  leaving, the police came in.  Theysaid they wanted to ask about the manwho had just left.  They asked Dan if he3his legs, a van pulled up and a man ",1.txt,1.0,"The generated answer 'A van' is factually correct and fully addresses the question, differing only by the inclusion of an article ('A') compared to the reference answer 'van'.",True,van
study3,A,1,01,2,2,What did the man buy?,GumDan was relieved that the man was gone and happy he wouldn't have to deal with the police.,"The Worn VehicleDan had been driving almost all night in order to get home for Thanksgiving.  While driving, he found he couldn't stay awake so he stopped at a small all-night convenience store for some coffee.  Before going inside, Dan walked around in the fresh air.  While he was stretchingknew what the man was driving. jumped out.  As Dan followed the man into the store, he noticed that the van was old and dented.  The clerk was very friendly and asked Dan where he was headed.  Dan told him he was in college and that he was going home for Thanksgiving.  While Dan was talking and drinking his coffee, the clerk was eyeing the other man.  Dan watched the man roamaround the store and noticed that he didn't pick up anything.  The clerk asked Dan if he would stay until the man left the store.  The clerk told Dan that the man was making him very nervous.  Dan was anxious to get home but he agreed to stay with the clerk.  Dan didn't want to leave him alone.  He thought his presence would help avoid any trouble.  Finally, the man knew what the man had bought.thought it was a little strange to buy only gum but he was relieved that the man finally left.  He finished his coffee and got another cup.  He hoped he could stay awake until he got home.  Just as hewas  leaving, the police came in.  Theysaid they wanted to ask about the manwho had just left.  They asked Dan if he3his legs, a van pulled up and a man ",1.txt,1.0,"The generated answer correctly identifies the purchase as 'Gum.' Although the response includes significant extraneous narrative text following the correct answer, the core fact addressing the question is present and accurate.",True,gum
study3,B,1,01,1,1,What was the man driving?,A silver van.,"The Worn VehicleDan had been driving almost all night in order to get home for Thanksgiving.  While driving, he found he couldn't stay awake so he stopped at a small all-night convenience store for some coffee.  Before going inside, Dan walked around in the fresh air.  While he was stretchingknew what the man was driving. jumped out.  As Dan followed the man into the store, he noticed that the van was old and dented.  The clerk was very friendly and asked Dan where he was headed.  Dan told him he was in college and that he was going home for Thanksgiving.  While Dan was talking and drinking his coffee, the clerk was eyeing the other man.  Dan watched the man roamaround the store and noticed that he didn't pick up anything.  The clerk asked Dan if he would stay until the man left the store.  The clerk told Dan that the man was making him very nervous.  Dan was anxious to get home but he agreed to stay with the clerk.  Dan didn't want to leave him alone.  He thought his presence would help avoid any trouble.  Finally, the man knew what the man had bought.thought it was a little strange to buy only gum but he was relieved that the man finally left.  He finished his coffee and got another cup.  He hoped he could stay awake until he got home.  Just as hewas  leaving, the police came in.  Theysaid they wanted to ask about the manwho had just left.  They asked Dan if he3paid for some gum and walked out.  Dan ",1.txt,1.0,"The generated answer correctly identifies the object as a 'van,' which is the essential information required by the correct answer. The addition of the descriptive word 'silver' does not negate the core correctness.",True,van
study3,B,1,01,2,2,What did the man buy?,He bought a bag of gum and a box of cigarettes.,"The Worn VehicleDan had been driving almost all night in order to get home for Thanksgiving.  While driving, he found he couldn't stay awake so he stopped at a small all-night convenience store for some coffee.  Before going inside, Dan walked around in the fresh air.  While he was stretchingknew what the man was driving. jumped out.  As Dan followed the man into the store, he noticed that the van was old and dented.  The clerk was very friendly and asked Dan where he was headed.  Dan told him he was in college and that he was going home for Thanksgiving.  While Dan was talking and drinking his coffee, the clerk was eyeing the other man.  Dan watched the man roamaround the store and noticed that he didn't pick up anything.  The clerk asked Dan if he would stay until the man left the store.  The clerk told Dan that the man was making him very nervous.  Dan was anxious to get home but he agreed to stay with the clerk.  Dan didn't want to leave him alone.  He thought his presence would help avoid any trouble.  Finally, the man knew what the man had bought.thought it was a little strange to buy only gum but he was relieved that the man finally left.  He finished his coffee and got another cup.  He hoped he could stay awake until he got home.  Just as hewas  leaving, the police came in.  Theysaid they wanted to ask about the manwho had just left.  They asked Dan if he3paid for some gum and walked out.  Dan ",1.txt,0.0,"While the generated answer includes the correct item ('gum'), it also includes extraneous and unconfirmed information ('a box of cigarettes'). Since the target correct answer is strictly 'gum,' the inclusion of additional items makes the response incomplete or inaccurate according to the provided correct answer.",False,gum
study3,C,1,01,1,1,What was the man driving?,A van Dan answered that he was driving a van.,"The Odd PurchaseDan had been driving almost all night in order to get home for Thanksgiving.  While driving, he found he couldn't stay awake so he stopped at a small all-night convenience store for some coffee.  Before going inside, Dan walked around in the fresh air.  While he was stretchingknew what the man was driving. jumped out.  As Dan followed the man into the store, he noticed that the van was old and dented.  The clerk was very friendly and asked Dan where he was headed.  Dan told him he was in college and that he was going home for Thanksgiving.  While Dan was talking and drinking his coffee, the clerk was eyeing the other man.  Dan watched the man roamaround the store and noticed that he didn't pick up anything.  The clerk asked Dan if he would stay until the man left the store.  The clerk told Dan that the man was making him very nervous.  Dan was anxious to get home but he agreed to stay with the clerk.  Dan didn't want to leave him alone.  He thought his presence would help avoid any trouble.  Finally, the man knew what the man had bought.thought it was a little strange to buy only gum but he was relieved that the man finally left.  He finished his coffee and got another cup.  He hoped he could stay awake until he got home.  Just as hewas  leaving, the police came in.  Theysaid they wanted to ask about the manwho had just left.  They asked Dan if he3his legs, a van pulled up and a man ",1.txt,1.0,"The generated answer includes the correct identifying term, 'van', matching the correct answer, despite adding extraneous narrative information.",True,van
study3,C,1,01,2,2,What did the man buy?,Dan arrived at his home just in time for dinner.,"The Odd PurchaseDan had been driving almost all night in order to get home for Thanksgiving.  While driving, he found he couldn't stay awake so he stopped at a small all-night convenience store for some coffee.  Before going inside, Dan walked around in the fresh air.  While he was stretchingknew what the man was driving. jumped out.  As Dan followed the man into the store, he noticed that the van was old and dented.  The clerk was very friendly and asked Dan where he was headed.  Dan told him he was in college and that he was going home for Thanksgiving.  While Dan was talking and drinking his coffee, the clerk was eyeing the other man.  Dan watched the man roamaround the store and noticed that he didn't pick up anything.  The clerk asked Dan if he would stay until the man left the store.  The clerk told Dan that the man was making him very nervous.  Dan was anxious to get home but he agreed to stay with the clerk.  Dan didn't want to leave him alone.  He thought his presence would help avoid any trouble.  Finally, the man knew what the man had bought.thought it was a little strange to buy only gum but he was relieved that the man finally left.  He finished his coffee and got another cup.  He hoped he could stay awake until he got home.  Just as hewas  leaving, the police came in.  Theysaid they wanted to ask about the manwho had just left.  They asked Dan if he3his legs, a van pulled up and a man ",1.txt,0.0,The generated answer is completely incorrect and irrelevant. It discusses Dan arriving at home instead of identifying the item purchased ('gum').,False,gum
study3,D,1,01,1,1,What was the man driving?,A van.,"The Odd PurchaseDan had been driving almost all night in order to get home for Thanksgiving.  While driving, he found he couldn't stay awake so he stopped at a small all-night convenience store for some coffee.  Before going inside, Dan walked around in the fresh air.  While he was stretchingknew what the man was driving. jumped out.  As Dan followed the man into the store, he noticed that the van was old and dented.  The clerk was very friendly and asked Dan where he was headed.  Dan told him he was in college and that he was going home for Thanksgiving.  While Dan was talking and drinking his coffee, the clerk was eyeing the other man.  Dan watched the man roamaround the store and noticed that he didn't pick up anything.  The clerk asked Dan if he would stay until the man left the store.  The clerk told Dan that the man was making him very nervous.  Dan was anxious to get home but he agreed to stay with the clerk.  Dan didn't want to leave him alone.  He thought his presence would help avoid any trouble.  Finally, the man knew what the man had bought.thought it was a little strange to buy only gum but he was relieved that the man finally left.  He finished his coffee and got another cup.  He hoped he could stay awake until he got home.  Just as hewas  leaving, the police came in.  Theysaid they wanted to ask about the manwho had just left.  They asked Dan if he3paid for some gum and walked out.  Dan ",1.txt,1.0,The generated answer 'A van' correctly identifies the vehicle 'van' and is a semantic match for the correct answer.,True,van
study3,D,1,01,2,2,What did the man buy?,gum,"The Odd PurchaseDan had been driving almost all night in order to get home for Thanksgiving.  While driving, he found he couldn't stay awake so he stopped at a small all-night convenience store for some coffee.  Before going inside, Dan walked around in the fresh air.  While he was stretchingknew what the man was driving. jumped out.  As Dan followed the man into the store, he noticed that the van was old and dented.  The clerk was very friendly and asked Dan where he was headed.  Dan told him he was in college and that he was going home for Thanksgiving.  While Dan was talking and drinking his coffee, the clerk was eyeing the other man.  Dan watched the man roamaround the store and noticed that he didn't pick up anything.  The clerk asked Dan if he would stay until the man left the store.  The clerk told Dan that the man was making him very nervous.  Dan was anxious to get home but he agreed to stay with the clerk.  Dan didn't want to leave him alone.  He thought his presence would help avoid any trouble.  Finally, the man knew what the man had bought.thought it was a little strange to buy only gum but he was relieved that the man finally left.  He finished his coffee and got another cup.  He hoped he could stay awake until he got home.  Just as hewas  leaving, the police came in.  Theysaid they wanted to ask about the manwho had just left.  They asked Dan if he3paid for some gum and walked out.  Dan ",1.txt,1.0,The generated answer 'gum' is an exact match for the correct answer 'gum'.,True,gum
study3,A,2,02,1,1,What had the boy broken?,1finger,"The Minor InjuryKaren had been working in the emergency room since she had become a nurse several years ago.  She loved working in the emergency room because she found the work interesting and she felt useful.  She especially liked working on Sundays because she could relax.  Unfortunately, Karen had plenty of work this Sunday.  She was just about to take a break when she watched the police bring in a young boy.  She knew he was hurt so she rushed to help him; she was relieved to find thatthe boy had broken anything.carefully set the finger and gave him a sedative.  Then she called his parents and told them not to worry.  Karen was happy to see that the boy had fallen asleep.  She went out to the lobby and waited for the parents, knowing she would have a long wait.  The parents had told her that the drive was an hour long.  Karen sat back in a chair and hoped no more people would come in while she waited.  She was tired of treating people hurt in otherwise preventable accidents.  Karen went back to check on the boy and was glad to see that he was still sleeping.  Then she went to the kitchen to get a cup of coffee.  When she returned, the boy was awake, and asked the boy had asked for anything.Karen brought him a game and told him topress the buzzer if he needed anything.  Then she went out and started to cleanup the emergency room.  She wanted tostraighten things up before she went off duty.Just before she left, the boy's parentsarrived and Karen told them that everythingwas fine.  They wanted to know whether3only a finger was broken.  Karen ",2.txt,1.0,"The core factual information, 'finger', is correctly identified. The presence of the numeral '1' is considered minor noise that does not negate the correctness of the response.",True,finger
study3,A,2,02,2,2,What had the boy asked for?,A game and a cup of coffee,"The Minor InjuryKaren had been working in the emergency room since she had become a nurse several years ago.  She loved working in the emergency room because she found the work interesting and she felt useful.  She especially liked working on Sundays because she could relax.  Unfortunately, Karen had plenty of work this Sunday.  She was just about to take a break when she watched the police bring in a young boy.  She knew he was hurt so she rushed to help him; she was relieved to find thatthe boy had broken anything.carefully set the finger and gave him a sedative.  Then she called his parents and told them not to worry.  Karen was happy to see that the boy had fallen asleep.  She went out to the lobby and waited for the parents, knowing she would have a long wait.  The parents had told her that the drive was an hour long.  Karen sat back in a chair and hoped no more people would come in while she waited.  She was tired of treating people hurt in otherwise preventable accidents.  Karen went back to check on the boy and was glad to see that he was still sleeping.  Then she went to the kitchen to get a cup of coffee.  When she returned, the boy was awake, and asked the boy had asked for anything.Karen brought him a game and told him topress the buzzer if he needed anything.  Then she went out and started to cleanup the emergency room.  She wanted tostraighten things up before she went off duty.Just before she left, the boy's parentsarrived and Karen told them that everythingwas fine.  They wanted to know whether3only a finger was broken.  Karen ",2.txt,0.0,The generated answer includes extraneous and incorrect information ('a cup of coffee') in addition to the correct answer ('game'). Introducing details not supported by the correct answer results in a failing score.,False,game
study3,B,2,02,1,1,What had the boy broken?,The finger.,"The Minor InjuryKaren had been working in the emergency room since she had become a nurse several years ago.  She loved working in the emergency room because she found the work interesting and she felt useful.  She especially liked working on Sundays because she could relax.  Unfortunately, Karen had plenty of work this Sunday.  She was just about to take a break when she watched the police bring in a young boy.  She knew he was hurt so she rushed to help him; she was relieved to find thatthe boy had broken anything.carefully set the finger and gave him a sedative.  Then she called his parents and told them not to worry.  Karen was happy to see that the boy had fallen asleep.  She went out to the lobby and waited for the parents, knowing she would have a long wait.  The parents had told her that the drive was an hour long.  Karen sat back in a chair and hoped no more people would come in while she waited.  She was tired of treating people hurt in otherwise preventable accidents.  Karen went back to check on the boy and was glad to see that he was still sleeping.  Then she went to the kitchen to get a cup of coffee.  When she returned, the boy was awake, and asked the boy had asked for anything.Karen brought him a game and told him topress the buzzer if he needed anything.  Then she went out and started to cleanup the emergency room.  She wanted tostraighten things up before she went off duty.Just before she left, the boy's parentsarrived and Karen told them that everythingwas fine.  They wanted to know whether3her for a game to play while he waited.  ",2.txt,1.0,The generated answer identifies the correct broken object ('finger'). The addition of the definite article ('The') does not change the essential correctness of the response.,True,finger
study3,B,2,02,2,2,What had the boy asked for?,A game to play while he waited.,"The Minor InjuryKaren had been working in the emergency room since she had become a nurse several years ago.  She loved working in the emergency room because she found the work interesting and she felt useful.  She especially liked working on Sundays because she could relax.  Unfortunately, Karen had plenty of work this Sunday.  She was just about to take a break when she watched the police bring in a young boy.  She knew he was hurt so she rushed to help him; she was relieved to find thatthe boy had broken anything.carefully set the finger and gave him a sedative.  Then she called his parents and told them not to worry.  Karen was happy to see that the boy had fallen asleep.  She went out to the lobby and waited for the parents, knowing she would have a long wait.  The parents had told her that the drive was an hour long.  Karen sat back in a chair and hoped no more people would come in while she waited.  She was tired of treating people hurt in otherwise preventable accidents.  Karen went back to check on the boy and was glad to see that he was still sleeping.  Then she went to the kitchen to get a cup of coffee.  When she returned, the boy was awake, and asked the boy had asked for anything.Karen brought him a game and told him topress the buzzer if he needed anything.  Then she went out and started to cleanup the emergency room.  She wanted tostraighten things up before she went off duty.Just before she left, the boy's parentsarrived and Karen told them that everythingwas fine.  They wanted to know whether3her for a game to play while he waited.  ",2.txt,1.0,"The generated answer contains the core item requested ('game'). Although it provides additional context ('to play while he waited'), the core information matches the correct answer.",True,game
study3,C,2,02,1,1,What had the boy broken?,It appeared to be a finger.,"The Patient's RequestKaren had been working in the emergency room since she had become a nurse several years ago.  She loved working in the emergency room because she found the work interesting and she felt useful.  She especially liked working on Sundays because she could relax.  Unfortunately, Karen had plenty of work this Sunday.  She was just about to take a break when she watched the police bring in a young boy.  She knew he was hurt so she rushed to help him; she was relieved to find thatthe boy had broken anything.carefully set the finger and gave him a sedative.  Then she called his parents and told them not to worry.  Karen was happy to see that the boy had fallen asleep.  She went out to the lobby and waited for the parents, knowing she would have a long wait.  The parents had told her that the drive was an hour long.  Karen sat back in a chair and hoped no more people would come in while she waited.  She was tired of treating people hurt in otherwise preventable accidents.  Karen went back to check on the boy and was glad to see that he was still sleeping.  Then she went to the kitchen to get a cup of coffee.  When she returned, the boy was awake, and asked the boy had asked for anything.Karen brought him a game and told him topress the buzzer if he needed anything.  Then she went out and started to cleanup the emergency room.  She wanted tostraighten things up before she went off duty.Just before she left, the boy's parentsarrived and Karen told them that everythingwas fine.  They wanted to know whether3only a finger was broken.  Karen ",2.txt,1.0,"The generated answer 'It appeared to be a finger' correctly identifies the object broken as a 'finger', matching the core information in the correct answer.",True,finger
study3,C,2,02,2,2,What had the boy asked for?,He asked for a game.,"The Patient's RequestKaren had been working in the emergency room since she had become a nurse several years ago.  She loved working in the emergency room because she found the work interesting and she felt useful.  She especially liked working on Sundays because she could relax.  Unfortunately, Karen had plenty of work this Sunday.  She was just about to take a break when she watched the police bring in a young boy.  She knew he was hurt so she rushed to help him; she was relieved to find thatthe boy had broken anything.carefully set the finger and gave him a sedative.  Then she called his parents and told them not to worry.  Karen was happy to see that the boy had fallen asleep.  She went out to the lobby and waited for the parents, knowing she would have a long wait.  The parents had told her that the drive was an hour long.  Karen sat back in a chair and hoped no more people would come in while she waited.  She was tired of treating people hurt in otherwise preventable accidents.  Karen went back to check on the boy and was glad to see that he was still sleeping.  Then she went to the kitchen to get a cup of coffee.  When she returned, the boy was awake, and asked the boy had asked for anything.Karen brought him a game and told him topress the buzzer if he needed anything.  Then she went out and started to cleanup the emergency room.  She wanted tostraighten things up before she went off duty.Just before she left, the boy's parentsarrived and Karen told them that everythingwas fine.  They wanted to know whether3only a finger was broken.  Karen ",2.txt,1.0,"The generated answer 'He asked for a game' correctly identifies the item requested as 'game', which is a direct match to the correct answer.",True,game
study3,D,2,02,1,1,What had the boy broken?,His finger.,"The Patient's RequestKaren had been working in the emergency room since she had become a nurse several years ago.  She loved working in the emergency room because she found the work interesting and she felt useful.  She especially liked working on Sundays because she could relax.  Unfortunately, Karen had plenty of work this Sunday.  She was just about to take a break when she watched the police bring in a young boy.  She knew he was hurt so she rushed to help him; she was relieved to find thatthe boy had broken anything.carefully set the finger and gave him a sedative.  Then she called his parents and told them not to worry.  Karen was happy to see that the boy had fallen asleep.  She went out to the lobby and waited for the parents, knowing she would have a long wait.  The parents had told her that the drive was an hour long.  Karen sat back in a chair and hoped no more people would come in while she waited.  She was tired of treating people hurt in otherwise preventable accidents.  Karen went back to check on the boy and was glad to see that he was still sleeping.  Then she went to the kitchen to get a cup of coffee.  When she returned, the boy was awake, and asked the boy had asked for anything.Karen brought him a game and told him topress the buzzer if he needed anything.  Then she went out and started to cleanup the emergency room.  She wanted tostraighten things up before she went off duty.Just before she left, the boy's parentsarrived and Karen told them that everythingwas fine.  They wanted to know whether3her for a game to play while he waited.  ",2.txt,1.0,The generated answer 'His finger' accurately identifies the object broken ('finger') found in the correct answer. The meaning is identical.,True,finger
study3,D,2,02,2,2,What had the boy asked for?,A game to play while he waited.,"The Patient's RequestKaren had been working in the emergency room since she had become a nurse several years ago.  She loved working in the emergency room because she found the work interesting and she felt useful.  She especially liked working on Sundays because she could relax.  Unfortunately, Karen had plenty of work this Sunday.  She was just about to take a break when she watched the police bring in a young boy.  She knew he was hurt so she rushed to help him; she was relieved to find thatthe boy had broken anything.carefully set the finger and gave him a sedative.  Then she called his parents and told them not to worry.  Karen was happy to see that the boy had fallen asleep.  She went out to the lobby and waited for the parents, knowing she would have a long wait.  The parents had told her that the drive was an hour long.  Karen sat back in a chair and hoped no more people would come in while she waited.  She was tired of treating people hurt in otherwise preventable accidents.  Karen went back to check on the boy and was glad to see that he was still sleeping.  Then she went to the kitchen to get a cup of coffee.  When she returned, the boy was awake, and asked the boy had asked for anything.Karen brought him a game and told him topress the buzzer if he needed anything.  Then she went out and started to cleanup the emergency room.  She wanted tostraighten things up before she went off duty.Just before she left, the boy's parentsarrived and Karen told them that everythingwas fine.  They wanted to know whether3her for a game to play while he waited.  ",2.txt,1.0,"The generated answer 'A game to play while he waited' correctly includes the core requested item ('game'), matching the correct answer, although it provides additional context.",True,game
study3,A,3,03,1,1,What did the famous actress give Nora?,The ticket to her very first show.,"The Unusual TipNora had been living in New York for two years while she waited for her big break as an actress.  During the day she attended acting classes and auditions, and at night she was a waitress in a small restaurant just off Broadway.  One night several cast members from the show in the theater down the street came in for dinner.  Nora recognized one of the women as the lead actress.  She worked up enough courage and went over to her.  Nora told her that she too was an actress and that she was a great admirer of hers.  The woman thanked Nora and promptly gave what the famous actress had given her.the ticket into her pocket and went off to fill their orders.  Nora noticed that the restaurant filled up with customers quickly and before long, she had a line of people waiting for tables.  Nora was already tired from being in class all day but she still enjoyed her job.  Not only did it provide her with a little money, but it also gave her a chance to meet some famous people.  Nora realized that getting acting jobs was difficult without making connections, so she needed to meet all the famous people that she could.  Eventually, Nora saw that the restaurant was beginning to quiet down and she started cleaning some of the tables.She started stacking plates on a cartto carry to the kitchen.  While shewhat she had found under the plates.stuck under some plates.  She placedthe wallet in the lost-and-found boxand returned to her work. After therestaurant closed, Nora sat and had a cupof coffee.  She was tired and glad shecould finally sit.  Nora had been workingfor eight hours and she needed a break.Another waitress joined Nora and asked her3her a ticket to her show.  Nora slipped ",3.txt,0.0,"The core word 'ticket' is present, but the generated answer includes significant unnecessary elaboration ('The... to her very first show') which deviates from the concise correct answer.",False,ticket
study3,A,3,03,2,2,What did Nora find under the plates?,The ticket to her show!,"The Unusual TipNora had been living in New York for two years while she waited for her big break as an actress.  During the day she attended acting classes and auditions, and at night she was a waitress in a small restaurant just off Broadway.  One night several cast members from the show in the theater down the street came in for dinner.  Nora recognized one of the women as the lead actress.  She worked up enough courage and went over to her.  Nora told her that she too was an actress and that she was a great admirer of hers.  The woman thanked Nora and promptly gave what the famous actress had given her.the ticket into her pocket and went off to fill their orders.  Nora noticed that the restaurant filled up with customers quickly and before long, she had a line of people waiting for tables.  Nora was already tired from being in class all day but she still enjoyed her job.  Not only did it provide her with a little money, but it also gave her a chance to meet some famous people.  Nora realized that getting acting jobs was difficult without making connections, so she needed to meet all the famous people that she could.  Eventually, Nora saw that the restaurant was beginning to quiet down and she started cleaning some of the tables.She started stacking plates on a cartto carry to the kitchen.  While shewhat she had found under the plates.stuck under some plates.  She placedthe wallet in the lost-and-found boxand returned to her work. After therestaurant closed, Nora sat and had a cupof coffee.  She was tired and glad shecould finally sit.  Nora had been workingfor eight hours and she needed a break.Another waitress joined Nora and asked her3her a ticket to her show.  Nora slipped ",3.txt,0.0,The generated answer ('The ticket to her show!') does not match the required correct answer ('wallet'). They refer to different objects.,False,wallet
study3,B,3,03,1,1,What did the famous actress give Nora?,A ticket to the show.,"The Unusual TipNora had been living in New York for two years while she waited for her big break as an actress.  During the day she attended acting classes and auditions, and at night she was a waitress in a small restaurant just off Broadway.  One night several cast members from the show in the theater down the street came in for dinner.  Nora recognized one of the women as the lead actress.  She worked up enough courage and went over to her.  Nora told her that she too was an actress and that she was a great admirer of hers.  The woman thanked Nora and promptly gave what the famous actress had given her.the ticket into her pocket and went off to fill their orders.  Nora noticed that the restaurant filled up with customers quickly and before long, she had a line of people waiting for tables.  Nora was already tired from being in class all day but she still enjoyed her job.  Not only did it provide her with a little money, but it also gave her a chance to meet some famous people.  Nora realized that getting acting jobs was difficult without making connections, so she needed to meet all the famous people that she could.  Eventually, Nora saw that the restaurant was beginning to quiet down and she started cleaning some of the tables.She started stacking plates on a cartto carry to the kitchen.  While shewhat she had found under the plates.stuck under some plates.  She placedthe wallet in the lost-and-found boxand returned to her work. After therestaurant closed, Nora sat and had a cupof coffee.  She was tired and glad shecould finally sit.  Nora had been workingfor eight hours and she needed a break.Another waitress joined Nora and asked her3was cleaning tables, Nora found a wallet ",3.txt,1.0,"The generated answer provides the exact core information ('ticket') required by the correct answer, simply adding context ('A ticket to the show'). This is considered a full match for comprehension evaluation.",True,ticket
study3,B,3,03,2,2,What did Nora find under the plates?,a wallet,"The Unusual TipNora had been living in New York for two years while she waited for her big break as an actress.  During the day she attended acting classes and auditions, and at night she was a waitress in a small restaurant just off Broadway.  One night several cast members from the show in the theater down the street came in for dinner.  Nora recognized one of the women as the lead actress.  She worked up enough courage and went over to her.  Nora told her that she too was an actress and that she was a great admirer of hers.  The woman thanked Nora and promptly gave what the famous actress had given her.the ticket into her pocket and went off to fill their orders.  Nora noticed that the restaurant filled up with customers quickly and before long, she had a line of people waiting for tables.  Nora was already tired from being in class all day but she still enjoyed her job.  Not only did it provide her with a little money, but it also gave her a chance to meet some famous people.  Nora realized that getting acting jobs was difficult without making connections, so she needed to meet all the famous people that she could.  Eventually, Nora saw that the restaurant was beginning to quiet down and she started cleaning some of the tables.She started stacking plates on a cartto carry to the kitchen.  While shewhat she had found under the plates.stuck under some plates.  She placedthe wallet in the lost-and-found boxand returned to her work. After therestaurant closed, Nora sat and had a cupof coffee.  She was tired and glad shecould finally sit.  Nora had been workingfor eight hours and she needed a break.Another waitress joined Nora and asked her3was cleaning tables, Nora found a wallet ",3.txt,1.0,The generated answer ('a wallet') is semantically identical to the correct answer ('wallet').,True,wallet
study3,C,3,03,1,1,What did the famous actress give Nora?,A ticket to the show.,"The Forgotten ItemNora had been living in New York for two years while she waited for her big break as an actress.  During the day she attended acting classes and auditions, and at night she was a waitress in a small restaurant just off Broadway.  One night several cast members from the show in the theater down the street came in for dinner.  Nora recognized one of the women as the lead actress.  She worked up enough courage and went over to her.  Nora told her that she too was an actress and that she was a great admirer of hers.  The woman thanked Nora and promptly gave what the famous actress had given her.the ticket into her pocket and went off to fill their orders.  Nora noticed that the restaurant filled up with customers quickly and before long, she had a line of people waiting for tables.  Nora was already tired from being in class all day but she still enjoyed her job.  Not only did it provide her with a little money, but it also gave her a chance to meet some famous people.  Nora realized that getting acting jobs was difficult without making connections, so she needed to meet all the famous people that she could.  Eventually, Nora saw that the restaurant was beginning to quiet down and she started cleaning some of the tables.She started stacking plates on a cartto carry to the kitchen.  While shewhat she had found under the plates.stuck under some plates.  She placedthe wallet in the lost-and-found boxand returned to her work. After therestaurant closed, Nora sat and had a cupof coffee.  She was tired and glad shecould finally sit.  Nora had been workingfor eight hours and she needed a break.Another waitress joined Nora and asked her3her a ticket to her show.  Nora slipped ",3.txt,1.0,"The generated answer, 'A ticket to the show,' is semantically equivalent to the correct answer, 'ticket.' It provides the core factual information required to answer the question.",True,ticket
study3,C,3,03,2,2,What did Nora find under the plates?,The ticket.,"The Forgotten ItemNora had been living in New York for two years while she waited for her big break as an actress.  During the day she attended acting classes and auditions, and at night she was a waitress in a small restaurant just off Broadway.  One night several cast members from the show in the theater down the street came in for dinner.  Nora recognized one of the women as the lead actress.  She worked up enough courage and went over to her.  Nora told her that she too was an actress and that she was a great admirer of hers.  The woman thanked Nora and promptly gave what the famous actress had given her.the ticket into her pocket and went off to fill their orders.  Nora noticed that the restaurant filled up with customers quickly and before long, she had a line of people waiting for tables.  Nora was already tired from being in class all day but she still enjoyed her job.  Not only did it provide her with a little money, but it also gave her a chance to meet some famous people.  Nora realized that getting acting jobs was difficult without making connections, so she needed to meet all the famous people that she could.  Eventually, Nora saw that the restaurant was beginning to quiet down and she started cleaning some of the tables.She started stacking plates on a cartto carry to the kitchen.  While shewhat she had found under the plates.stuck under some plates.  She placedthe wallet in the lost-and-found boxand returned to her work. After therestaurant closed, Nora sat and had a cupof coffee.  She was tired and glad shecould finally sit.  Nora had been workingfor eight hours and she needed a break.Another waitress joined Nora and asked her3her a ticket to her show.  Nora slipped ",3.txt,0.0,The generated answer ('The ticket') is incorrect as it identifies the wrong item. The correct answer is 'wallet.',False,wallet
study3,D,3,03,1,1,What did the famous actress give Nora?,A ticket into the theater.,"The Forgotten ItemNora had been living in New York for two years while she waited for her big break as an actress.  During the day she attended acting classes and auditions, and at night she was a waitress in a small restaurant just off Broadway.  One night several cast members from the show in the theater down the street came in for dinner.  Nora recognized one of the women as the lead actress.  She worked up enough courage and went over to her.  Nora told her that she too was an actress and that she was a great admirer of hers.  The woman thanked Nora and promptly gave what the famous actress had given her.the ticket into her pocket and went off to fill their orders.  Nora noticed that the restaurant filled up with customers quickly and before long, she had a line of people waiting for tables.  Nora was already tired from being in class all day but she still enjoyed her job.  Not only did it provide her with a little money, but it also gave her a chance to meet some famous people.  Nora realized that getting acting jobs was difficult without making connections, so she needed to meet all the famous people that she could.  Eventually, Nora saw that the restaurant was beginning to quiet down and she started cleaning some of the tables.She started stacking plates on a cartto carry to the kitchen.  While shewhat she had found under the plates.stuck under some plates.  She placedthe wallet in the lost-and-found boxand returned to her work. After therestaurant closed, Nora sat and had a cupof coffee.  She was tired and glad shecould finally sit.  Nora had been workingfor eight hours and she needed a break.Another waitress joined Nora and asked her3was cleaning tables, Nora found a wallet ",3.txt,1.0,"The generated answer provides the correct essential item, 'ticket.' The additional context ('A... into the theater') is accurate and does not detract from the correctness of the answer.",True,ticket
study3,D,3,03,2,2,What did Nora find under the plates?,The wallet!,"The Forgotten ItemNora had been living in New York for two years while she waited for her big break as an actress.  During the day she attended acting classes and auditions, and at night she was a waitress in a small restaurant just off Broadway.  One night several cast members from the show in the theater down the street came in for dinner.  Nora recognized one of the women as the lead actress.  She worked up enough courage and went over to her.  Nora told her that she too was an actress and that she was a great admirer of hers.  The woman thanked Nora and promptly gave what the famous actress had given her.the ticket into her pocket and went off to fill their orders.  Nora noticed that the restaurant filled up with customers quickly and before long, she had a line of people waiting for tables.  Nora was already tired from being in class all day but she still enjoyed her job.  Not only did it provide her with a little money, but it also gave her a chance to meet some famous people.  Nora realized that getting acting jobs was difficult without making connections, so she needed to meet all the famous people that she could.  Eventually, Nora saw that the restaurant was beginning to quiet down and she started cleaning some of the tables.She started stacking plates on a cartto carry to the kitchen.  While shewhat she had found under the plates.stuck under some plates.  She placedthe wallet in the lost-and-found boxand returned to her work. After therestaurant closed, Nora sat and had a cupof coffee.  She was tired and glad shecould finally sit.  Nora had been workingfor eight hours and she needed a break.Another waitress joined Nora and asked her3was cleaning tables, Nora found a wallet ",3.txt,1.0,"The generated answer 'The wallet!' uses the correct noun 'wallet,' matching the intended response, differing only by an article and punctuation.",True,wallet
study3,A,4,04,1,1,What had been broken in the shop?,The vase that was broken.,"Shattered GoodsMartha had been working as a sales clerk in a small gift shop for only a few weeks when the manager asked her to take over as the head sales clerk during the day shift.  One morning when she came in, she anything had been broken.had been broken.  Martha figured thatthe night girl had broken and failed to replace the vase because the shop had been very busy lately.  The shop had also been very busy during the day, and it was hard for Martha to take care of all the customers at once.  Martha found that she had to help one customer and then immediately turn to another.  Martha told the manager that she really needed some help during the day because she was probably losing customers since she couldn't help everyone.  The manager agreed with Martha and told her he would try and get some help for her.  Martha wanted to get somebody for the next day.  However, she also knew she should take an inventory before the manager hired somebody.  The shop had many expensive things and Martha wanted to make sure nothing was missing.  While checking theanything had been stolen.was missing.  Martha figured that acustomer must have stolen the watch whilethe shop was busy.  She continued herinventory and was pleased that nothingelse was missing.  By five o'clock,Martha was really tired and glad she wasgoing home.  She put on her coat andheaded for the door.  Just then, themanager called to tell her that he hadjust hired someone.  He also asked her if3found that one of the expensive vases",4.txt,1.0,"The generated answer correctly identifies the core object, 'vase,' which matches the correct answer, despite including redundant phrasing.",True,vase
study3,A,4,04,2,2,What had been stolen from the shop?,A vase with a small rose on it.,"Shattered GoodsMartha had been working as a sales clerk in a small gift shop for only a few weeks when the manager asked her to take over as the head sales clerk during the day shift.  One morning when she came in, she anything had been broken.had been broken.  Martha figured thatthe night girl had broken and failed to replace the vase because the shop had been very busy lately.  The shop had also been very busy during the day, and it was hard for Martha to take care of all the customers at once.  Martha found that she had to help one customer and then immediately turn to another.  Martha told the manager that she really needed some help during the day because she was probably losing customers since she couldn't help everyone.  The manager agreed with Martha and told her he would try and get some help for her.  Martha wanted to get somebody for the next day.  However, she also knew she should take an inventory before the manager hired somebody.  The shop had many expensive things and Martha wanted to make sure nothing was missing.  While checking theanything had been stolen.was missing.  Martha figured that acustomer must have stolen the watch whilethe shop was busy.  She continued herinventory and was pleased that nothingelse was missing.  By five o'clock,Martha was really tired and glad she wasgoing home.  She put on her coat andheaded for the door.  Just then, themanager called to tell her that he hadjust hired someone.  He also asked her if3found that one of the expensive vases",4.txt,0.0,"The generated answer identifies a 'vase,' which does not match the correct answer, 'watch.'",False,watch
study3,B,4,04,1,1,What had been broken in the shop?,"The vase, which was the only broken item in the shop.","Shattered GoodsMartha had been working as a sales clerk in a small gift shop for only a few weeks when the manager asked her to take over as the head sales clerk during the day shift.  One morning when she came in, she anything had been broken.had been broken.  Martha figured thatthe night girl had broken and failed to replace the vase because the shop had been very busy lately.  The shop had also been very busy during the day, and it was hard for Martha to take care of all the customers at once.  Martha found that she had to help one customer and then immediately turn to another.  Martha told the manager that she really needed some help during the day because she was probably losing customers since she couldn't help everyone.  The manager agreed with Martha and told her he would try and get some help for her.  Martha wanted to get somebody for the next day.  However, she also knew she should take an inventory before the manager hired somebody.  The shop had many expensive things and Martha wanted to make sure nothing was missing.  While checking theanything had been stolen.was missing.  Martha figured that acustomer must have stolen the watch whilethe shop was busy.  She continued herinventory and was pleased that nothingelse was missing.  By five o'clock,Martha was really tired and glad she wasgoing home.  She put on her coat andheaded for the door.  Just then, themanager called to tell her that he hadjust hired someone.  He also asked her if3display case, she found that a watch",4.txt,1.0,"The generated answer correctly identifies 'vase', which matches the core information in the correct answer.",True,vase
study3,B,4,04,2,2,What had been stolen from the shop?,The first thing that Martha noticed was broken glass.,"Shattered GoodsMartha had been working as a sales clerk in a small gift shop for only a few weeks when the manager asked her to take over as the head sales clerk during the day shift.  One morning when she came in, she anything had been broken.had been broken.  Martha figured thatthe night girl had broken and failed to replace the vase because the shop had been very busy lately.  The shop had also been very busy during the day, and it was hard for Martha to take care of all the customers at once.  Martha found that she had to help one customer and then immediately turn to another.  Martha told the manager that she really needed some help during the day because she was probably losing customers since she couldn't help everyone.  The manager agreed with Martha and told her he would try and get some help for her.  Martha wanted to get somebody for the next day.  However, she also knew she should take an inventory before the manager hired somebody.  The shop had many expensive things and Martha wanted to make sure nothing was missing.  While checking theanything had been stolen.was missing.  Martha figured that acustomer must have stolen the watch whilethe shop was busy.  She continued herinventory and was pleased that nothingelse was missing.  By five o'clock,Martha was really tired and glad she wasgoing home.  She put on her coat andheaded for the door.  Just then, themanager called to tell her that he hadjust hired someone.  He also asked her if3display case, she found that a watch",4.txt,0.0,"The generated answer discusses broken glass, which is irrelevant to the question asking what specific item (watch) was stolen. It fails to match the correct answer.",False,watch
study3,C,4,04,1,1,What had been broken in the shop?,"The vase, as well as several other expensive things that they had been selling.","Pilfered GoodsMartha had been working as a sales clerk in a small gift shop for only a few weeks when the manager asked her to take over as the head sales clerk during the day shift.  One morning when she came in, she anything had been broken.had been broken.  Martha figured thatthe night girl had broken and failed to replace the vase because the shop had been very busy lately.  The shop had also been very busy during the day, and it was hard for Martha to take care of all the customers at once.  Martha found that she had to help one customer and then immediately turn to another.  Martha told the manager that she really needed some help during the day because she was probably losing customers since she couldn't help everyone.  The manager agreed with Martha and told her he would try and get some help for her.  Martha wanted to get somebody for the next day.  However, she also knew she should take an inventory before the manager hired somebody.  The shop had many expensive things and Martha wanted to make sure nothing was missing.  While checking theanything had been stolen.was missing.  Martha figured that acustomer must have stolen the watch whilethe shop was busy.  She continued herinventory and was pleased that nothingelse was missing.  By five o'clock,Martha was really tired and glad she wasgoing home.  She put on her coat andheaded for the door.  Just then, themanager called to tell her that he hadjust hired someone.  He also asked her if3found that one of the expensive vases",4.txt,0.0,"Although the generated answer identifies the correct item ('vase'), it includes additional, unverified information ('as well as several other expensive things') which makes the overall response inaccurate or verbose compared to the precise correct answer.",False,vase
study3,C,4,04,2,2,What had been stolen from the shop?,Nothing,"Pilfered GoodsMartha had been working as a sales clerk in a small gift shop for only a few weeks when the manager asked her to take over as the head sales clerk during the day shift.  One morning when she came in, she anything had been broken.had been broken.  Martha figured thatthe night girl had broken and failed to replace the vase because the shop had been very busy lately.  The shop had also been very busy during the day, and it was hard for Martha to take care of all the customers at once.  Martha found that she had to help one customer and then immediately turn to another.  Martha told the manager that she really needed some help during the day because she was probably losing customers since she couldn't help everyone.  The manager agreed with Martha and told her he would try and get some help for her.  Martha wanted to get somebody for the next day.  However, she also knew she should take an inventory before the manager hired somebody.  The shop had many expensive things and Martha wanted to make sure nothing was missing.  While checking theanything had been stolen.was missing.  Martha figured that acustomer must have stolen the watch whilethe shop was busy.  She continued herinventory and was pleased that nothingelse was missing.  By five o'clock,Martha was really tired and glad she wasgoing home.  She put on her coat andheaded for the door.  Just then, themanager called to tell her that he hadjust hired someone.  He also asked her if3found that one of the expensive vases",4.txt,0.0,The generated answer ('Nothing') is a direct contradiction of the correct answer provided ('watch').,False,watch
study3,D,4,04,1,1,What had been broken in the shop?,The vase.,"Pilfered GoodsMartha had been working as a sales clerk in a small gift shop for only a few weeks when the manager asked her to take over as the head sales clerk during the day shift.  One morning when she came in, she anything had been broken.had been broken.  Martha figured thatthe night girl had broken and failed to replace the vase because the shop had been very busy lately.  The shop had also been very busy during the day, and it was hard for Martha to take care of all the customers at once.  Martha found that she had to help one customer and then immediately turn to another.  Martha told the manager that she really needed some help during the day because she was probably losing customers since she couldn't help everyone.  The manager agreed with Martha and told her he would try and get some help for her.  Martha wanted to get somebody for the next day.  However, she also knew she should take an inventory before the manager hired somebody.  The shop had many expensive things and Martha wanted to make sure nothing was missing.  While checking theanything had been stolen.was missing.  Martha figured that acustomer must have stolen the watch whilethe shop was busy.  She continued herinventory and was pleased that nothingelse was missing.  By five o'clock,Martha was really tired and glad she wasgoing home.  She put on her coat andheaded for the door.  Just then, themanager called to tell her that he hadjust hired someone.  He also asked her if3display case, she found that a watch",4.txt,1.0,"The generated answer 'The vase.' accurately identifies the item that was broken, matching the factual content of the correct answer 'vase.'",True,vase
study3,D,4,04,2,2,What had been stolen from the shop?,A watch,"Pilfered GoodsMartha had been working as a sales clerk in a small gift shop for only a few weeks when the manager asked her to take over as the head sales clerk during the day shift.  One morning when she came in, she anything had been broken.had been broken.  Martha figured thatthe night girl had broken and failed to replace the vase because the shop had been very busy lately.  The shop had also been very busy during the day, and it was hard for Martha to take care of all the customers at once.  Martha found that she had to help one customer and then immediately turn to another.  Martha told the manager that she really needed some help during the day because she was probably losing customers since she couldn't help everyone.  The manager agreed with Martha and told her he would try and get some help for her.  Martha wanted to get somebody for the next day.  However, she also knew she should take an inventory before the manager hired somebody.  The shop had many expensive things and Martha wanted to make sure nothing was missing.  While checking theanything had been stolen.was missing.  Martha figured that acustomer must have stolen the watch whilethe shop was busy.  She continued herinventory and was pleased that nothingelse was missing.  By five o'clock,Martha was really tired and glad she wasgoing home.  She put on her coat andheaded for the door.  Just then, themanager called to tell her that he hadjust hired someone.  He also asked her if3display case, she found that a watch",4.txt,1.0,"The generated answer 'A watch' accurately identifies the item that was stolen, matching the factual content of the correct answer 'watch.'",True,watch
study3,A,5,05,1,1,What was Max's passenger carrying?,A suitcase and a briefcase.,"Light LuggageMax had been driving a cab for a long time.  Often he would drive a customer to the airport, about thirty miles away, to catch a plane.  Usually he dreaded these trips because he had to drive all the way back alone and he got pretty bored.  This time he was called to pick up a man at a nearby hotel and drive him to the airport.  When he saw him, he was encouraged because the man was wearing an expensive suit and Max thought he would get a good tip.  The man carried only had been carrying anything.happy because he didn't have to load the briefcase or anything else in the trunk.  Max tried to start a conversation with him but the man didn't answer any of his questions so Max gave up and concentrated on his driving.  He knew this trip by heart since he had made it so many times.  Max turned on the radio to pass the time but the man became angry and told Max to shut it off.  Max thought that if the man was angry, he wouldn't get a tip so he shut the radio off quickly.  Max noticed the traffic was especially heavy and he couldn't wait to get out of the city.  He decided to take a short cut and beat the traffic.  Finally, he reached the airport.  He drove to the terminal and let the fellow off.  The man gave Max a huge tip but never said a word.  Max watched the man whisper something to the had spoken with anyone.Max saw the porter smile and nod his head. Then Max drove back to the stand.  Hewas getting tired and thought he wouldcash out and go home.  While Max wascashing out, an F.B.I. agent came in.He wanted to talk to Max so Max finishedcashing out and sat down.  The agentwanted to know about the man Max had takento the airport.  He asked Max if the man 3a briefcase in his hand, and Max was ",5.txt,0.0,The generated answer includes 'briefcase' but incorrectly adds 'suitcase'. The answer is over-inclusive and does not match the provided correct answer exactly.,False,briefcase
study3,A,5,05,2,2,Who did Max's passenger speak to?,Was this the man who gave Max the good tip?,"Light LuggageMax had been driving a cab for a long time.  Often he would drive a customer to the airport, about thirty miles away, to catch a plane.  Usually he dreaded these trips because he had to drive all the way back alone and he got pretty bored.  This time he was called to pick up a man at a nearby hotel and drive him to the airport.  When he saw him, he was encouraged because the man was wearing an expensive suit and Max thought he would get a good tip.  The man carried only had been carrying anything.happy because he didn't have to load the briefcase or anything else in the trunk.  Max tried to start a conversation with him but the man didn't answer any of his questions so Max gave up and concentrated on his driving.  He knew this trip by heart since he had made it so many times.  Max turned on the radio to pass the time but the man became angry and told Max to shut it off.  Max thought that if the man was angry, he wouldn't get a tip so he shut the radio off quickly.  Max noticed the traffic was especially heavy and he couldn't wait to get out of the city.  He decided to take a short cut and beat the traffic.  Finally, he reached the airport.  He drove to the terminal and let the fellow off.  The man gave Max a huge tip but never said a word.  Max watched the man whisper something to the had spoken with anyone.Max saw the porter smile and nod his head. Then Max drove back to the stand.  Hewas getting tired and thought he wouldcash out and go home.  While Max wascashing out, an F.B.I. agent came in.He wanted to talk to Max so Max finishedcashing out and sat down.  The agentwanted to know about the man Max had takento the airport.  He asked Max if the man 3a briefcase in his hand, and Max was ",5.txt,0.0,"The generated answer is a rhetorical question and does not provide the required factual answer ('porter'). Therefore, it is incorrect.",False,porter
study3,B,5,05,1,1,What was Max's passenger carrying?,A briefcase filled with cash.,"Light LuggageMax had been driving a cab for a long time.  Often he would drive a customer to the airport, about thirty miles away, to catch a plane.  Usually he dreaded these trips because he had to drive all the way back alone and he got pretty bored.  This time he was called to pick up a man at a nearby hotel and drive him to the airport.  When he saw him, he was encouraged because the man was wearing an expensive suit and Max thought he would get a good tip.  The man carried only had been carrying anything.happy because he didn't have to load the briefcase or anything else in the trunk.  Max tried to start a conversation with him but the man didn't answer any of his questions so Max gave up and concentrated on his driving.  He knew this trip by heart since he had made it so many times.  Max turned on the radio to pass the time but the man became angry and told Max to shut it off.  Max thought that if the man was angry, he wouldn't get a tip so he shut the radio off quickly.  Max noticed the traffic was especially heavy and he couldn't wait to get out of the city.  He decided to take a short cut and beat the traffic.  Finally, he reached the airport.  He drove to the terminal and let the fellow off.  The man gave Max a huge tip but never said a word.  Max watched the man whisper something to the had spoken with anyone.Max saw the porter smile and nod his head. Then Max drove back to the stand.  Hewas getting tired and thought he wouldcash out and go home.  While Max wascashing out, an F.B.I. agent came in.He wanted to talk to Max so Max finishedcashing out and sat down.  The agentwanted to know about the man Max had takento the airport.  He asked Max if the man 3porter as he entered the airport.",5.txt,0.0,"The generated answer includes additional, potentially speculative detail ('filled with cash') that is not required and is not present in the minimal correct answer ('briefcase').",False,briefcase
study3,B,5,05,2,2,Who did Max's passenger speak to?,The porter.,"Light LuggageMax had been driving a cab for a long time.  Often he would drive a customer to the airport, about thirty miles away, to catch a plane.  Usually he dreaded these trips because he had to drive all the way back alone and he got pretty bored.  This time he was called to pick up a man at a nearby hotel and drive him to the airport.  When he saw him, he was encouraged because the man was wearing an expensive suit and Max thought he would get a good tip.  The man carried only had been carrying anything.happy because he didn't have to load the briefcase or anything else in the trunk.  Max tried to start a conversation with him but the man didn't answer any of his questions so Max gave up and concentrated on his driving.  He knew this trip by heart since he had made it so many times.  Max turned on the radio to pass the time but the man became angry and told Max to shut it off.  Max thought that if the man was angry, he wouldn't get a tip so he shut the radio off quickly.  Max noticed the traffic was especially heavy and he couldn't wait to get out of the city.  He decided to take a short cut and beat the traffic.  Finally, he reached the airport.  He drove to the terminal and let the fellow off.  The man gave Max a huge tip but never said a word.  Max watched the man whisper something to the had spoken with anyone.Max saw the porter smile and nod his head. Then Max drove back to the stand.  Hewas getting tired and thought he wouldcash out and go home.  While Max wascashing out, an F.B.I. agent came in.He wanted to talk to Max so Max finishedcashing out and sat down.  The agentwanted to know about the man Max had takento the airport.  He asked Max if the man 3porter as he entered the airport.",5.txt,1.0,"The generated answer correctly identifies 'The porter,' which matches the essential information of the correct answer ('porter').",True,porter
study3,C,5,05,1,1,What was Max's passenger carrying?,A briefcase,"The Mysterious ConfidantMax had been driving a cab for a long time.  Often he would drive a customer to the airport, about thirty miles away, to catch a plane.  Usually he dreaded these trips because he had to drive all the way back alone and he got pretty bored.  This time he was called to pick up a man at a nearby hotel and drive him to the airport.  When he saw him, he was encouraged because the man was wearing an expensive suit and Max thought he would get a good tip.  The man carried only had been carrying anything.happy because he didn't have to load the briefcase or anything else in the trunk.  Max tried to start a conversation with him but the man didn't answer any of his questions so Max gave up and concentrated on his driving.  He knew this trip by heart since he had made it so many times.  Max turned on the radio to pass the time but the man became angry and told Max to shut it off.  Max thought that if the man was angry, he wouldn't get a tip so he shut the radio off quickly.  Max noticed the traffic was especially heavy and he couldn't wait to get out of the city.  He decided to take a short cut and beat the traffic.  Finally, he reached the airport.  He drove to the terminal and let the fellow off.  The man gave Max a huge tip but never said a word.  Max watched the man whisper something to the had spoken with anyone.Max saw the porter smile and nod his head. Then Max drove back to the stand.  Hewas getting tired and thought he wouldcash out and go home.  While Max wascashing out, an F.B.I. agent came in.He wanted to talk to Max so Max finishedcashing out and sat down.  The agentwanted to know about the man Max had takento the airport.  He asked Max if the man 3a briefcase in his hand, and Max was ",5.txt,1.0,The generated answer 'A briefcase' accurately matches the correct answer 'briefcase'. The inclusion of an article does not change the factual content.,True,briefcase
study3,C,5,05,2,2,Who did Max's passenger speak to?,The agent wanted to know how the man knew the hotel was so close.,"The Mysterious ConfidantMax had been driving a cab for a long time.  Often he would drive a customer to the airport, about thirty miles away, to catch a plane.  Usually he dreaded these trips because he had to drive all the way back alone and he got pretty bored.  This time he was called to pick up a man at a nearby hotel and drive him to the airport.  When he saw him, he was encouraged because the man was wearing an expensive suit and Max thought he would get a good tip.  The man carried only had been carrying anything.happy because he didn't have to load the briefcase or anything else in the trunk.  Max tried to start a conversation with him but the man didn't answer any of his questions so Max gave up and concentrated on his driving.  He knew this trip by heart since he had made it so many times.  Max turned on the radio to pass the time but the man became angry and told Max to shut it off.  Max thought that if the man was angry, he wouldn't get a tip so he shut the radio off quickly.  Max noticed the traffic was especially heavy and he couldn't wait to get out of the city.  He decided to take a short cut and beat the traffic.  Finally, he reached the airport.  He drove to the terminal and let the fellow off.  The man gave Max a huge tip but never said a word.  Max watched the man whisper something to the had spoken with anyone.Max saw the porter smile and nod his head. Then Max drove back to the stand.  Hewas getting tired and thought he wouldcash out and go home.  While Max wascashing out, an F.B.I. agent came in.He wanted to talk to Max so Max finishedcashing out and sat down.  The agentwanted to know about the man Max had takento the airport.  He asked Max if the man 3a briefcase in his hand, and Max was ",5.txt,0.0,"The correct answer identifies the person spoken to as the 'porter'. The generated answer provides an unrelated sentence concerning an 'agent' and a hotel query, failing to answer the question accurately.",False,porter
study3,D,5,05,1,1,What was Max's passenger carrying?,A briefcase The agent asked what the man was carrying in his briefcase and Max told him.,"The Mysterious ConfidantMax had been driving a cab for a long time.  Often he would drive a customer to the airport, about thirty miles away, to catch a plane.  Usually he dreaded these trips because he had to drive all the way back alone and he got pretty bored.  This time he was called to pick up a man at a nearby hotel and drive him to the airport.  When he saw him, he was encouraged because the man was wearing an expensive suit and Max thought he would get a good tip.  The man carried only had been carrying anything.happy because he didn't have to load the briefcase or anything else in the trunk.  Max tried to start a conversation with him but the man didn't answer any of his questions so Max gave up and concentrated on his driving.  He knew this trip by heart since he had made it so many times.  Max turned on the radio to pass the time but the man became angry and told Max to shut it off.  Max thought that if the man was angry, he wouldn't get a tip so he shut the radio off quickly.  Max noticed the traffic was especially heavy and he couldn't wait to get out of the city.  He decided to take a short cut and beat the traffic.  Finally, he reached the airport.  He drove to the terminal and let the fellow off.  The man gave Max a huge tip but never said a word.  Max watched the man whisper something to the had spoken with anyone.Max saw the porter smile and nod his head. Then Max drove back to the stand.  Hewas getting tired and thought he wouldcash out and go home.  While Max wascashing out, an F.B.I. agent came in.He wanted to talk to Max so Max finishedcashing out and sat down.  The agentwanted to know about the man Max had takento the airport.  He asked Max if the man 3porter as he entered the airport.",5.txt,1.0,"The generated answer correctly identifies the passenger's item as a 'briefcase,' which matches the essential information in the correct answer. The additional contextual information provided in the generated answer does not negate the correctness of the primary fact.",True,briefcase
study3,D,5,05,2,2,Who did Max's passenger speak to?,The porter.,"The Mysterious ConfidantMax had been driving a cab for a long time.  Often he would drive a customer to the airport, about thirty miles away, to catch a plane.  Usually he dreaded these trips because he had to drive all the way back alone and he got pretty bored.  This time he was called to pick up a man at a nearby hotel and drive him to the airport.  When he saw him, he was encouraged because the man was wearing an expensive suit and Max thought he would get a good tip.  The man carried only had been carrying anything.happy because he didn't have to load the briefcase or anything else in the trunk.  Max tried to start a conversation with him but the man didn't answer any of his questions so Max gave up and concentrated on his driving.  He knew this trip by heart since he had made it so many times.  Max turned on the radio to pass the time but the man became angry and told Max to shut it off.  Max thought that if the man was angry, he wouldn't get a tip so he shut the radio off quickly.  Max noticed the traffic was especially heavy and he couldn't wait to get out of the city.  He decided to take a short cut and beat the traffic.  Finally, he reached the airport.  He drove to the terminal and let the fellow off.  The man gave Max a huge tip but never said a word.  Max watched the man whisper something to the had spoken with anyone.Max saw the porter smile and nod his head. Then Max drove back to the stand.  Hewas getting tired and thought he wouldcash out and go home.  While Max wascashing out, an F.B.I. agent came in.He wanted to talk to Max so Max finishedcashing out and sat down.  The agentwanted to know about the man Max had takento the airport.  He asked Max if the man 3porter as he entered the airport.",5.txt,1.0,The generated answer 'The porter' is a direct and factually accurate match to the correct answer 'porter.',True,porter
study3,A,6,06,1,1,What did Nancy forget at home?,She forgot the microwave.,"The Overlooked ApplianceNancy had lived in a dormitory for three years and wanted to live in an apartment for her last year at college.  Early in the summer, she found an apartment and agreed to move in before school started.  In the fall, Nancy borrowed her father's car, packed her belongings and headed for the apartment.  During the ride, she realized that she had forgotten her what she had forgotten at home.to go back and get the microwave.  Nancy was excited about her new apartment and couldn't wait to move in.  She also liked the area and thought she might live there permanently. As she continued to drive, Nancy noticed that the streets were beginning to become familiar.  Nancy decided to stop in town and get some things for the apartment before unpacking.  She knew she would need some cleaners because the apartment had looked dirty.  She had just reached the center of town when a car in front of her came to a sudden stop.  Nancy slammed on her brakes and as she did, everything in the car went flying.  Nancy pulled over and looked in the back of the car.  She was what had spilled in the car.spilled. She hoped that she would be ableto clean up all of the perfume.  By thetime she got to the apartment, herroommate was already there and unpacked.Nancy was glad to see that her roommatehad already cleaned the apartment.  As shehelped Nancy unload the car, she asked her3microwave.  However, she decided not ",6.txt,1.0,"The generated answer 'She forgot the microwave' accurately names the item Nancy forgot, matching the correct answer 'microwave'.",True,microwave
study3,A,6,06,2,2,What had spilled in the car?,Her microwave.,"The Overlooked ApplianceNancy had lived in a dormitory for three years and wanted to live in an apartment for her last year at college.  Early in the summer, she found an apartment and agreed to move in before school started.  In the fall, Nancy borrowed her father's car, packed her belongings and headed for the apartment.  During the ride, she realized that she had forgotten her what she had forgotten at home.to go back and get the microwave.  Nancy was excited about her new apartment and couldn't wait to move in.  She also liked the area and thought she might live there permanently. As she continued to drive, Nancy noticed that the streets were beginning to become familiar.  Nancy decided to stop in town and get some things for the apartment before unpacking.  She knew she would need some cleaners because the apartment had looked dirty.  She had just reached the center of town when a car in front of her came to a sudden stop.  Nancy slammed on her brakes and as she did, everything in the car went flying.  Nancy pulled over and looked in the back of the car.  She was what had spilled in the car.spilled. She hoped that she would be ableto clean up all of the perfume.  By thetime she got to the apartment, herroommate was already there and unpacked.Nancy was glad to see that her roommatehad already cleaned the apartment.  As shehelped Nancy unload the car, she asked her3microwave.  However, she decided not ",6.txt,0.0,The generated answer incorrectly identifies the microwave as the item that spilled. The correct answer specifies 'perfume'.,False,perfume
study3,B,6,06,1,1,What did Nancy forget at home?,Her car.,"The Overlooked ApplianceNancy had lived in a dormitory for three years and wanted to live in an apartment for her last year at college.  Early in the summer, she found an apartment and agreed to move in before school started.  In the fall, Nancy borrowed her father's car, packed her belongings and headed for the apartment.  During the ride, she realized that she had forgotten her what she had forgotten at home.to go back and get the microwave.  Nancy was excited about her new apartment and couldn't wait to move in.  She also liked the area and thought she might live there permanently. As she continued to drive, Nancy noticed that the streets were beginning to become familiar.  Nancy decided to stop in town and get some things for the apartment before unpacking.  She knew she would need some cleaners because the apartment had looked dirty.  She had just reached the center of town when a car in front of her came to a sudden stop.  Nancy slammed on her brakes and as she did, everything in the car went flying.  Nancy pulled over and looked in the back of the car.  She was what had spilled in the car.spilled. She hoped that she would be ableto clean up all of the perfume.  By thetime she got to the apartment, herroommate was already there and unpacked.Nancy was glad to see that her roommatehad already cleaned the apartment.  As shehelped Nancy unload the car, she asked her3disappointed to see that her perfume had",6.txt,0.0,"The generated answer 'Her car' does not match the correct answer, 'microwave'.",False,microwave
study3,B,6,06,2,2,What had spilled in the car?,The perfume that she spilled in the car.,"The Overlooked ApplianceNancy had lived in a dormitory for three years and wanted to live in an apartment for her last year at college.  Early in the summer, she found an apartment and agreed to move in before school started.  In the fall, Nancy borrowed her father's car, packed her belongings and headed for the apartment.  During the ride, she realized that she had forgotten her what she had forgotten at home.to go back and get the microwave.  Nancy was excited about her new apartment and couldn't wait to move in.  She also liked the area and thought she might live there permanently. As she continued to drive, Nancy noticed that the streets were beginning to become familiar.  Nancy decided to stop in town and get some things for the apartment before unpacking.  She knew she would need some cleaners because the apartment had looked dirty.  She had just reached the center of town when a car in front of her came to a sudden stop.  Nancy slammed on her brakes and as she did, everything in the car went flying.  Nancy pulled over and looked in the back of the car.  She was what had spilled in the car.spilled. She hoped that she would be ableto clean up all of the perfume.  By thetime she got to the apartment, herroommate was already there and unpacked.Nancy was glad to see that her roommatehad already cleaned the apartment.  As shehelped Nancy unload the car, she asked her3disappointed to see that her perfume had",6.txt,1.0,"The generated answer correctly identifies 'perfume,' which aligns exactly with the core element of the correct answer, 'perfume.'",True,perfume
study3,C,6,06,1,1,What did Nancy forget at home?,I forgot to put my microwave in the dishwasher.,"The Accidental ScentNancy had lived in a dormitory for three years and wanted to live in an apartment for her last year at college.  Early in the summer, she found an apartment and agreed to move in before school started.  In the fall, Nancy borrowed her father's car, packed her belongings and headed for the apartment.  During the ride, she realized that she had forgotten her what she had forgotten at home.to go back and get the microwave.  Nancy was excited about her new apartment and couldn't wait to move in.  She also liked the area and thought she might live there permanently. As she continued to drive, Nancy noticed that the streets were beginning to become familiar.  Nancy decided to stop in town and get some things for the apartment before unpacking.  She knew she would need some cleaners because the apartment had looked dirty.  She had just reached the center of town when a car in front of her came to a sudden stop.  Nancy slammed on her brakes and as she did, everything in the car went flying.  Nancy pulled over and looked in the back of the car.  She was what had spilled in the car.spilled. She hoped that she would be ableto clean up all of the perfume.  By thetime she got to the apartment, herroommate was already there and unpacked.Nancy was glad to see that her roommatehad already cleaned the apartment.  As shehelped Nancy unload the car, she asked her3microwave.  However, she decided not ",6.txt,0.0,"The generated answer is overly verbose and includes irrelevant information and incorrect context ('I forgot to put my... in the dishwasher'). Although the key object 'microwave' is present, the overall response structure is not a clean, correct answer to the prompt.",False,microwave
study3,C,6,06,2,2,What had spilled in the car?,Some perfume (spilled),"The Accidental ScentNancy had lived in a dormitory for three years and wanted to live in an apartment for her last year at college.  Early in the summer, she found an apartment and agreed to move in before school started.  In the fall, Nancy borrowed her father's car, packed her belongings and headed for the apartment.  During the ride, she realized that she had forgotten her what she had forgotten at home.to go back and get the microwave.  Nancy was excited about her new apartment and couldn't wait to move in.  She also liked the area and thought she might live there permanently. As she continued to drive, Nancy noticed that the streets were beginning to become familiar.  Nancy decided to stop in town and get some things for the apartment before unpacking.  She knew she would need some cleaners because the apartment had looked dirty.  She had just reached the center of town when a car in front of her came to a sudden stop.  Nancy slammed on her brakes and as she did, everything in the car went flying.  Nancy pulled over and looked in the back of the car.  She was what had spilled in the car.spilled. She hoped that she would be ableto clean up all of the perfume.  By thetime she got to the apartment, herroommate was already there and unpacked.Nancy was glad to see that her roommatehad already cleaned the apartment.  As shehelped Nancy unload the car, she asked her3microwave.  However, she decided not ",6.txt,1.0,"The generated answer correctly identifies the spilled item as 'perfume,' matching the core information of the correct answer.",True,perfume
study3,D,6,06,1,1,What did Nancy forget at home?,The microwave,"The Accidental ScentNancy had lived in a dormitory for three years and wanted to live in an apartment for her last year at college.  Early in the summer, she found an apartment and agreed to move in before school started.  In the fall, Nancy borrowed her father's car, packed her belongings and headed for the apartment.  During the ride, she realized that she had forgotten her what she had forgotten at home.to go back and get the microwave.  Nancy was excited about her new apartment and couldn't wait to move in.  She also liked the area and thought she might live there permanently. As she continued to drive, Nancy noticed that the streets were beginning to become familiar.  Nancy decided to stop in town and get some things for the apartment before unpacking.  She knew she would need some cleaners because the apartment had looked dirty.  She had just reached the center of town when a car in front of her came to a sudden stop.  Nancy slammed on her brakes and as she did, everything in the car went flying.  Nancy pulled over and looked in the back of the car.  She was what had spilled in the car.spilled. She hoped that she would be ableto clean up all of the perfume.  By thetime she got to the apartment, herroommate was already there and unpacked.Nancy was glad to see that her roommatehad already cleaned the apartment.  As shehelped Nancy unload the car, she asked her3disappointed to see that her perfume had",6.txt,1.0,The generated answer 'The microwave' correctly identifies the item forgotten and is a complete match to the correct answer 'microwave'. The inclusion of the article 'The' does not change the factual accuracy.,True,microwave
study3,D,6,06,2,2,What had spilled in the car?,Her perfume.,"The Accidental ScentNancy had lived in a dormitory for three years and wanted to live in an apartment for her last year at college.  Early in the summer, she found an apartment and agreed to move in before school started.  In the fall, Nancy borrowed her father's car, packed her belongings and headed for the apartment.  During the ride, she realized that she had forgotten her what she had forgotten at home.to go back and get the microwave.  Nancy was excited about her new apartment and couldn't wait to move in.  She also liked the area and thought she might live there permanently. As she continued to drive, Nancy noticed that the streets were beginning to become familiar.  Nancy decided to stop in town and get some things for the apartment before unpacking.  She knew she would need some cleaners because the apartment had looked dirty.  She had just reached the center of town when a car in front of her came to a sudden stop.  Nancy slammed on her brakes and as she did, everything in the car went flying.  Nancy pulled over and looked in the back of the car.  She was what had spilled in the car.spilled. She hoped that she would be ableto clean up all of the perfume.  By thetime she got to the apartment, herroommate was already there and unpacked.Nancy was glad to see that her roommatehad already cleaned the apartment.  As shehelped Nancy unload the car, she asked her3disappointed to see that her perfume had",6.txt,1.0,The generated answer 'Her perfume' is a correct match to the expected answer 'perfume'. The addition of the possessive pronoun 'Her' does not diminish the accuracy of the answer.,True,perfume
study3,A,7,07,1,1,What was the rank of the arresting officer?,Major.,"The Military Muscle ManAs a correspondent for United Press, Mike had often covered revolutions in small third world countries.  Mike was presently working in a very dangerous country.  The country's army had seized power and Mike was covering the story.  He had seen people being arrested off the streets and shot.  Mike was taking pictures of a damaged building when a pair of jeeps came to a screeching halt in front of him.  Several soldiers jumped out and grabbed him.  A small stocky officer walked up to him and informed him that he was under arrest.  Mike noticed the rank of the arresting officer.realized that the situation must be serious.  The army seldom sends a major on a routine arrest.  Mike was handcuffed and thrown into the back of a jeep.  Although Mike asked about the arrest, he wasn't given any answers.  It really didn't matter, he thought, because the American embassy would have him released.  When he arrived at the police station, however, he was thrown in a cell without being allowed to call the embassy.  Now he really began to worry.  If nobody was informed that he was arrested, it could be weeks before anybody found him.  He sat back on his bunk and realized that he was not alone.  He saw an old man who the profession of his cellmate.learned that they were arresting all the bankers for questioning.  Mike was both surprised and relieved when later that day an embassy official had him released.  Mike arrived at the embassy and was broughtimmediately to the ambassador who had somerather unusual questions.  He told Mikethat it was very important that he recall3that the officer was a major and ",7.txt,1.0,The generated answer 'Major' is a direct match to the correct answer 'major'.,True,major
study3,A,7,07,2,2,What was the profession of Mike's cellmate?,He was a major general.,"The Military Muscle ManAs a correspondent for United Press, Mike had often covered revolutions in small third world countries.  Mike was presently working in a very dangerous country.  The country's army had seized power and Mike was covering the story.  He had seen people being arrested off the streets and shot.  Mike was taking pictures of a damaged building when a pair of jeeps came to a screeching halt in front of him.  Several soldiers jumped out and grabbed him.  A small stocky officer walked up to him and informed him that he was under arrest.  Mike noticed the rank of the arresting officer.realized that the situation must be serious.  The army seldom sends a major on a routine arrest.  Mike was handcuffed and thrown into the back of a jeep.  Although Mike asked about the arrest, he wasn't given any answers.  It really didn't matter, he thought, because the American embassy would have him released.  When he arrived at the police station, however, he was thrown in a cell without being allowed to call the embassy.  Now he really began to worry.  If nobody was informed that he was arrested, it could be weeks before anybody found him.  He sat back on his bunk and realized that he was not alone.  He saw an old man who the profession of his cellmate.learned that they were arresting all the bankers for questioning.  Mike was both surprised and relieved when later that day an embassy official had him released.  Mike arrived at the embassy and was broughtimmediately to the ambassador who had somerather unusual questions.  He told Mikethat it was very important that he recall3that the officer was a major and ",7.txt,0.0,"The correct answer specifies the profession 'banker'. The generated answer provides an unrelated military rank, 'major general'.",False,banker
study3,B,7,07,1,1,What was the rank of the arresting officer?,Major,"The Military Muscle ManAs a correspondent for United Press, Mike had often covered revolutions in small third world countries.  Mike was presently working in a very dangerous country.  The country's army had seized power and Mike was covering the story.  He had seen people being arrested off the streets and shot.  Mike was taking pictures of a damaged building when a pair of jeeps came to a screeching halt in front of him.  Several soldiers jumped out and grabbed him.  A small stocky officer walked up to him and informed him that he was under arrest.  Mike noticed the rank of the arresting officer.realized that the situation must be serious.  The army seldom sends a major on a routine arrest.  Mike was handcuffed and thrown into the back of a jeep.  Although Mike asked about the arrest, he wasn't given any answers.  It really didn't matter, he thought, because the American embassy would have him released.  When he arrived at the police station, however, he was thrown in a cell without being allowed to call the embassy.  Now he really began to worry.  If nobody was informed that he was arrested, it could be weeks before anybody found him.  He sat back on his bunk and realized that he was not alone.  He saw an old man who the profession of his cellmate.learned that they were arresting all the bankers for questioning.  Mike was both surprised and relieved when later that day an embassy official had him released.  Mike arrived at the embassy and was broughtimmediately to the ambassador who had somerather unusual questions.  He told Mikethat it was very important that he recall3told Mike that he was a banker.  Mike ",7.txt,1.0,The generated answer 'Major' is semantically identical to the correct answer 'major'.,True,major
study3,B,7,07,2,2,What was the profession of Mike's cellmate?,He was an officer in the army.,"The Military Muscle ManAs a correspondent for United Press, Mike had often covered revolutions in small third world countries.  Mike was presently working in a very dangerous country.  The country's army had seized power and Mike was covering the story.  He had seen people being arrested off the streets and shot.  Mike was taking pictures of a damaged building when a pair of jeeps came to a screeching halt in front of him.  Several soldiers jumped out and grabbed him.  A small stocky officer walked up to him and informed him that he was under arrest.  Mike noticed the rank of the arresting officer.realized that the situation must be serious.  The army seldom sends a major on a routine arrest.  Mike was handcuffed and thrown into the back of a jeep.  Although Mike asked about the arrest, he wasn't given any answers.  It really didn't matter, he thought, because the American embassy would have him released.  When he arrived at the police station, however, he was thrown in a cell without being allowed to call the embassy.  Now he really began to worry.  If nobody was informed that he was arrested, it could be weeks before anybody found him.  He sat back on his bunk and realized that he was not alone.  He saw an old man who the profession of his cellmate.learned that they were arresting all the bankers for questioning.  Mike was both surprised and relieved when later that day an embassy official had him released.  Mike arrived at the embassy and was broughtimmediately to the ambassador who had somerather unusual questions.  He told Mikethat it was very important that he recall3told Mike that he was a banker.  Mike ",7.txt,0.0,"The generated answer states the profession was an 'officer in the army,' which is incorrect. The correct answer specifies the profession was 'banker.'",False,banker
study3,C,7,07,1,1,What was the rank of the arresting officer?,Major.,"The Unlikely PrisonerAs a correspondent for United Press, Mike had often covered revolutions in small third world countries.  Mike was presently working in a very dangerous country.  The country's army had seized power and Mike was covering the story.  He had seen people being arrested off the streets and shot.  Mike was taking pictures of a damaged building when a pair of jeeps came to a screeching halt in front of him.  Several soldiers jumped out and grabbed him.  A small stocky officer walked up to him and informed him that he was under arrest.  Mike noticed the rank of the arresting officer.realized that the situation must be serious.  The army seldom sends a major on a routine arrest.  Mike was handcuffed and thrown into the back of a jeep.  Although Mike asked about the arrest, he wasn't given any answers.  It really didn't matter, he thought, because the American embassy would have him released.  When he arrived at the police station, however, he was thrown in a cell without being allowed to call the embassy.  Now he really began to worry.  If nobody was informed that he was arrested, it could be weeks before anybody found him.  He sat back on his bunk and realized that he was not alone.  He saw an old man who the profession of his cellmate.learned that they were arresting all the bankers for questioning.  Mike was both surprised and relieved when later that day an embassy official had him released.  Mike arrived at the embassy and was broughtimmediately to the ambassador who had somerather unusual questions.  He told Mikethat it was very important that he recall3that the officer was a major and ",7.txt,1.0,"The generated answer 'Major.' is a direct match to the correct answer 'major', disregarding capitalization and minor punctuation differences.",True,major
study3,C,7,07,2,2,What was the profession of Mike's cellmate?,The officer was a major,"The Unlikely PrisonerAs a correspondent for United Press, Mike had often covered revolutions in small third world countries.  Mike was presently working in a very dangerous country.  The country's army had seized power and Mike was covering the story.  He had seen people being arrested off the streets and shot.  Mike was taking pictures of a damaged building when a pair of jeeps came to a screeching halt in front of him.  Several soldiers jumped out and grabbed him.  A small stocky officer walked up to him and informed him that he was under arrest.  Mike noticed the rank of the arresting officer.realized that the situation must be serious.  The army seldom sends a major on a routine arrest.  Mike was handcuffed and thrown into the back of a jeep.  Although Mike asked about the arrest, he wasn't given any answers.  It really didn't matter, he thought, because the American embassy would have him released.  When he arrived at the police station, however, he was thrown in a cell without being allowed to call the embassy.  Now he really began to worry.  If nobody was informed that he was arrested, it could be weeks before anybody found him.  He sat back on his bunk and realized that he was not alone.  He saw an old man who the profession of his cellmate.learned that they were arresting all the bankers for questioning.  Mike was both surprised and relieved when later that day an embassy official had him released.  Mike arrived at the embassy and was broughtimmediately to the ambassador who had somerather unusual questions.  He told Mikethat it was very important that he recall3that the officer was a major and ",7.txt,0.0,The generated answer ('The officer was a major') answers a different question (the arresting officer's rank) and does not match the correct answer regarding the cellmate's profession ('banker').,False,banker
study3,D,7,07,1,1,What was the rank of the arresting officer?,He was an officer of the military.,"The Unlikely PrisonerAs a correspondent for United Press, Mike had often covered revolutions in small third world countries.  Mike was presently working in a very dangerous country.  The country's army had seized power and Mike was covering the story.  He had seen people being arrested off the streets and shot.  Mike was taking pictures of a damaged building when a pair of jeeps came to a screeching halt in front of him.  Several soldiers jumped out and grabbed him.  A small stocky officer walked up to him and informed him that he was under arrest.  Mike noticed the rank of the arresting officer.realized that the situation must be serious.  The army seldom sends a major on a routine arrest.  Mike was handcuffed and thrown into the back of a jeep.  Although Mike asked about the arrest, he wasn't given any answers.  It really didn't matter, he thought, because the American embassy would have him released.  When he arrived at the police station, however, he was thrown in a cell without being allowed to call the embassy.  Now he really began to worry.  If nobody was informed that he was arrested, it could be weeks before anybody found him.  He sat back on his bunk and realized that he was not alone.  He saw an old man who the profession of his cellmate.learned that they were arresting all the bankers for questioning.  Mike was both surprised and relieved when later that day an embassy official had him released.  Mike arrived at the embassy and was broughtimmediately to the ambassador who had somerather unusual questions.  He told Mikethat it was very important that he recall3told Mike that he was a banker.  Mike ",7.txt,0.0,"The generated answer provides a general description ('officer') but fails to specify the exact rank, 'major,' required by the correct answer.",False,major
study3,D,7,07,2,2,What was the profession of Mike's cellmate?,He was a banker,"The Unlikely PrisonerAs a correspondent for United Press, Mike had often covered revolutions in small third world countries.  Mike was presently working in a very dangerous country.  The country's army had seized power and Mike was covering the story.  He had seen people being arrested off the streets and shot.  Mike was taking pictures of a damaged building when a pair of jeeps came to a screeching halt in front of him.  Several soldiers jumped out and grabbed him.  A small stocky officer walked up to him and informed him that he was under arrest.  Mike noticed the rank of the arresting officer.realized that the situation must be serious.  The army seldom sends a major on a routine arrest.  Mike was handcuffed and thrown into the back of a jeep.  Although Mike asked about the arrest, he wasn't given any answers.  It really didn't matter, he thought, because the American embassy would have him released.  When he arrived at the police station, however, he was thrown in a cell without being allowed to call the embassy.  Now he really began to worry.  If nobody was informed that he was arrested, it could be weeks before anybody found him.  He sat back on his bunk and realized that he was not alone.  He saw an old man who the profession of his cellmate.learned that they were arresting all the bankers for questioning.  Mike was both surprised and relieved when later that day an embassy official had him released.  Mike arrived at the embassy and was broughtimmediately to the ambassador who had somerather unusual questions.  He told Mikethat it was very important that he recall3told Mike that he was a banker.  Mike ",7.txt,1.0,"The generated answer 'He was a banker' correctly identifies the profession 'banker,' which is a direct match to the core information of the correct answer.",True,banker
study3,A,8,08,1,1,What did Cathy buy for her daughter?,The Little Girl's Gift,"The Little Girl's GiftCathy decided to go Christmas shopping for her family.  She thought that she could find a present for her daughter quickly.  Her daughter was three and Cathy knew what to buy her.  She had seen bought for her daughter.doll, she started to panic. Cathy hadno idea what to get her husband.  Shewondered why she could never find a goodpresent for her husband.  When she got tothe mall it was crowded and she wanted to leave.  She hated shopping when the stores were so crowded.  Cathy went to a clothing store and a sporting goods store but she didn't see anything she wanted to buy for her husband.  As she walked by a pet store, she saw a cute puppy.  At once she decided that the puppy would be perfect for her husband and went in and bought it.  When she left the pet store, she decided to postpone the rest of her shopping until the next day.  While driving home, she passed by a small bought at the bakery.She knew her family would love the pie.  Cathy got back in her car and continued toward her apartment.  Suddenly Cathy realized she couldn't keep the puppy in the apartment because she wanted to surprise her husband.  Cathy went upstairs to her girlfriend's apartment and  asked her friend if she couldleave the puppy there until Christmas.Cathy's friend said yes and invited herinside for coffee.  While they weretalking, her friend asked what she had3an adorable doll.  After she bought the",8.txt,0.0,The generated answer provides the title of the story ('The Little Girl's Gift') rather than the specific item Cathy bought for her daughter ('doll').,False,doll
study3,A,8,08,2,2,What did Cathy buy at the bakery?,A cake and a cupcake.,"The Little Girl's GiftCathy decided to go Christmas shopping for her family.  She thought that she could find a present for her daughter quickly.  Her daughter was three and Cathy knew what to buy her.  She had seen bought for her daughter.doll, she started to panic. Cathy hadno idea what to get her husband.  Shewondered why she could never find a goodpresent for her husband.  When she got tothe mall it was crowded and she wanted to leave.  She hated shopping when the stores were so crowded.  Cathy went to a clothing store and a sporting goods store but she didn't see anything she wanted to buy for her husband.  As she walked by a pet store, she saw a cute puppy.  At once she decided that the puppy would be perfect for her husband and went in and bought it.  When she left the pet store, she decided to postpone the rest of her shopping until the next day.  While driving home, she passed by a small bought at the bakery.She knew her family would love the pie.  Cathy got back in her car and continued toward her apartment.  Suddenly Cathy realized she couldn't keep the puppy in the apartment because she wanted to surprise her husband.  Cathy went upstairs to her girlfriend's apartment and  asked her friend if she couldleave the puppy there until Christmas.Cathy's friend said yes and invited herinside for coffee.  While they weretalking, her friend asked what she had3an adorable doll.  After she bought the",8.txt,0.0,"The generated answer lists 'A cake and a cupcake,' which does not match the correct answer of 'pie.'",False,pie
study3,B,8,08,1,1,What did Cathy buy for her daughter?,The Little Girl's Gift,"The Little Girl's GiftCathy decided to go Christmas shopping for her family.  She thought that she could find a present for her daughter quickly.  Her daughter was three and Cathy knew what to buy her.  She had seen bought for her daughter.doll, she started to panic. Cathy hadno idea what to get her husband.  Shewondered why she could never find a goodpresent for her husband.  When she got tothe mall it was crowded and she wanted to leave.  She hated shopping when the stores were so crowded.  Cathy went to a clothing store and a sporting goods store but she didn't see anything she wanted to buy for her husband.  As she walked by a pet store, she saw a cute puppy.  At once she decided that the puppy would be perfect for her husband and went in and bought it.  When she left the pet store, she decided to postpone the rest of her shopping until the next day.  While driving home, she passed by a small bought at the bakery.She knew her family would love the pie.  Cathy got back in her car and continued toward her apartment.  Suddenly Cathy realized she couldn't keep the puppy in the apartment because she wanted to surprise her husband.  Cathy went upstairs to her girlfriend's apartment and  asked her friend if she couldleave the puppy there until Christmas.Cathy's friend said yes and invited herinside for coffee.  While they weretalking, her friend asked what she had3bakery and she decided to buy a pie.  ",8.txt,0.0,The generated answer provided the title of the passage ('The Little Girl's Gift') instead of the specific item Cathy bought for her daughter (doll).,False,doll
study3,B,8,08,2,2,What did Cathy buy at the bakery?,"Cathy's friend bought her a slice of chocolate cake, cupcake, muffin, and a chocolate chip pecan pie.","The Little Girl's GiftCathy decided to go Christmas shopping for her family.  She thought that she could find a present for her daughter quickly.  Her daughter was three and Cathy knew what to buy her.  She had seen bought for her daughter.doll, she started to panic. Cathy hadno idea what to get her husband.  Shewondered why she could never find a goodpresent for her husband.  When she got tothe mall it was crowded and she wanted to leave.  She hated shopping when the stores were so crowded.  Cathy went to a clothing store and a sporting goods store but she didn't see anything she wanted to buy for her husband.  As she walked by a pet store, she saw a cute puppy.  At once she decided that the puppy would be perfect for her husband and went in and bought it.  When she left the pet store, she decided to postpone the rest of her shopping until the next day.  While driving home, she passed by a small bought at the bakery.She knew her family would love the pie.  Cathy got back in her car and continued toward her apartment.  Suddenly Cathy realized she couldn't keep the puppy in the apartment because she wanted to surprise her husband.  Cathy went upstairs to her girlfriend's apartment and  asked her friend if she couldleave the puppy there until Christmas.Cathy's friend said yes and invited herinside for coffee.  While they weretalking, her friend asked what she had3bakery and she decided to buy a pie.  ",8.txt,1.0,"The correct answer is 'pie'. The generated answer includes 'chocolate chip pecan pie,' which satisfies the core requirement of the correct answer, despite being verbose and listing additional items.",True,pie
study3,C,8,08,1,1,What did Cathy buy for her daughter?,A puppy.,"The Surprise DessertCathy decided to go Christmas shopping for her family.  She thought that she could find a present for her daughter quickly.  Her daughter was three and Cathy knew what to buy her.  She had seen bought for her daughter.doll, she started to panic. Cathy hadno idea what to get her husband.  Shewondered why she could never find a goodpresent for her husband.  When she got tothe mall it was crowded and she wanted to leave.  She hated shopping when the stores were so crowded.  Cathy went to a clothing store and a sporting goods store but she didn't see anything she wanted to buy for her husband.  As she walked by a pet store, she saw a cute puppy.  At once she decided that the puppy would be perfect for her husband and went in and bought it.  When she left the pet store, she decided to postpone the rest of her shopping until the next day.  While driving home, she passed by a small bought at the bakery.She knew her family would love the pie.  Cathy got back in her car and continued toward her apartment.  Suddenly Cathy realized she couldn't keep the puppy in the apartment because she wanted to surprise her husband.  Cathy went upstairs to her girlfriend's apartment and  asked her friend if she couldleave the puppy there until Christmas.Cathy's friend said yes and invited herinside for coffee.  While they weretalking, her friend asked what she had3an adorable doll.  After she bought the",8.txt,0.0,The generated answer 'A puppy' does not match the correct answer 'doll'.,False,doll
study3,C,8,08,2,2,What did Cathy buy at the bakery?,The cake and the ice cream.,"The Surprise DessertCathy decided to go Christmas shopping for her family.  She thought that she could find a present for her daughter quickly.  Her daughter was three and Cathy knew what to buy her.  She had seen bought for her daughter.doll, she started to panic. Cathy hadno idea what to get her husband.  Shewondered why she could never find a goodpresent for her husband.  When she got tothe mall it was crowded and she wanted to leave.  She hated shopping when the stores were so crowded.  Cathy went to a clothing store and a sporting goods store but she didn't see anything she wanted to buy for her husband.  As she walked by a pet store, she saw a cute puppy.  At once she decided that the puppy would be perfect for her husband and went in and bought it.  When she left the pet store, she decided to postpone the rest of her shopping until the next day.  While driving home, she passed by a small bought at the bakery.She knew her family would love the pie.  Cathy got back in her car and continued toward her apartment.  Suddenly Cathy realized she couldn't keep the puppy in the apartment because she wanted to surprise her husband.  Cathy went upstairs to her girlfriend's apartment and  asked her friend if she couldleave the puppy there until Christmas.Cathy's friend said yes and invited herinside for coffee.  While they weretalking, her friend asked what she had3an adorable doll.  After she bought the",8.txt,0.0,The generated answer 'The cake and the ice cream' does not match the correct answer 'pie'.,False,pie
study3,D,8,08,1,1,What did Cathy buy for her daughter?,A puppy,"The Surprise DessertCathy decided to go Christmas shopping for her family.  She thought that she could find a present for her daughter quickly.  Her daughter was three and Cathy knew what to buy her.  She had seen bought for her daughter.doll, she started to panic. Cathy hadno idea what to get her husband.  Shewondered why she could never find a goodpresent for her husband.  When she got tothe mall it was crowded and she wanted to leave.  She hated shopping when the stores were so crowded.  Cathy went to a clothing store and a sporting goods store but she didn't see anything she wanted to buy for her husband.  As she walked by a pet store, she saw a cute puppy.  At once she decided that the puppy would be perfect for her husband and went in and bought it.  When she left the pet store, she decided to postpone the rest of her shopping until the next day.  While driving home, she passed by a small bought at the bakery.She knew her family would love the pie.  Cathy got back in her car and continued toward her apartment.  Suddenly Cathy realized she couldn't keep the puppy in the apartment because she wanted to surprise her husband.  Cathy went upstairs to her girlfriend's apartment and  asked her friend if she couldleave the puppy there until Christmas.Cathy's friend said yes and invited herinside for coffee.  While they weretalking, her friend asked what she had3bakery and she decided to buy a pie.  ",8.txt,0.0,The generated answer ('A puppy') does not match the correct answer ('doll').,False,doll
study3,D,8,08,2,2,What did Cathy buy at the bakery?,Question: What did Cathy buy at the bakery?Answer:,"The Surprise DessertCathy decided to go Christmas shopping for her family.  She thought that she could find a present for her daughter quickly.  Her daughter was three and Cathy knew what to buy her.  She had seen bought for her daughter.doll, she started to panic. Cathy hadno idea what to get her husband.  Shewondered why she could never find a goodpresent for her husband.  When she got tothe mall it was crowded and she wanted to leave.  She hated shopping when the stores were so crowded.  Cathy went to a clothing store and a sporting goods store but she didn't see anything she wanted to buy for her husband.  As she walked by a pet store, she saw a cute puppy.  At once she decided that the puppy would be perfect for her husband and went in and bought it.  When she left the pet store, she decided to postpone the rest of her shopping until the next day.  While driving home, she passed by a small bought at the bakery.She knew her family would love the pie.  Cathy got back in her car and continued toward her apartment.  Suddenly Cathy realized she couldn't keep the puppy in the apartment because she wanted to surprise her husband.  Cathy went upstairs to her girlfriend's apartment and  asked her friend if she couldleave the puppy there until Christmas.Cathy's friend said yes and invited herinside for coffee.  While they weretalking, her friend asked what she had3bakery and she decided to buy a pie.  ",8.txt,0.0,The generated response is incomplete or empty and therefore does not match the correct answer ('pie').,False,pie
study3,A,9,09,1,1,What did Bob stop to fix?,Bob stopped to fix his broken bike in front of a small church.,"Transportation TroubleBob loved to ride his bike on weekends with his friends.  This weekend, they decided to ride in the country.  Unfortunately, while riding, Bob developed mechanical problems.  Bob couldn't find a bike shop so he repaired what he had stopped to fix.given Bob problems.  He stopped in front of a small church and made the necessary repairs.  Bob was eager to catch up with his friends.  He had been last in line and they probably hadn't noticed that he had stopped.  They were planning on making camp about twenty miles further up the road.  Bob thought that if he hurried, he could catch them by dark.  Bob was watching the foliage while he rode.  He enjoyed riding in the fall because he loved the smell of clean air and the colorful leaves.  He completely forgot that he needed to hurry to catch his friends before dark.  As a result, he was falling further behind.  After a while, he started to get hungry but his friends had all the food.  Bob what he had stopped to eat.trees.  He sat on a stone wall and ate anapple before going on.  After he hadtraveled several miles, he recognized afriend riding toward him.  He must havenoticed that Bob was gone and had comeback to find him.  Bob was glad to seehis friend and together they continued their ride.  Bob's friend asked him3the brakes himself.  The brakes had often",9.txt,0.0,"The generated answer provides a general action ('broken bike') and location details, but does not specify the exact item Bob fixed ('brakes') as required by the correct answer.",False,brakes
study3,A,9,09,2,2,What did Bob stop to eat?,Apples,"Transportation TroubleBob loved to ride his bike on weekends with his friends.  This weekend, they decided to ride in the country.  Unfortunately, while riding, Bob developed mechanical problems.  Bob couldn't find a bike shop so he repaired what he had stopped to fix.given Bob problems.  He stopped in front of a small church and made the necessary repairs.  Bob was eager to catch up with his friends.  He had been last in line and they probably hadn't noticed that he had stopped.  They were planning on making camp about twenty miles further up the road.  Bob thought that if he hurried, he could catch them by dark.  Bob was watching the foliage while he rode.  He enjoyed riding in the fall because he loved the smell of clean air and the colorful leaves.  He completely forgot that he needed to hurry to catch his friends before dark.  As a result, he was falling further behind.  After a while, he started to get hungry but his friends had all the food.  Bob what he had stopped to eat.trees.  He sat on a stone wall and ate anapple before going on.  After he hadtraveled several miles, he recognized afriend riding toward him.  He must havenoticed that Bob was gone and had comeback to find him.  Bob was glad to seehis friend and together they continued their ride.  Bob's friend asked him3the brakes himself.  The brakes had often",9.txt,1.0,"The generated answer identifies the correct item ('Apples'), matching the content of the correct answer ('apple'), despite the difference in plurality.",True,apple
study3,B,9,09,1,1,What did Bob stop to fix?,an apple!,"Transportation TroubleBob loved to ride his bike on weekends with his friends.  This weekend, they decided to ride in the country.  Unfortunately, while riding, Bob developed mechanical problems.  Bob couldn't find a bike shop so he repaired what he had stopped to fix.given Bob problems.  He stopped in front of a small church and made the necessary repairs.  Bob was eager to catch up with his friends.  He had been last in line and they probably hadn't noticed that he had stopped.  They were planning on making camp about twenty miles further up the road.  Bob thought that if he hurried, he could catch them by dark.  Bob was watching the foliage while he rode.  He enjoyed riding in the fall because he loved the smell of clean air and the colorful leaves.  He completely forgot that he needed to hurry to catch his friends before dark.  As a result, he was falling further behind.  After a while, he started to get hungry but his friends had all the food.  Bob what he had stopped to eat.trees.  He sat on a stone wall and ate anapple before going on.  After he hadtraveled several miles, he recognized afriend riding toward him.  He must havenoticed that Bob was gone and had comeback to find him.  Bob was glad to seehis friend and together they continued their ride.  Bob's friend asked him3stopped by a field and saw several apple ",9.txt,0.0,"The generated answer 'an apple!' is completely different from the correct answer, 'brakes'.",False,brakes
study3,B,9,09,2,2,What did Bob stop to eat?,an apple,"Transportation TroubleBob loved to ride his bike on weekends with his friends.  This weekend, they decided to ride in the country.  Unfortunately, while riding, Bob developed mechanical problems.  Bob couldn't find a bike shop so he repaired what he had stopped to fix.given Bob problems.  He stopped in front of a small church and made the necessary repairs.  Bob was eager to catch up with his friends.  He had been last in line and they probably hadn't noticed that he had stopped.  They were planning on making camp about twenty miles further up the road.  Bob thought that if he hurried, he could catch them by dark.  Bob was watching the foliage while he rode.  He enjoyed riding in the fall because he loved the smell of clean air and the colorful leaves.  He completely forgot that he needed to hurry to catch his friends before dark.  As a result, he was falling further behind.  After a while, he started to get hungry but his friends had all the food.  Bob what he had stopped to eat.trees.  He sat on a stone wall and ate anapple before going on.  After he hadtraveled several miles, he recognized afriend riding toward him.  He must havenoticed that Bob was gone and had comeback to find him.  Bob was glad to seehis friend and together they continued their ride.  Bob's friend asked him3stopped by a field and saw several apple ",9.txt,1.0,The generated answer 'an apple' correctly identifies the item 'apple' and is substantively the same as the correct answer.,True,apple
study3,C,9,09,1,1,What did Bob stop to fix?,He was trying to fix something that was broken.,"The Free FruitBob loved to ride his bike on weekends with his friends.  This weekend, they decided to ride in the country.  Unfortunately, while riding, Bob developed mechanical problems.  Bob couldn't find a bike shop so he repaired what he had stopped to fix.given Bob problems.  He stopped in front of a small church and made the necessary repairs.  Bob was eager to catch up with his friends.  He had been last in line and they probably hadn't noticed that he had stopped.  They were planning on making camp about twenty miles further up the road.  Bob thought that if he hurried, he could catch them by dark.  Bob was watching the foliage while he rode.  He enjoyed riding in the fall because he loved the smell of clean air and the colorful leaves.  He completely forgot that he needed to hurry to catch his friends before dark.  As a result, he was falling further behind.  After a while, he started to get hungry but his friends had all the food.  Bob what he had stopped to eat.trees.  He sat on a stone wall and ate anapple before going on.  After he hadtraveled several miles, he recognized afriend riding toward him.  He must havenoticed that Bob was gone and had comeback to find him.  Bob was glad to seehis friend and together they continued their ride.  Bob's friend asked him3the brakes himself.  The brakes had often",9.txt,0.0,The generated answer is vague ('something that was broken') and fails to identify the specific item Bob stopped to fix (brakes).,False,brakes
study3,C,9,09,2,2,What did Bob stop to eat?,I can't remember what I ate.,"The Free FruitBob loved to ride his bike on weekends with his friends.  This weekend, they decided to ride in the country.  Unfortunately, while riding, Bob developed mechanical problems.  Bob couldn't find a bike shop so he repaired what he had stopped to fix.given Bob problems.  He stopped in front of a small church and made the necessary repairs.  Bob was eager to catch up with his friends.  He had been last in line and they probably hadn't noticed that he had stopped.  They were planning on making camp about twenty miles further up the road.  Bob thought that if he hurried, he could catch them by dark.  Bob was watching the foliage while he rode.  He enjoyed riding in the fall because he loved the smell of clean air and the colorful leaves.  He completely forgot that he needed to hurry to catch his friends before dark.  As a result, he was falling further behind.  After a while, he started to get hungry but his friends had all the food.  Bob what he had stopped to eat.trees.  He sat on a stone wall and ate anapple before going on.  After he hadtraveled several miles, he recognized afriend riding toward him.  He must havenoticed that Bob was gone and had comeback to find him.  Bob was glad to seehis friend and together they continued their ride.  Bob's friend asked him3the brakes himself.  The brakes had often",9.txt,0.0,The generated answer is an irrelevant subjective statement ('I can't remember what I ate') and does not provide the correct factual answer (apple).,False,apple
study3,D,9,09,1,1,What did Bob stop to fix?,The apple.,"The Free FruitBob loved to ride his bike on weekends with his friends.  This weekend, they decided to ride in the country.  Unfortunately, while riding, Bob developed mechanical problems.  Bob couldn't find a bike shop so he repaired what he had stopped to fix.given Bob problems.  He stopped in front of a small church and made the necessary repairs.  Bob was eager to catch up with his friends.  He had been last in line and they probably hadn't noticed that he had stopped.  They were planning on making camp about twenty miles further up the road.  Bob thought that if he hurried, he could catch them by dark.  Bob was watching the foliage while he rode.  He enjoyed riding in the fall because he loved the smell of clean air and the colorful leaves.  He completely forgot that he needed to hurry to catch his friends before dark.  As a result, he was falling further behind.  After a while, he started to get hungry but his friends had all the food.  Bob what he had stopped to eat.trees.  He sat on a stone wall and ate anapple before going on.  After he hadtraveled several miles, he recognized afriend riding toward him.  He must havenoticed that Bob was gone and had comeback to find him.  Bob was glad to seehis friend and together they continued their ride.  Bob's friend asked him3stopped by a field and saw several apple ",9.txt,0.0,The generated answer ('The apple') is incorrect. The correct answer specifies the mechanical component Bob stopped to fix ('brakes'). The generated answer refers to a piece of fruit.,False,brakes
study3,D,9,09,2,2,What did Bob stop to eat?,He stopped to eat the fruit he had fallen for.,"The Free FruitBob loved to ride his bike on weekends with his friends.  This weekend, they decided to ride in the country.  Unfortunately, while riding, Bob developed mechanical problems.  Bob couldn't find a bike shop so he repaired what he had stopped to fix.given Bob problems.  He stopped in front of a small church and made the necessary repairs.  Bob was eager to catch up with his friends.  He had been last in line and they probably hadn't noticed that he had stopped.  They were planning on making camp about twenty miles further up the road.  Bob thought that if he hurried, he could catch them by dark.  Bob was watching the foliage while he rode.  He enjoyed riding in the fall because he loved the smell of clean air and the colorful leaves.  He completely forgot that he needed to hurry to catch his friends before dark.  As a result, he was falling further behind.  After a while, he started to get hungry but his friends had all the food.  Bob what he had stopped to eat.trees.  He sat on a stone wall and ate anapple before going on.  After he hadtraveled several miles, he recognized afriend riding toward him.  He must havenoticed that Bob was gone and had comeback to find him.  Bob was glad to seehis friend and together they continued their ride.  Bob's friend asked him3stopped by a field and saw several apple ",9.txt,1.0,"The correct answer is 'apple'. The generated answer refers to 'the fruit' he stopped to eat. Since 'apple' is the specific fruit indicated by the correct answer, the generated response conveys the correct action and object type, making it contextually correct.",True,apple
study3,A,10,10,1,1,Who did Charlie see on the road?,The Friendly OfficerCharlie had been plowing the city for years and he had never seen a worse blizzard.,"The Friendly OfficerCharlie had been plowing the city for years and he had never seen a worse blizzard.  The storm had dropped two feet of snow.  Charlie  had been plowing the roads all night and he hadn't eaten dinner but he did have a few coffee breaks.  He was tired and worried that he would have an accident.  As Charlie entered a new street, he saw a if he had seen anyone.The policeman told him he was checking on a burglar alarm.  Charlie hadn't seen anything unusual but said he would look around as he continued his plowing.  He didn't have time to look too carefully though.  The snow was falling hard and he'd be lucky if he finished his streets before he went off duty.  He still had fifteen streets to go and he was only going to be driving the plow for threemore hours.  Charlie started to drive faster but he was afraid he would hit something so he slowed the plow down again.  The snow was coming down hard and Charlie knew he should be careful.  He had hit a parked car once before and had missed work because of the accident.  He couldn't afford to miss any more work.  He would simply do his best and hope he could finish his assigned streets before his shift ended in an hour.  Charlie was getting hungry and he didn't think he could last the whole three hours without if he had eaten anything.in his lunch bag.  The banana wasn't much, but it was better than nothing.  He managed to almost finish his streets by the time he completed his shift.  He had left three streets unplowed but the snow had stopped falling and Charlie knew somebody could plow them easily.  He drove the plow into the station and up to the gas pumps.  The new driver was already there waiting to take over.  They talked for a while about the terrible driving.  The new driver asked Charlie 3policeman in the middle of the road.  ",10.txt,0.0,The generated answer is an irrelevant text snippet from the passage setup and does not match the concise correct answer 'policeman'.,False,policeman
study3,A,10,10,2,2,What did Charlie have to eat?,The Friendly Policeman,"The Friendly OfficerCharlie had been plowing the city for years and he had never seen a worse blizzard.  The storm had dropped two feet of snow.  Charlie  had been plowing the roads all night and he hadn't eaten dinner but he did have a few coffee breaks.  He was tired and worried that he would have an accident.  As Charlie entered a new street, he saw a if he had seen anyone.The policeman told him he was checking on a burglar alarm.  Charlie hadn't seen anything unusual but said he would look around as he continued his plowing.  He didn't have time to look too carefully though.  The snow was falling hard and he'd be lucky if he finished his streets before he went off duty.  He still had fifteen streets to go and he was only going to be driving the plow for threemore hours.  Charlie started to drive faster but he was afraid he would hit something so he slowed the plow down again.  The snow was coming down hard and Charlie knew he should be careful.  He had hit a parked car once before and had missed work because of the accident.  He couldn't afford to miss any more work.  He would simply do his best and hope he could finish his assigned streets before his shift ended in an hour.  Charlie was getting hungry and he didn't think he could last the whole three hours without if he had eaten anything.in his lunch bag.  The banana wasn't much, but it was better than nothing.  He managed to almost finish his streets by the time he completed his shift.  He had left three streets unplowed but the snow had stopped falling and Charlie knew somebody could plow them easily.  He drove the plow into the station and up to the gas pumps.  The new driver was already there waiting to take over.  They talked for a while about the terrible driving.  The new driver asked Charlie 3policeman in the middle of the road.  ",10.txt,0.0,The generated answer 'The Friendly Policeman' does not match the required correct answer 'banana'.,False,banana
study3,B,10,10,1,1,Who did Charlie see on the road?,The Friendly OfficerCharlie had been plowing the city for years and he had never seen a worse blizzard.,"The Friendly OfficerCharlie had been plowing the city for years and he had never seen a worse blizzard.  The storm had dropped two feet of snow.  Charlie  had been plowing the roads all night and he hadn't eaten dinner but he did have a few coffee breaks.  He was tired and worried that he would have an accident.  As Charlie entered a new street, he saw a if he had seen anyone.The policeman told him he was checking on a burglar alarm.  Charlie hadn't seen anything unusual but said he would look around as he continued his plowing.  He didn't have time to look too carefully though.  The snow was falling hard and he'd be lucky if he finished his streets before he went off duty.  He still had fifteen streets to go and he was only going to be driving the plow for threemore hours.  Charlie started to drive faster but he was afraid he would hit something so he slowed the plow down again.  The snow was coming down hard and Charlie knew he should be careful.  He had hit a parked car once before and had missed work because of the accident.  He couldn't afford to miss any more work.  He would simply do his best and hope he could finish his assigned streets before his shift ended in an hour.  Charlie was getting hungry and he didn't think he could last the whole three hours without if he had eaten anything.in his lunch bag.  The banana wasn't much, but it was better than nothing.  He managed to almost finish his streets by the time he completed his shift.  He had left three streets unplowed but the snow had stopped falling and Charlie knew somebody could plow them easily.  He drove the plow into the station and up to the gas pumps.  The new driver was already there waiting to take over.  They talked for a while about the terrible driving.  The new driver asked Charlie 3eating something.  He found a banana ",10.txt,0.0,The generated answer is an irrelevant snippet of the passage context and does not name the correct entity ('policeman').,False,policeman
study3,B,10,10,2,2,What did Charlie have to eat?,"A banana, he had a banana, a banana, he had a banana, a banana, he had a banana, a banana, a banana, a banana, a banana, a banana, a banana, a banana, a banana, a banana","The Friendly OfficerCharlie had been plowing the city for years and he had never seen a worse blizzard.  The storm had dropped two feet of snow.  Charlie  had been plowing the roads all night and he hadn't eaten dinner but he did have a few coffee breaks.  He was tired and worried that he would have an accident.  As Charlie entered a new street, he saw a if he had seen anyone.The policeman told him he was checking on a burglar alarm.  Charlie hadn't seen anything unusual but said he would look around as he continued his plowing.  He didn't have time to look too carefully though.  The snow was falling hard and he'd be lucky if he finished his streets before he went off duty.  He still had fifteen streets to go and he was only going to be driving the plow for threemore hours.  Charlie started to drive faster but he was afraid he would hit something so he slowed the plow down again.  The snow was coming down hard and Charlie knew he should be careful.  He had hit a parked car once before and had missed work because of the accident.  He couldn't afford to miss any more work.  He would simply do his best and hope he could finish his assigned streets before his shift ended in an hour.  Charlie was getting hungry and he didn't think he could last the whole three hours without if he had eaten anything.in his lunch bag.  The banana wasn't much, but it was better than nothing.  He managed to almost finish his streets by the time he completed his shift.  He had left three streets unplowed but the snow had stopped falling and Charlie knew somebody could plow them easily.  He drove the plow into the station and up to the gas pumps.  The new driver was already there waiting to take over.  They talked for a while about the terrible driving.  The new driver asked Charlie 3eating something.  He found a banana ",10.txt,1.0,"The generated answer includes the exact correct answer ('banana'), despite being excessively repetitive.",True,banana
study3,C,10,10,1,1,Who did Charlie see on the road?,The new driver,"The Tropical SnackCharlie had been plowing the city for years and he had never seen a worse blizzard.  The storm had dropped two feet of snow.  Charlie  had been plowing the roads all night and he hadn't eaten dinner but he did have a few coffee breaks.  He was tired and worried that he would have an accident.  As Charlie entered a new street, he saw a if he had seen anyone.The policeman told him he was checking on a burglar alarm.  Charlie hadn't seen anything unusual but said he would look around as he continued his plowing.  He didn't have time to look too carefully though.  The snow was falling hard and he'd be lucky if he finished his streets before he went off duty.  He still had fifteen streets to go and he was only going to be driving the plow for threemore hours.  Charlie started to drive faster but he was afraid he would hit something so he slowed the plow down again.  The snow was coming down hard and Charlie knew he should be careful.  He had hit a parked car once before and had missed work because of the accident.  He couldn't afford to miss any more work.  He would simply do his best and hope he could finish his assigned streets before his shift ended in an hour.  Charlie was getting hungry and he didn't think he could last the whole three hours without if he had eaten anything.in his lunch bag.  The banana wasn't much, but it was better than nothing.  He managed to almost finish his streets by the time he completed his shift.  He had left three streets unplowed but the snow had stopped falling and Charlie knew somebody could plow them easily.  He drove the plow into the station and up to the gas pumps.  The new driver was already there waiting to take over.  They talked for a while about the terrible driving.  The new driver asked Charlie 3policeman in the middle of the road.  ",10.txt,0.0,The generated answer 'The new driver' is incorrect. The correct answer specifies 'policeman'. These are different entities.,False,policeman
study3,C,10,10,2,2,What did Charlie have to eat?,"He had a banana, a cup of coffee and some cookies in his lunch bag.","The Tropical SnackCharlie had been plowing the city for years and he had never seen a worse blizzard.  The storm had dropped two feet of snow.  Charlie  had been plowing the roads all night and he hadn't eaten dinner but he did have a few coffee breaks.  He was tired and worried that he would have an accident.  As Charlie entered a new street, he saw a if he had seen anyone.The policeman told him he was checking on a burglar alarm.  Charlie hadn't seen anything unusual but said he would look around as he continued his plowing.  He didn't have time to look too carefully though.  The snow was falling hard and he'd be lucky if he finished his streets before he went off duty.  He still had fifteen streets to go and he was only going to be driving the plow for threemore hours.  Charlie started to drive faster but he was afraid he would hit something so he slowed the plow down again.  The snow was coming down hard and Charlie knew he should be careful.  He had hit a parked car once before and had missed work because of the accident.  He couldn't afford to miss any more work.  He would simply do his best and hope he could finish his assigned streets before his shift ended in an hour.  Charlie was getting hungry and he didn't think he could last the whole three hours without if he had eaten anything.in his lunch bag.  The banana wasn't much, but it was better than nothing.  He managed to almost finish his streets by the time he completed his shift.  He had left three streets unplowed but the snow had stopped falling and Charlie knew somebody could plow them easily.  He drove the plow into the station and up to the gas pumps.  The new driver was already there waiting to take over.  They talked for a while about the terrible driving.  The new driver asked Charlie 3policeman in the middle of the road.  ",10.txt,1.0,"The generated answer provides 'banana,' which matches the core item listed in the correct answer, despite including additional details (coffee, cookies).",True,banana
study3,D,10,10,1,1,Who did Charlie see on the road?,He saw the policeman.,"The Tropical SnackCharlie had been plowing the city for years and he had never seen a worse blizzard.  The storm had dropped two feet of snow.  Charlie  had been plowing the roads all night and he hadn't eaten dinner but he did have a few coffee breaks.  He was tired and worried that he would have an accident.  As Charlie entered a new street, he saw a if he had seen anyone.The policeman told him he was checking on a burglar alarm.  Charlie hadn't seen anything unusual but said he would look around as he continued his plowing.  He didn't have time to look too carefully though.  The snow was falling hard and he'd be lucky if he finished his streets before he went off duty.  He still had fifteen streets to go and he was only going to be driving the plow for threemore hours.  Charlie started to drive faster but he was afraid he would hit something so he slowed the plow down again.  The snow was coming down hard and Charlie knew he should be careful.  He had hit a parked car once before and had missed work because of the accident.  He couldn't afford to miss any more work.  He would simply do his best and hope he could finish his assigned streets before his shift ended in an hour.  Charlie was getting hungry and he didn't think he could last the whole three hours without if he had eaten anything.in his lunch bag.  The banana wasn't much, but it was better than nothing.  He managed to almost finish his streets by the time he completed his shift.  He had left three streets unplowed but the snow had stopped falling and Charlie knew somebody could plow them easily.  He drove the plow into the station and up to the gas pumps.  The new driver was already there waiting to take over.  They talked for a while about the terrible driving.  The new driver asked Charlie 3eating something.  He found a banana ",10.txt,1.0,"The generated answer correctly identifies the individual as the 'policeman,' matching the factual core of the correct answer. The inclusion of 'He saw the' does not introduce error.",True,policeman
study3,D,10,10,2,2,What did Charlie have to eat?,2 bananas,"The Tropical SnackCharlie had been plowing the city for years and he had never seen a worse blizzard.  The storm had dropped two feet of snow.  Charlie  had been plowing the roads all night and he hadn't eaten dinner but he did have a few coffee breaks.  He was tired and worried that he would have an accident.  As Charlie entered a new street, he saw a if he had seen anyone.The policeman told him he was checking on a burglar alarm.  Charlie hadn't seen anything unusual but said he would look around as he continued his plowing.  He didn't have time to look too carefully though.  The snow was falling hard and he'd be lucky if he finished his streets before he went off duty.  He still had fifteen streets to go and he was only going to be driving the plow for threemore hours.  Charlie started to drive faster but he was afraid he would hit something so he slowed the plow down again.  The snow was coming down hard and Charlie knew he should be careful.  He had hit a parked car once before and had missed work because of the accident.  He couldn't afford to miss any more work.  He would simply do his best and hope he could finish his assigned streets before his shift ended in an hour.  Charlie was getting hungry and he didn't think he could last the whole three hours without if he had eaten anything.in his lunch bag.  The banana wasn't much, but it was better than nothing.  He managed to almost finish his streets by the time he completed his shift.  He had left three streets unplowed but the snow had stopped falling and Charlie knew somebody could plow them easily.  He drove the plow into the station and up to the gas pumps.  The new driver was already there waiting to take over.  They talked for a while about the terrible driving.  The new driver asked Charlie 3eating something.  He found a banana ",10.txt,0.0,"The core food item ('banana') is correct, but the generated answer includes a specific quantification ('2 bananas') that deviates from the singular 'banana' provided in the strict correct answer. Since the provided correct answer is singular, the quantified plural is considered inaccurate.",False,banana
study3,A,11,11,1,1,What had Bill gotten to drink?,The beer.,"The Alcoholic BeverageBill had finally received three days of shore leave when his ship docked in Boston harbor.  He was thrilled because his grandparents lived in Boston.  Bill hadn't seen them for several years and he knew they would be happy to see him.  When he got off the ship, he called them, and they were indeed happy to hear from him.  When he arrived at his grandparents, Bill's grandmother had a if he had gotten anything to drink.sipping the beer, Bill talked about his experiences since joining the Navy.  He had traveled all over the Mediterranean and the Pacific.  Bill had joined the Navy ten years ago and had traveled everywhere.  He loved the Navy and had decided to make it his career.  The pay was good and he had learned to repair computers so he knew he could get a good job when he got out.  Bill was in the middle of his story when his grandmother interrupted him because she had to go shopping.  Bill decided to sit on the couch and wait for his grandfather.  He picked up a magazine but was so excited to see his grandparents that he couldn't concentrate.  He decided to watch television.  He couldn't watch TV atsea because the reception was so bad.what he was watching on television.didn't find baseball particularlyexciting but he couldn't find anythingelse.  After a while, Bill heard hisgrandfather outside.  He looked outthe window and saw him so he leaped offthe couch, raced to the door and gavehis grandfather a big hug.  Bill satback on the couch and talked with hisgrandfather.  Bill's grandfather asked him3glass of beer waiting for him.  While ",11.txt,0.0,"The correct answer specifies the container ('glass of beer'), while the generated answer is less specific ('The beer.'), omitting the necessary detail provided in the benchmark answer.",False,glass of beer
study3,A,11,11,2,2,What was Bill watching on TV?,Baseball.,"The Alcoholic BeverageBill had finally received three days of shore leave when his ship docked in Boston harbor.  He was thrilled because his grandparents lived in Boston.  Bill hadn't seen them for several years and he knew they would be happy to see him.  When he got off the ship, he called them, and they were indeed happy to hear from him.  When he arrived at his grandparents, Bill's grandmother had a if he had gotten anything to drink.sipping the beer, Bill talked about his experiences since joining the Navy.  He had traveled all over the Mediterranean and the Pacific.  Bill had joined the Navy ten years ago and had traveled everywhere.  He loved the Navy and had decided to make it his career.  The pay was good and he had learned to repair computers so he knew he could get a good job when he got out.  Bill was in the middle of his story when his grandmother interrupted him because she had to go shopping.  Bill decided to sit on the couch and wait for his grandfather.  He picked up a magazine but was so excited to see his grandparents that he couldn't concentrate.  He decided to watch television.  He couldn't watch TV atsea because the reception was so bad.what he was watching on television.didn't find baseball particularlyexciting but he couldn't find anythingelse.  After a while, Bill heard hisgrandfather outside.  He looked outthe window and saw him so he leaped offthe couch, raced to the door and gavehis grandfather a big hug.  Bill satback on the couch and talked with hisgrandfather.  Bill's grandfather asked him3glass of beer waiting for him.  While ",11.txt,1.0,The generated answer ('Baseball.') matches the core content of the correct answer ('baseball'). Differences in capitalization and punctuation are acceptable.,True,baseball
study3,B,11,11,1,1,What had Bill gotten to drink?,Beer.,"The Alcoholic BeverageBill had finally received three days of shore leave when his ship docked in Boston harbor.  He was thrilled because his grandparents lived in Boston.  Bill hadn't seen them for several years and he knew they would be happy to see him.  When he got off the ship, he called them, and they were indeed happy to hear from him.  When he arrived at his grandparents, Bill's grandmother had a if he had gotten anything to drink.sipping the beer, Bill talked about his experiences since joining the Navy.  He had traveled all over the Mediterranean and the Pacific.  Bill had joined the Navy ten years ago and had traveled everywhere.  He loved the Navy and had decided to make it his career.  The pay was good and he had learned to repair computers so he knew he could get a good job when he got out.  Bill was in the middle of his story when his grandmother interrupted him because she had to go shopping.  Bill decided to sit on the couch and wait for his grandfather.  He picked up a magazine but was so excited to see his grandparents that he couldn't concentrate.  He decided to watch television.  He couldn't watch TV atsea because the reception was so bad.what he was watching on television.didn't find baseball particularlyexciting but he couldn't find anythingelse.  After a while, Bill heard hisgrandfather outside.  He looked outthe window and saw him so he leaped offthe couch, raced to the door and gavehis grandfather a big hug.  Bill satback on the couch and talked with hisgrandfather.  Bill's grandfather asked him3Bill turned on some baseball.  He",11.txt,0.0,"The generated answer is incomplete. It omits the descriptor 'glass of,' which is present in the specified correct answer 'glass of beer.'",False,glass of beer
study3,B,11,11,2,2,What was Bill watching on TV?,Baseball.,"The Alcoholic BeverageBill had finally received three days of shore leave when his ship docked in Boston harbor.  He was thrilled because his grandparents lived in Boston.  Bill hadn't seen them for several years and he knew they would be happy to see him.  When he got off the ship, he called them, and they were indeed happy to hear from him.  When he arrived at his grandparents, Bill's grandmother had a if he had gotten anything to drink.sipping the beer, Bill talked about his experiences since joining the Navy.  He had traveled all over the Mediterranean and the Pacific.  Bill had joined the Navy ten years ago and had traveled everywhere.  He loved the Navy and had decided to make it his career.  The pay was good and he had learned to repair computers so he knew he could get a good job when he got out.  Bill was in the middle of his story when his grandmother interrupted him because she had to go shopping.  Bill decided to sit on the couch and wait for his grandfather.  He picked up a magazine but was so excited to see his grandparents that he couldn't concentrate.  He decided to watch television.  He couldn't watch TV atsea because the reception was so bad.what he was watching on television.didn't find baseball particularlyexciting but he couldn't find anythingelse.  After a while, Bill heard hisgrandfather outside.  He looked outthe window and saw him so he leaped offthe couch, raced to the door and gavehis grandfather a big hug.  Bill satback on the couch and talked with hisgrandfather.  Bill's grandfather asked him3Bill turned on some baseball.  He",11.txt,1.0,The generated answer 'Baseball' matches the correct answer 'baseball' exactly in substance.,True,baseball
study3,C,11,11,1,1,What had Bill gotten to drink?,Nothing.,"The Boring SportBill had finally received three days of shore leave when his ship docked in Boston harbor.  He was thrilled because his grandparents lived in Boston.  Bill hadn't seen them for several years and he knew they would be happy to see him.  When he got off the ship, he called them, and they were indeed happy to hear from him.  When he arrived at his grandparents, Bill's grandmother had a if he had gotten anything to drink.sipping the beer, Bill talked about his experiences since joining the Navy.  He had traveled all over the Mediterranean and the Pacific.  Bill had joined the Navy ten years ago and had traveled everywhere.  He loved the Navy and had decided to make it his career.  The pay was good and he had learned to repair computers so he knew he could get a good job when he got out.  Bill was in the middle of his story when his grandmother interrupted him because she had to go shopping.  Bill decided to sit on the couch and wait for his grandfather.  He picked up a magazine but was so excited to see his grandparents that he couldn't concentrate.  He decided to watch television.  He couldn't watch TV atsea because the reception was so bad.what he was watching on television.didn't find baseball particularlyexciting but he couldn't find anythingelse.  After a while, Bill heard hisgrandfather outside.  He looked outthe window and saw him so he leaped offthe couch, raced to the door and gavehis grandfather a big hug.  Bill satback on the couch and talked with hisgrandfather.  Bill's grandfather asked him3glass of beer waiting for him.  While ",11.txt,0.0,"The generated answer 'Nothing' is a direct contradiction of the correct answer, 'glass of beer.'",False,glass of beer
study3,C,11,11,2,2,What was Bill watching on TV?,Bill was watching an NFL game.,"The Boring SportBill had finally received three days of shore leave when his ship docked in Boston harbor.  He was thrilled because his grandparents lived in Boston.  Bill hadn't seen them for several years and he knew they would be happy to see him.  When he got off the ship, he called them, and they were indeed happy to hear from him.  When he arrived at his grandparents, Bill's grandmother had a if he had gotten anything to drink.sipping the beer, Bill talked about his experiences since joining the Navy.  He had traveled all over the Mediterranean and the Pacific.  Bill had joined the Navy ten years ago and had traveled everywhere.  He loved the Navy and had decided to make it his career.  The pay was good and he had learned to repair computers so he knew he could get a good job when he got out.  Bill was in the middle of his story when his grandmother interrupted him because she had to go shopping.  Bill decided to sit on the couch and wait for his grandfather.  He picked up a magazine but was so excited to see his grandparents that he couldn't concentrate.  He decided to watch television.  He couldn't watch TV atsea because the reception was so bad.what he was watching on television.didn't find baseball particularlyexciting but he couldn't find anythingelse.  After a while, Bill heard hisgrandfather outside.  He looked outthe window and saw him so he leaped offthe couch, raced to the door and gavehis grandfather a big hug.  Bill satback on the couch and talked with hisgrandfather.  Bill's grandfather asked him3glass of beer waiting for him.  While ",11.txt,0.0,"The generated answer specifies 'an NFL game' (football), which is a different sport than the correct answer, 'baseball.'",False,baseball
study3,D,11,11,1,1,What had Bill gotten to drink?,He had had a beer.,"The Boring SportBill had finally received three days of shore leave when his ship docked in Boston harbor.  He was thrilled because his grandparents lived in Boston.  Bill hadn't seen them for several years and he knew they would be happy to see him.  When he got off the ship, he called them, and they were indeed happy to hear from him.  When he arrived at his grandparents, Bill's grandmother had a if he had gotten anything to drink.sipping the beer, Bill talked about his experiences since joining the Navy.  He had traveled all over the Mediterranean and the Pacific.  Bill had joined the Navy ten years ago and had traveled everywhere.  He loved the Navy and had decided to make it his career.  The pay was good and he had learned to repair computers so he knew he could get a good job when he got out.  Bill was in the middle of his story when his grandmother interrupted him because she had to go shopping.  Bill decided to sit on the couch and wait for his grandfather.  He picked up a magazine but was so excited to see his grandparents that he couldn't concentrate.  He decided to watch television.  He couldn't watch TV atsea because the reception was so bad.what he was watching on television.didn't find baseball particularlyexciting but he couldn't find anythingelse.  After a while, Bill heard hisgrandfather outside.  He looked outthe window and saw him so he leaped offthe couch, raced to the door and gavehis grandfather a big hug.  Bill satback on the couch and talked with hisgrandfather.  Bill's grandfather asked him3Bill turned on some baseball.  He",11.txt,0.0,"The correct answer specifies 'glass of beer.' The generated answer, 'He had had a beer,' omits the specific detail about the container ('glass of'), failing to be an exact match.",False,glass of beer
study3,D,11,11,2,2,What was Bill watching on TV?,Bill was watching a game between the San Diego Padres and the Boston Red Sox.,"The Boring SportBill had finally received three days of shore leave when his ship docked in Boston harbor.  He was thrilled because his grandparents lived in Boston.  Bill hadn't seen them for several years and he knew they would be happy to see him.  When he got off the ship, he called them, and they were indeed happy to hear from him.  When he arrived at his grandparents, Bill's grandmother had a if he had gotten anything to drink.sipping the beer, Bill talked about his experiences since joining the Navy.  He had traveled all over the Mediterranean and the Pacific.  Bill had joined the Navy ten years ago and had traveled everywhere.  He loved the Navy and had decided to make it his career.  The pay was good and he had learned to repair computers so he knew he could get a good job when he got out.  Bill was in the middle of his story when his grandmother interrupted him because she had to go shopping.  Bill decided to sit on the couch and wait for his grandfather.  He picked up a magazine but was so excited to see his grandparents that he couldn't concentrate.  He decided to watch television.  He couldn't watch TV atsea because the reception was so bad.what he was watching on television.didn't find baseball particularlyexciting but he couldn't find anythingelse.  After a while, Bill heard hisgrandfather outside.  He looked outthe window and saw him so he leaped offthe couch, raced to the door and gavehis grandfather a big hug.  Bill satback on the couch and talked with hisgrandfather.  Bill's grandfather asked him3Bill turned on some baseball.  He",11.txt,1.0,"The correct answer is the general sport 'baseball.' The generated answer provides a specific instance of that sport ('a game between the San Diego Padres and the Boston Red Sox'). Since the teams mentioned play baseball, the answer confirms the correct sport and is accepted as accurate.",True,baseball
study3,A,12,12,1,1,How did Mark get to work in the morning?,In the city he had a job he loved.,"Commuting from the CountryMark had grown up in the city but he had always wanted to live in the country with lots of land and a large garden.  The first opportunity he had, he packed up his belongings and bought a house in the country.  Every day Mark would ridehow he got to work in the morning.was long but allowed Mark to read the newspaper in the morning and relax at night. Mark was a teacher who taught at an elementary school in the city.  He liked teaching because he could call the summers his own.  Country living had its problems however.  Mark had left all his friends behind in the city and he had no neighbors out in the country.  One warm summer day, Mark was out working in his garden.  He had done all of the planting and he needed to do some weeding.  Mark was happy to see the progress.  He was what he had picked from the garden.was ripe.  Mark decided to have a few earsof the corn with his lunch.  Mark washeading for the house when he saw a friendfrom the city pull in the driveway.  Markwas excited to see his friend.  He setup some chairs on the porch and told hisfriend about his new home.  He said hemissed the city but really loved livingin the country.  Mark's friend asked him3the train to and from work.  The train ride ",12.txt,0.0,"The generated answer describes where Mark worked or his job satisfaction, not his mode of transportation ('train').",False,train
study3,A,12,12,2,2,What did Mark pick from the garden?,"The tomato, the cucumber, and the pepper.","Commuting from the CountryMark had grown up in the city but he had always wanted to live in the country with lots of land and a large garden.  The first opportunity he had, he packed up his belongings and bought a house in the country.  Every day Mark would ridehow he got to work in the morning.was long but allowed Mark to read the newspaper in the morning and relax at night. Mark was a teacher who taught at an elementary school in the city.  He liked teaching because he could call the summers his own.  Country living had its problems however.  Mark had left all his friends behind in the city and he had no neighbors out in the country.  One warm summer day, Mark was out working in his garden.  He had done all of the planting and he needed to do some weeding.  Mark was happy to see the progress.  He was what he had picked from the garden.was ripe.  Mark decided to have a few earsof the corn with his lunch.  Mark washeading for the house when he saw a friendfrom the city pull in the driveway.  Markwas excited to see his friend.  He setup some chairs on the porch and told hisfriend about his new home.  He said hemissed the city but really loved livingin the country.  Mark's friend asked him3the train to and from work.  The train ride ",12.txt,0.0,"The generated answer lists several items (tomato, cucumber, pepper) that do not match the specified correct answer ('corn').",False,corn
study3,B,12,12,1,1,How did Mark get to work in the morning?,The first thing you need to do is to get up.,"Commuting from the CountryMark had grown up in the city but he had always wanted to live in the country with lots of land and a large garden.  The first opportunity he had, he packed up his belongings and bought a house in the country.  Every day Mark would ridehow he got to work in the morning.was long but allowed Mark to read the newspaper in the morning and relax at night. Mark was a teacher who taught at an elementary school in the city.  He liked teaching because he could call the summers his own.  Country living had its problems however.  Mark had left all his friends behind in the city and he had no neighbors out in the country.  One warm summer day, Mark was out working in his garden.  He had done all of the planting and he needed to do some weeding.  Mark was happy to see the progress.  He was what he had picked from the garden.was ripe.  Mark decided to have a few earsof the corn with his lunch.  Mark washeading for the house when he saw a friendfrom the city pull in the driveway.  Markwas excited to see his friend.  He setup some chairs on the porch and told hisfriend about his new home.  He said hemissed the city but really loved livingin the country.  Mark's friend asked him3delighted to see that some of the corn ",12.txt,0.0,The generated answer provides a generic statement about waking up rather than identifying the method of transportation ('train'). It is incorrect.,False,train
study3,B,12,12,2,2,What did Mark pick from the garden?,Corn,"Commuting from the CountryMark had grown up in the city but he had always wanted to live in the country with lots of land and a large garden.  The first opportunity he had, he packed up his belongings and bought a house in the country.  Every day Mark would ridehow he got to work in the morning.was long but allowed Mark to read the newspaper in the morning and relax at night. Mark was a teacher who taught at an elementary school in the city.  He liked teaching because he could call the summers his own.  Country living had its problems however.  Mark had left all his friends behind in the city and he had no neighbors out in the country.  One warm summer day, Mark was out working in his garden.  He had done all of the planting and he needed to do some weeding.  Mark was happy to see the progress.  He was what he had picked from the garden.was ripe.  Mark decided to have a few earsof the corn with his lunch.  Mark washeading for the house when he saw a friendfrom the city pull in the driveway.  Markwas excited to see his friend.  He setup some chairs on the porch and told hisfriend about his new home.  He said hemissed the city but really loved livingin the country.  Mark's friend asked him3delighted to see that some of the corn ",12.txt,1.0,The generated answer ('Corn') is a direct match to the correct answer.,True,corn
study3,C,12,12,1,1,How did Mark get to work in the morning?,He walked from the city to work,"Cooking in the CountryMark had grown up in the city but he had always wanted to live in the country with lots of land and a large garden.  The first opportunity he had, he packed up his belongings and bought a house in the country.  Every day Mark would ridehow he got to work in the morning.was long but allowed Mark to read the newspaper in the morning and relax at night. Mark was a teacher who taught at an elementary school in the city.  He liked teaching because he could call the summers his own.  Country living had its problems however.  Mark had left all his friends behind in the city and he had no neighbors out in the country.  One warm summer day, Mark was out working in his garden.  He had done all of the planting and he needed to do some weeding.  Mark was happy to see the progress.  He was what he had picked from the garden.was ripe.  Mark decided to have a few earsof the corn with his lunch.  Mark washeading for the house when he saw a friendfrom the city pull in the driveway.  Markwas excited to see his friend.  He setup some chairs on the porch and told hisfriend about his new home.  He said hemissed the city but really loved livingin the country.  Mark's friend asked him3the train to and from work.  The train ride ",12.txt,0.0,"The generated answer, 'He walked from the city to work,' is incorrect and does not match the provided correct answer, 'train'.",False,train
study3,C,12,12,2,2,What did Mark pick from the garden?,1.,"Cooking in the CountryMark had grown up in the city but he had always wanted to live in the country with lots of land and a large garden.  The first opportunity he had, he packed up his belongings and bought a house in the country.  Every day Mark would ridehow he got to work in the morning.was long but allowed Mark to read the newspaper in the morning and relax at night. Mark was a teacher who taught at an elementary school in the city.  He liked teaching because he could call the summers his own.  Country living had its problems however.  Mark had left all his friends behind in the city and he had no neighbors out in the country.  One warm summer day, Mark was out working in his garden.  He had done all of the planting and he needed to do some weeding.  Mark was happy to see the progress.  He was what he had picked from the garden.was ripe.  Mark decided to have a few earsof the corn with his lunch.  Mark washeading for the house when he saw a friendfrom the city pull in the driveway.  Markwas excited to see his friend.  He setup some chairs on the porch and told hisfriend about his new home.  He said hemissed the city but really loved livingin the country.  Mark's friend asked him3the train to and from work.  The train ride ",12.txt,0.0,"The generated answer '1.' is non-responsive and does not match the provided correct answer, 'corn'.",False,corn
study3,D,12,12,1,1,How did Mark get to work in the morning?,He rode in his horse.,"Cooking in the CountryMark had grown up in the city but he had always wanted to live in the country with lots of land and a large garden.  The first opportunity he had, he packed up his belongings and bought a house in the country.  Every day Mark would ridehow he got to work in the morning.was long but allowed Mark to read the newspaper in the morning and relax at night. Mark was a teacher who taught at an elementary school in the city.  He liked teaching because he could call the summers his own.  Country living had its problems however.  Mark had left all his friends behind in the city and he had no neighbors out in the country.  One warm summer day, Mark was out working in his garden.  He had done all of the planting and he needed to do some weeding.  Mark was happy to see the progress.  He was what he had picked from the garden.was ripe.  Mark decided to have a few earsof the corn with his lunch.  Mark washeading for the house when he saw a friendfrom the city pull in the driveway.  Markwas excited to see his friend.  He setup some chairs on the porch and told hisfriend about his new home.  He said hemissed the city but really loved livingin the country.  Mark's friend asked him3delighted to see that some of the corn ",12.txt,0.0,"The generated answer states that Mark rode a horse, which does not match the specified correct answer 'train'.",False,train
study3,D,12,12,2,2,What did Mark pick from the garden?,"Corn, Beans, Tomatoes, Peppers, and Potatoes.","Cooking in the CountryMark had grown up in the city but he had always wanted to live in the country with lots of land and a large garden.  The first opportunity he had, he packed up his belongings and bought a house in the country.  Every day Mark would ridehow he got to work in the morning.was long but allowed Mark to read the newspaper in the morning and relax at night. Mark was a teacher who taught at an elementary school in the city.  He liked teaching because he could call the summers his own.  Country living had its problems however.  Mark had left all his friends behind in the city and he had no neighbors out in the country.  One warm summer day, Mark was out working in his garden.  He had done all of the planting and he needed to do some weeding.  Mark was happy to see the progress.  He was what he had picked from the garden.was ripe.  Mark decided to have a few earsof the corn with his lunch.  Mark washeading for the house when he saw a friendfrom the city pull in the driveway.  Markwas excited to see his friend.  He setup some chairs on the porch and told hisfriend about his new home.  He said hemissed the city but really loved livingin the country.  Mark's friend asked him3delighted to see that some of the corn ",12.txt,1.0,"Although the generated answer provides a list of items, it explicitly includes 'Corn,' which matches the required correct answer.",True,corn
study3,A,13,13,1,1,What did the hijacker carry on the plane?,A large book.,"Reading MaterialAs the five-thirty flight was leaving the ground, Diane was walking the aisles serving the passengers their drinks.  Just as she was about to hand one man his drink, she was grabbed from behind by a young man.  He told Diane he wanted to hijack the plane.  Diane recognized the hijacker.  She remembered that he was the last passenger to board.  Diane rememberedhad carried on the plane.She remembered thinking he probably stopped to buy the book and almost missed the flight.  Now he was holding her tightly and demanding to speak with the pilot.  Diane told everyone to be calm and no one would get hurt.  Diane took the hijacker to the pilot.  The hijacker squeezed her arm and told her not to say a word.  He told the pilot that he wanted to go to Cuba.  Diane knew the pilot would agree to do anything that the hijacker wanted.  Diane realized he needed to ensure the safety of his passengers and crew.  Heasked the hijacker to release Diane so she could calm the passengers.  Diane knew the passengers would be upset.  She told them that the hijacker wanted to go to Cuba.  She said nobody would get hurt if everyone stayed calm.  As she was talking,had put under his seat.hijacker's seat.  However, she decided not to touch the radio.  By the time theplane landed in Cuba, Diane had calmedthe passengers.  When the hijacker leftthe plane, Diane told the passengersthat they were no longer in danger.  The hijacker was arrested by waiting Cuban authorities and the plane took off for Miami.  Diane met several F.B.I. agents in Miami.  The agents wanted to talkwith her about the hijacking.  Theyquestioned her for hours.  They were veryinterested in knowing what the hijacker3that he had been carrying a large book.",13.txt,1.0,The generated answer 'A large book.' is an exact match for the correct answer 'a large book'.,True,a large book
study3,A,13,13,2,2,What had the hijacker put under his seat?,The hijacker told the FBI that he wanted to go to Cuba.,"Reading MaterialAs the five-thirty flight was leaving the ground, Diane was walking the aisles serving the passengers their drinks.  Just as she was about to hand one man his drink, she was grabbed from behind by a young man.  He told Diane he wanted to hijack the plane.  Diane recognized the hijacker.  She remembered that he was the last passenger to board.  Diane rememberedhad carried on the plane.She remembered thinking he probably stopped to buy the book and almost missed the flight.  Now he was holding her tightly and demanding to speak with the pilot.  Diane told everyone to be calm and no one would get hurt.  Diane took the hijacker to the pilot.  The hijacker squeezed her arm and told her not to say a word.  He told the pilot that he wanted to go to Cuba.  Diane knew the pilot would agree to do anything that the hijacker wanted.  Diane realized he needed to ensure the safety of his passengers and crew.  Heasked the hijacker to release Diane so she could calm the passengers.  Diane knew the passengers would be upset.  She told them that the hijacker wanted to go to Cuba.  She said nobody would get hurt if everyone stayed calm.  As she was talking,had put under his seat.hijacker's seat.  However, she decided not to touch the radio.  By the time theplane landed in Cuba, Diane had calmedthe passengers.  When the hijacker leftthe plane, Diane told the passengersthat they were no longer in danger.  The hijacker was arrested by waiting Cuban authorities and the plane took off for Miami.  Diane met several F.B.I. agents in Miami.  The agents wanted to talkwith her about the hijacking.  Theyquestioned her for hours.  They were veryinterested in knowing what the hijacker3that he had been carrying a large book.",13.txt,0.0,The generated answer 'The hijacker told the FBI that he wanted to go to Cuba.' is incorrect. It provides narrative information rather than identifying the item requested in the question (radio).,False,radio
study3,B,13,13,1,1,What did the hijacker carry on the plane?,The hijacker was carrying a radio that he woulduse to communicate with his co-conspirators.,"Reading MaterialAs the five-thirty flight was leaving the ground, Diane was walking the aisles serving the passengers their drinks.  Just as she was about to hand one man his drink, she was grabbed from behind by a young man.  He told Diane he wanted to hijack the plane.  Diane recognized the hijacker.  She remembered that he was the last passenger to board.  Diane rememberedhad carried on the plane.She remembered thinking he probably stopped to buy the book and almost missed the flight.  Now he was holding her tightly and demanding to speak with the pilot.  Diane told everyone to be calm and no one would get hurt.  Diane took the hijacker to the pilot.  The hijacker squeezed her arm and told her not to say a word.  He told the pilot that he wanted to go to Cuba.  Diane knew the pilot would agree to do anything that the hijacker wanted.  Diane realized he needed to ensure the safety of his passengers and crew.  Heasked the hijacker to release Diane so she could calm the passengers.  Diane knew the passengers would be upset.  She told them that the hijacker wanted to go to Cuba.  She said nobody would get hurt if everyone stayed calm.  As she was talking,had put under his seat.hijacker's seat.  However, she decided not to touch the radio.  By the time theplane landed in Cuba, Diane had calmedthe passengers.  When the hijacker leftthe plane, Diane told the passengersthat they were no longer in danger.  The hijacker was arrested by waiting Cuban authorities and the plane took off for Miami.  Diane met several F.B.I. agents in Miami.  The agents wanted to talkwith her about the hijacking.  Theyquestioned her for hours.  They were veryinterested in knowing what the hijacker3she noticed a radio under the ",13.txt,0.0,"The generated answer claims the hijacker carried a radio, which is factually incorrect when compared to the correct answer, 'a large book'.",False,a large book
study3,B,13,13,2,2,What had the hijacker put under his seat?,Nothing Diane told them about the radio under his seat.,"Reading MaterialAs the five-thirty flight was leaving the ground, Diane was walking the aisles serving the passengers their drinks.  Just as she was about to hand one man his drink, she was grabbed from behind by a young man.  He told Diane he wanted to hijack the plane.  Diane recognized the hijacker.  She remembered that he was the last passenger to board.  Diane rememberedhad carried on the plane.She remembered thinking he probably stopped to buy the book and almost missed the flight.  Now he was holding her tightly and demanding to speak with the pilot.  Diane told everyone to be calm and no one would get hurt.  Diane took the hijacker to the pilot.  The hijacker squeezed her arm and told her not to say a word.  He told the pilot that he wanted to go to Cuba.  Diane knew the pilot would agree to do anything that the hijacker wanted.  Diane realized he needed to ensure the safety of his passengers and crew.  Heasked the hijacker to release Diane so she could calm the passengers.  Diane knew the passengers would be upset.  She told them that the hijacker wanted to go to Cuba.  She said nobody would get hurt if everyone stayed calm.  As she was talking,had put under his seat.hijacker's seat.  However, she decided not to touch the radio.  By the time theplane landed in Cuba, Diane had calmedthe passengers.  When the hijacker leftthe plane, Diane told the passengersthat they were no longer in danger.  The hijacker was arrested by waiting Cuban authorities and the plane took off for Miami.  Diane met several F.B.I. agents in Miami.  The agents wanted to talkwith her about the hijacking.  Theyquestioned her for hours.  They were veryinterested in knowing what the hijacker3she noticed a radio under the ",13.txt,1.0,"Although poorly phrased ('Nothing Diane told them about...'), the generated answer explicitly mentions the 'radio under his seat,' which matches the required key factual detail of the correct answer ('radio').",True,radio
study3,C,13,13,1,1,What did the hijacker carry on the plane?,The hijacker told the agents that he had been carrying a large book.,"The TransmitterAs the five-thirty flight was leaving the ground, Diane was walking the aisles serving the passengers their drinks.  Just as she was about to hand one man his drink, she was grabbed from behind by a young man.  He told Diane he wanted to hijack the plane.  Diane recognized the hijacker.  She remembered that he was the last passenger to board.  Diane rememberedhad carried on the plane.She remembered thinking he probably stopped to buy the book and almost missed the flight.  Now he was holding her tightly and demanding to speak with the pilot.  Diane told everyone to be calm and no one would get hurt.  Diane took the hijacker to the pilot.  The hijacker squeezed her arm and told her not to say a word.  He told the pilot that he wanted to go to Cuba.  Diane knew the pilot would agree to do anything that the hijacker wanted.  Diane realized he needed to ensure the safety of his passengers and crew.  Heasked the hijacker to release Diane so she could calm the passengers.  Diane knew the passengers would be upset.  She told them that the hijacker wanted to go to Cuba.  She said nobody would get hurt if everyone stayed calm.  As she was talking,had put under his seat.hijacker's seat.  However, she decided not to touch the radio.  By the time theplane landed in Cuba, Diane had calmedthe passengers.  When the hijacker leftthe plane, Diane told the passengersthat they were no longer in danger.  The hijacker was arrested by waiting Cuban authorities and the plane took off for Miami.  Diane met several F.B.I. agents in Miami.  The agents wanted to talkwith her about the hijacking.  Theyquestioned her for hours.  They were veryinterested in knowing what the hijacker3that he had been carrying a large book.",13.txt,1.0,"The generated answer correctly identifies the item carried as 'a large book,' matching the core information provided in the correct answer.",True,a large book
study3,C,13,13,2,2,What had the hijacker put under his seat?,A book written by Richard Dreyfuss.,"The TransmitterAs the five-thirty flight was leaving the ground, Diane was walking the aisles serving the passengers their drinks.  Just as she was about to hand one man his drink, she was grabbed from behind by a young man.  He told Diane he wanted to hijack the plane.  Diane recognized the hijacker.  She remembered that he was the last passenger to board.  Diane rememberedhad carried on the plane.She remembered thinking he probably stopped to buy the book and almost missed the flight.  Now he was holding her tightly and demanding to speak with the pilot.  Diane told everyone to be calm and no one would get hurt.  Diane took the hijacker to the pilot.  The hijacker squeezed her arm and told her not to say a word.  He told the pilot that he wanted to go to Cuba.  Diane knew the pilot would agree to do anything that the hijacker wanted.  Diane realized he needed to ensure the safety of his passengers and crew.  Heasked the hijacker to release Diane so she could calm the passengers.  Diane knew the passengers would be upset.  She told them that the hijacker wanted to go to Cuba.  She said nobody would get hurt if everyone stayed calm.  As she was talking,had put under his seat.hijacker's seat.  However, she decided not to touch the radio.  By the time theplane landed in Cuba, Diane had calmedthe passengers.  When the hijacker leftthe plane, Diane told the passengersthat they were no longer in danger.  The hijacker was arrested by waiting Cuban authorities and the plane took off for Miami.  Diane met several F.B.I. agents in Miami.  The agents wanted to talkwith her about the hijacking.  Theyquestioned her for hours.  They were veryinterested in knowing what the hijacker3that he had been carrying a large book.",13.txt,0.0,"The generated answer states 'A book written by Richard Dreyfuss,' which contradicts the correct answer, which is 'radio.'",False,radio
study3,D,13,13,1,1,What did the hijacker carry on the plane?,"The hijacker wore a mask, a ski mask, a balaclava, and a vest that covered his face.","The TransmitterAs the five-thirty flight was leaving the ground, Diane was walking the aisles serving the passengers their drinks.  Just as she was about to hand one man his drink, she was grabbed from behind by a young man.  He told Diane he wanted to hijack the plane.  Diane recognized the hijacker.  She remembered that he was the last passenger to board.  Diane rememberedhad carried on the plane.She remembered thinking he probably stopped to buy the book and almost missed the flight.  Now he was holding her tightly and demanding to speak with the pilot.  Diane told everyone to be calm and no one would get hurt.  Diane took the hijacker to the pilot.  The hijacker squeezed her arm and told her not to say a word.  He told the pilot that he wanted to go to Cuba.  Diane knew the pilot would agree to do anything that the hijacker wanted.  Diane realized he needed to ensure the safety of his passengers and crew.  Heasked the hijacker to release Diane so she could calm the passengers.  Diane knew the passengers would be upset.  She told them that the hijacker wanted to go to Cuba.  She said nobody would get hurt if everyone stayed calm.  As she was talking,had put under his seat.hijacker's seat.  However, she decided not to touch the radio.  By the time theplane landed in Cuba, Diane had calmedthe passengers.  When the hijacker leftthe plane, Diane told the passengersthat they were no longer in danger.  The hijacker was arrested by waiting Cuban authorities and the plane took off for Miami.  Diane met several F.B.I. agents in Miami.  The agents wanted to talkwith her about the hijacking.  Theyquestioned her for hours.  They were veryinterested in knowing what the hijacker3she noticed a radio under the ",13.txt,0.0,"The generated answer describes the hijacker's attire (mask, vest), whereas the correct answer specifies the item he carried onto the plane ('a large book'). They do not match.",False,a large book
study3,D,13,13,2,2,What had the hijacker put under his seat?,A paperweight.,"The TransmitterAs the five-thirty flight was leaving the ground, Diane was walking the aisles serving the passengers their drinks.  Just as she was about to hand one man his drink, she was grabbed from behind by a young man.  He told Diane he wanted to hijack the plane.  Diane recognized the hijacker.  She remembered that he was the last passenger to board.  Diane rememberedhad carried on the plane.She remembered thinking he probably stopped to buy the book and almost missed the flight.  Now he was holding her tightly and demanding to speak with the pilot.  Diane told everyone to be calm and no one would get hurt.  Diane took the hijacker to the pilot.  The hijacker squeezed her arm and told her not to say a word.  He told the pilot that he wanted to go to Cuba.  Diane knew the pilot would agree to do anything that the hijacker wanted.  Diane realized he needed to ensure the safety of his passengers and crew.  Heasked the hijacker to release Diane so she could calm the passengers.  Diane knew the passengers would be upset.  She told them that the hijacker wanted to go to Cuba.  She said nobody would get hurt if everyone stayed calm.  As she was talking,had put under his seat.hijacker's seat.  However, she decided not to touch the radio.  By the time theplane landed in Cuba, Diane had calmedthe passengers.  When the hijacker leftthe plane, Diane told the passengersthat they were no longer in danger.  The hijacker was arrested by waiting Cuban authorities and the plane took off for Miami.  Diane met several F.B.I. agents in Miami.  The agents wanted to talkwith her about the hijacking.  Theyquestioned her for hours.  They were veryinterested in knowing what the hijacker3she noticed a radio under the ",13.txt,0.0,"The generated answer 'A paperweight' does not match the specified correct answer, which is 'radio'.",False,radio
study3,A,14,14,1,1,What broke the window?,David decided not to stop for lunch.,"The Wayward ToolDavid had just bought his first house in a small town near his new job.  Since he didn't have much money, he had to buy a house that was still unfinished.  Every weekend, he worked around the house and yard.  One weekend David called his friend Tom to help him paint the house.  He was afraid he wouldn't finish the front of the house before the cold what broke the window.David lost his footing and fell, causing the ladder to fall and break a window.  David decided to leave the window and start painting.  David and Tom worked all day on the front of the house.  David figured that if the weather was good, he could finish painting before winter came and then he could work on the inside during the winter.  David and Tom were working fast and furiously to finish.  David decided not to stop for lunch. He continued painting while he ate a quick sandwich.  By four o'clock, David had finished the front of the house and he became confident that he would finish the whole house before winter.  David decided to quit for the day so he and Tom cleaned up.  Tom started cleaning the brushes where David had gone.put away the paint.  The basement was quite damp, a problem David planned to fix after he finished the rest of the house.  Just then, David's wife came outside.  She stopped and gave a long approving look at the house. She toldTom it looked great and stepped backto get a better view.  She really likedthe color of the paint.  She asked Tom3weather set in.  While moving a ladder, ",14.txt,0.0,The generated answer ('David decided not to stop for lunch.') is completely irrelevant and does not match the correct answer ('ladder'). The passage explicitly states the ladder broke the window.,False,ladder
study3,A,14,14,2,2,Where had David gone to?,The Wayward Tool,"The Wayward ToolDavid had just bought his first house in a small town near his new job.  Since he didn't have much money, he had to buy a house that was still unfinished.  Every weekend, he worked around the house and yard.  One weekend David called his friend Tom to help him paint the house.  He was afraid he wouldn't finish the front of the house before the cold what broke the window.David lost his footing and fell, causing the ladder to fall and break a window.  David decided to leave the window and start painting.  David and Tom worked all day on the front of the house.  David figured that if the weather was good, he could finish painting before winter came and then he could work on the inside during the winter.  David and Tom were working fast and furiously to finish.  David decided not to stop for lunch. He continued painting while he ate a quick sandwich.  By four o'clock, David had finished the front of the house and he became confident that he would finish the whole house before winter.  David decided to quit for the day so he and Tom cleaned up.  Tom started cleaning the brushes where David had gone.put away the paint.  The basement was quite damp, a problem David planned to fix after he finished the rest of the house.  Just then, David's wife came outside.  She stopped and gave a long approving look at the house. She toldTom it looked great and stepped backto get a better view.  She really likedthe color of the paint.  She asked Tom3weather set in.  While moving a ladder, ",14.txt,0.0,"The generated answer ('The Wayward Tool') is the title of the passage context, not the location ('basement') specified as the correct answer.",False,basement
study3,B,14,14,1,1,What broke the window?,David decided to finish painting the front of the house before winter.,"The Wayward ToolDavid had just bought his first house in a small town near his new job.  Since he didn't have much money, he had to buy a house that was still unfinished.  Every weekend, he worked around the house and yard.  One weekend David called his friend Tom to help him paint the house.  He was afraid he wouldn't finish the front of the house before the cold what broke the window.David lost his footing and fell, causing the ladder to fall and break a window.  David decided to leave the window and start painting.  David and Tom worked all day on the front of the house.  David figured that if the weather was good, he could finish painting before winter came and then he could work on the inside during the winter.  David and Tom were working fast and furiously to finish.  David decided not to stop for lunch. He continued painting while he ate a quick sandwich.  By four o'clock, David had finished the front of the house and he became confident that he would finish the whole house before winter.  David decided to quit for the day so he and Tom cleaned up.  Tom started cleaning the brushes where David had gone.put away the paint.  The basement was quite damp, a problem David planned to fix after he finished the rest of the house.  Just then, David's wife came outside.  She stopped and gave a long approving look at the house. She toldTom it looked great and stepped backto get a better view.  She really likedthe color of the paint.  She asked Tom3while David went into the basement to ",14.txt,0.0,"The generated answer provides information about David's plans (painting before winter) rather than identifying the specific object (ladder) that broke the window, which is the correct answer.",False,ladder
study3,B,14,14,2,2,Where had David gone to?,He had gone to the basement to fix the broken window.,"The Wayward ToolDavid had just bought his first house in a small town near his new job.  Since he didn't have much money, he had to buy a house that was still unfinished.  Every weekend, he worked around the house and yard.  One weekend David called his friend Tom to help him paint the house.  He was afraid he wouldn't finish the front of the house before the cold what broke the window.David lost his footing and fell, causing the ladder to fall and break a window.  David decided to leave the window and start painting.  David and Tom worked all day on the front of the house.  David figured that if the weather was good, he could finish painting before winter came and then he could work on the inside during the winter.  David and Tom were working fast and furiously to finish.  David decided not to stop for lunch. He continued painting while he ate a quick sandwich.  By four o'clock, David had finished the front of the house and he became confident that he would finish the whole house before winter.  David decided to quit for the day so he and Tom cleaned up.  Tom started cleaning the brushes where David had gone.put away the paint.  The basement was quite damp, a problem David planned to fix after he finished the rest of the house.  Just then, David's wife came outside.  She stopped and gave a long approving look at the house. She toldTom it looked great and stepped backto get a better view.  She really likedthe color of the paint.  She asked Tom3while David went into the basement to ",14.txt,1.0,"The generated answer accurately identifies the location David went to as the 'basement,' matching the core information provided in the correct answer.",True,basement
study3,C,14,14,1,1,What broke the window?,Question: What did David do to fix the window?,"Subterranean StorageDavid had just bought his first house in a small town near his new job.  Since he didn't have much money, he had to buy a house that was still unfinished.  Every weekend, he worked around the house and yard.  One weekend David called his friend Tom to help him paint the house.  He was afraid he wouldn't finish the front of the house before the cold what broke the window.David lost his footing and fell, causing the ladder to fall and break a window.  David decided to leave the window and start painting.  David and Tom worked all day on the front of the house.  David figured that if the weather was good, he could finish painting before winter came and then he could work on the inside during the winter.  David and Tom were working fast and furiously to finish.  David decided not to stop for lunch. He continued painting while he ate a quick sandwich.  By four o'clock, David had finished the front of the house and he became confident that he would finish the whole house before winter.  David decided to quit for the day so he and Tom cleaned up.  Tom started cleaning the brushes where David had gone.put away the paint.  The basement was quite damp, a problem David planned to fix after he finished the rest of the house.  Just then, David's wife came outside.  She stopped and gave a long approving look at the house. She toldTom it looked great and stepped backto get a better view.  She really likedthe color of the paint.  She asked Tom3weather set in.  While moving a ladder, ",14.txt,0.0,The generated response is not an answer to the original question ('What broke the window?'); it is an entirely different question.,False,ladder
study3,C,14,14,2,2,Where had David gone to?,To paint the front and the inside of the house.,"Subterranean StorageDavid had just bought his first house in a small town near his new job.  Since he didn't have much money, he had to buy a house that was still unfinished.  Every weekend, he worked around the house and yard.  One weekend David called his friend Tom to help him paint the house.  He was afraid he wouldn't finish the front of the house before the cold what broke the window.David lost his footing and fell, causing the ladder to fall and break a window.  David decided to leave the window and start painting.  David and Tom worked all day on the front of the house.  David figured that if the weather was good, he could finish painting before winter came and then he could work on the inside during the winter.  David and Tom were working fast and furiously to finish.  David decided not to stop for lunch. He continued painting while he ate a quick sandwich.  By four o'clock, David had finished the front of the house and he became confident that he would finish the whole house before winter.  David decided to quit for the day so he and Tom cleaned up.  Tom started cleaning the brushes where David had gone.put away the paint.  The basement was quite damp, a problem David planned to fix after he finished the rest of the house.  Just then, David's wife came outside.  She stopped and gave a long approving look at the house. She toldTom it looked great and stepped backto get a better view.  She really likedthe color of the paint.  She asked Tom3weather set in.  While moving a ladder, ",14.txt,0.0,The generated answer provides the reason or activity ('To paint...') instead of the correct location ('basement'). The answers do not match.,False,basement
study3,D,14,14,1,1,What broke the window?,The ladder David had used to get the paint off the front of the house.,"Subterranean StorageDavid had just bought his first house in a small town near his new job.  Since he didn't have much money, he had to buy a house that was still unfinished.  Every weekend, he worked around the house and yard.  One weekend David called his friend Tom to help him paint the house.  He was afraid he wouldn't finish the front of the house before the cold what broke the window.David lost his footing and fell, causing the ladder to fall and break a window.  David decided to leave the window and start painting.  David and Tom worked all day on the front of the house.  David figured that if the weather was good, he could finish painting before winter came and then he could work on the inside during the winter.  David and Tom were working fast and furiously to finish.  David decided not to stop for lunch. He continued painting while he ate a quick sandwich.  By four o'clock, David had finished the front of the house and he became confident that he would finish the whole house before winter.  David decided to quit for the day so he and Tom cleaned up.  Tom started cleaning the brushes where David had gone.put away the paint.  The basement was quite damp, a problem David planned to fix after he finished the rest of the house.  Just then, David's wife came outside.  She stopped and gave a long approving look at the house. She toldTom it looked great and stepped backto get a better view.  She really likedthe color of the paint.  She asked Tom3while David went into the basement to ",14.txt,1.0,"The generated answer explicitly identifies 'the ladder' as the object that broke the window, which aligns perfectly with the provided correct answer. The additional descriptive information does not negate the correctness.",True,ladder
study3,D,14,14,2,2,Where had David gone to?,He had stopped in the basement to clean brushpaints and brushes.,"Subterranean StorageDavid had just bought his first house in a small town near his new job.  Since he didn't have much money, he had to buy a house that was still unfinished.  Every weekend, he worked around the house and yard.  One weekend David called his friend Tom to help him paint the house.  He was afraid he wouldn't finish the front of the house before the cold what broke the window.David lost his footing and fell, causing the ladder to fall and break a window.  David decided to leave the window and start painting.  David and Tom worked all day on the front of the house.  David figured that if the weather was good, he could finish painting before winter came and then he could work on the inside during the winter.  David and Tom were working fast and furiously to finish.  David decided not to stop for lunch. He continued painting while he ate a quick sandwich.  By four o'clock, David had finished the front of the house and he became confident that he would finish the whole house before winter.  David decided to quit for the day so he and Tom cleaned up.  Tom started cleaning the brushes where David had gone.put away the paint.  The basement was quite damp, a problem David planned to fix after he finished the rest of the house.  Just then, David's wife came outside.  She stopped and gave a long approving look at the house. She toldTom it looked great and stepped backto get a better view.  She really likedthe color of the paint.  She asked Tom3while David went into the basement to ",14.txt,1.0,"The generated answer correctly states that David had gone to the 'basement,' matching the intended correct answer, even though it provides additional context about his activity there.",True,basement
study3,A,15,15,1,1,What burned in the building?,The boat.,"The Charred VesselSteve thought that working at the fire department had been easy but lately, he noticed a rash of fires had been plaguingthe town.  Mostly, the fires were empty buildings and summer cottages down by the lake.  One night, Steve spotted some smoke down by the lake.  By the time he got there, a building was fully engulfed in flames.  He was too late to save the building and as the walls began to fall what had burned in the building.Unfortunately, he couldn't save the boat either.  By sunrise, Steve saw nothing left but some smoking embers and some smoldering beams.  He poked around in the remains of the building to make sure there was no chance of the fire starting to burn again.  Steve knew it had been a very dry autumn this year and any stray spark would probably start a fire that would burn up a good portion of the forest around the lake if it was uncontainable.  The police had also asked Steve to look around for arson clues.  Steve thought the fire was suspicious and had wanted to investigate.  He wanted to catch the arsonist and end the rash of fires before somebody got killed.  When Steve saw that the embers had cooled, he began digging around in the ashes.  Unfortunately, he wasn't having much success.  He was able to find an old what he had found in the ashes.was important.  By mid-morning, Steve decided the fire was sufficiently out so that he could return to the fire station.  He was more than happy to go back.  Having worked all night, he was cold, tired, and especially hungry.  Steve decided to cook some pancakes.  While cooking, one of his buddies asked him3away, Steve could see a boat inside.  ",15.txt,1.0,The generated answer 'The boat.' is semantically identical to the correct answer 'boat.',True,boat
study3,A,15,15,2,2,What did Steve find in the ashes?,"He found a couple of old photos, a couple of old notes, and a few old pictures of some girls.","The Charred VesselSteve thought that working at the fire department had been easy but lately, he noticed a rash of fires had been plaguingthe town.  Mostly, the fires were empty buildings and summer cottages down by the lake.  One night, Steve spotted some smoke down by the lake.  By the time he got there, a building was fully engulfed in flames.  He was too late to save the building and as the walls began to fall what had burned in the building.Unfortunately, he couldn't save the boat either.  By sunrise, Steve saw nothing left but some smoking embers and some smoldering beams.  He poked around in the remains of the building to make sure there was no chance of the fire starting to burn again.  Steve knew it had been a very dry autumn this year and any stray spark would probably start a fire that would burn up a good portion of the forest around the lake if it was uncontainable.  The police had also asked Steve to look around for arson clues.  Steve thought the fire was suspicious and had wanted to investigate.  He wanted to catch the arsonist and end the rash of fires before somebody got killed.  When Steve saw that the embers had cooled, he began digging around in the ashes.  Unfortunately, he wasn't having much success.  He was able to find an old what he had found in the ashes.was important.  By mid-morning, Steve decided the fire was sufficiently out so that he could return to the fire station.  He was more than happy to go back.  Having worked all night, he was cold, tired, and especially hungry.  Steve decided to cook some pancakes.  While cooking, one of his buddies asked him3away, Steve could see a boat inside.  ",15.txt,0.0,"The generated answer lists multiple items (photos, notes, and pictures of girls), which does not match the required correct answer, 'glove.'",False,glove
study3,B,15,15,1,1,What burned in the building?,The fire was probably started by someone who was trying to light a cigarette.,"The Charred VesselSteve thought that working at the fire department had been easy but lately, he noticed a rash of fires had been plaguingthe town.  Mostly, the fires were empty buildings and summer cottages down by the lake.  One night, Steve spotted some smoke down by the lake.  By the time he got there, a building was fully engulfed in flames.  He was too late to save the building and as the walls began to fall what had burned in the building.Unfortunately, he couldn't save the boat either.  By sunrise, Steve saw nothing left but some smoking embers and some smoldering beams.  He poked around in the remains of the building to make sure there was no chance of the fire starting to burn again.  Steve knew it had been a very dry autumn this year and any stray spark would probably start a fire that would burn up a good portion of the forest around the lake if it was uncontainable.  The police had also asked Steve to look around for arson clues.  Steve thought the fire was suspicious and had wanted to investigate.  He wanted to catch the arsonist and end the rash of fires before somebody got killed.  When Steve saw that the embers had cooled, he began digging around in the ashes.  Unfortunately, he wasn't having much success.  He was able to find an old what he had found in the ashes.was important.  By mid-morning, Steve decided the fire was sufficiently out so that he could return to the fire station.  He was more than happy to go back.  Having worked all night, he was cold, tired, and especially hungry.  Steve decided to cook some pancakes.  While cooking, one of his buddies asked him3glove but he wasn't sure if the glove ",15.txt,0.0,"The generated answer addresses the probable cause of the fire ('someone who was trying to light a cigarette') rather than identifying the object that burned, which the correct answer specifies as the 'boat.'",False,boat
study3,B,15,15,2,2,What did Steve find in the ashes?,The remains of a human hand.,"The Charred VesselSteve thought that working at the fire department had been easy but lately, he noticed a rash of fires had been plaguingthe town.  Mostly, the fires were empty buildings and summer cottages down by the lake.  One night, Steve spotted some smoke down by the lake.  By the time he got there, a building was fully engulfed in flames.  He was too late to save the building and as the walls began to fall what had burned in the building.Unfortunately, he couldn't save the boat either.  By sunrise, Steve saw nothing left but some smoking embers and some smoldering beams.  He poked around in the remains of the building to make sure there was no chance of the fire starting to burn again.  Steve knew it had been a very dry autumn this year and any stray spark would probably start a fire that would burn up a good portion of the forest around the lake if it was uncontainable.  The police had also asked Steve to look around for arson clues.  Steve thought the fire was suspicious and had wanted to investigate.  He wanted to catch the arsonist and end the rash of fires before somebody got killed.  When Steve saw that the embers had cooled, he began digging around in the ashes.  Unfortunately, he wasn't having much success.  He was able to find an old what he had found in the ashes.was important.  By mid-morning, Steve decided the fire was sufficiently out so that he could return to the fire station.  He was more than happy to go back.  Having worked all night, he was cold, tired, and especially hungry.  Steve decided to cook some pancakes.  While cooking, one of his buddies asked him3glove but he wasn't sure if the glove ",15.txt,0.0,"The generated answer identifies 'The remains of a human hand,' which is factually distinct from the correct answer, 'glove.'",False,glove
study3,C,15,15,1,1,What burned in the building?,The boat.,"The Inexplicable ClueSteve thought that working at the fire department had been easy but lately, he noticed a rash of fires had been plaguingthe town.  Mostly, the fires were empty buildings and summer cottages down by the lake.  One night, Steve spotted some smoke down by the lake.  By the time he got there, a building was fully engulfed in flames.  He was too late to save the building and as the walls began to fall what had burned in the building.Unfortunately, he couldn't save the boat either.  By sunrise, Steve saw nothing left but some smoking embers and some smoldering beams.  He poked around in the remains of the building to make sure there was no chance of the fire starting to burn again.  Steve knew it had been a very dry autumn this year and any stray spark would probably start a fire that would burn up a good portion of the forest around the lake if it was uncontainable.  The police had also asked Steve to look around for arson clues.  Steve thought the fire was suspicious and had wanted to investigate.  He wanted to catch the arsonist and end the rash of fires before somebody got killed.  When Steve saw that the embers had cooled, he began digging around in the ashes.  Unfortunately, he wasn't having much success.  He was able to find an old what he had found in the ashes.was important.  By mid-morning, Steve decided the fire was sufficiently out so that he could return to the fire station.  He was more than happy to go back.  Having worked all night, he was cold, tired, and especially hungry.  Steve decided to cook some pancakes.  While cooking, one of his buddies asked him3away, Steve could see a boat inside.  ",15.txt,1.0,"The generated answer, 'The boat,' is a complete match for the correct answer, 'boat.'",True,boat
study3,C,15,15,2,2,What did Steve find in the ashes?,An old stove.,"The Inexplicable ClueSteve thought that working at the fire department had been easy but lately, he noticed a rash of fires had been plaguingthe town.  Mostly, the fires were empty buildings and summer cottages down by the lake.  One night, Steve spotted some smoke down by the lake.  By the time he got there, a building was fully engulfed in flames.  He was too late to save the building and as the walls began to fall what had burned in the building.Unfortunately, he couldn't save the boat either.  By sunrise, Steve saw nothing left but some smoking embers and some smoldering beams.  He poked around in the remains of the building to make sure there was no chance of the fire starting to burn again.  Steve knew it had been a very dry autumn this year and any stray spark would probably start a fire that would burn up a good portion of the forest around the lake if it was uncontainable.  The police had also asked Steve to look around for arson clues.  Steve thought the fire was suspicious and had wanted to investigate.  He wanted to catch the arsonist and end the rash of fires before somebody got killed.  When Steve saw that the embers had cooled, he began digging around in the ashes.  Unfortunately, he wasn't having much success.  He was able to find an old what he had found in the ashes.was important.  By mid-morning, Steve decided the fire was sufficiently out so that he could return to the fire station.  He was more than happy to go back.  Having worked all night, he was cold, tired, and especially hungry.  Steve decided to cook some pancakes.  While cooking, one of his buddies asked him3away, Steve could see a boat inside.  ",15.txt,0.0,"The generated answer 'An old stove' is incorrect. The correct answer identifies a 'glove,' which is a distinctly different item than a 'stove.'",False,glove
study3,D,15,15,1,1,What burned in the building?,The burnt glove,"The Inexplicable ClueSteve thought that working at the fire department had been easy but lately, he noticed a rash of fires had been plaguingthe town.  Mostly, the fires were empty buildings and summer cottages down by the lake.  One night, Steve spotted some smoke down by the lake.  By the time he got there, a building was fully engulfed in flames.  He was too late to save the building and as the walls began to fall what had burned in the building.Unfortunately, he couldn't save the boat either.  By sunrise, Steve saw nothing left but some smoking embers and some smoldering beams.  He poked around in the remains of the building to make sure there was no chance of the fire starting to burn again.  Steve knew it had been a very dry autumn this year and any stray spark would probably start a fire that would burn up a good portion of the forest around the lake if it was uncontainable.  The police had also asked Steve to look around for arson clues.  Steve thought the fire was suspicious and had wanted to investigate.  He wanted to catch the arsonist and end the rash of fires before somebody got killed.  When Steve saw that the embers had cooled, he began digging around in the ashes.  Unfortunately, he wasn't having much success.  He was able to find an old what he had found in the ashes.was important.  By mid-morning, Steve decided the fire was sufficiently out so that he could return to the fire station.  He was more than happy to go back.  Having worked all night, he was cold, tired, and especially hungry.  Steve decided to cook some pancakes.  While cooking, one of his buddies asked him3glove but he wasn't sure if the glove ",15.txt,0.0,"The generated answer 'The burnt glove' is incorrect. The correct answer, supported by the passage context, is 'boat'.",False,boat
study3,D,15,15,2,2,What did Steve find in the ashes?,1) 3glove,"The Inexplicable ClueSteve thought that working at the fire department had been easy but lately, he noticed a rash of fires had been plaguingthe town.  Mostly, the fires were empty buildings and summer cottages down by the lake.  One night, Steve spotted some smoke down by the lake.  By the time he got there, a building was fully engulfed in flames.  He was too late to save the building and as the walls began to fall what had burned in the building.Unfortunately, he couldn't save the boat either.  By sunrise, Steve saw nothing left but some smoking embers and some smoldering beams.  He poked around in the remains of the building to make sure there was no chance of the fire starting to burn again.  Steve knew it had been a very dry autumn this year and any stray spark would probably start a fire that would burn up a good portion of the forest around the lake if it was uncontainable.  The police had also asked Steve to look around for arson clues.  Steve thought the fire was suspicious and had wanted to investigate.  He wanted to catch the arsonist and end the rash of fires before somebody got killed.  When Steve saw that the embers had cooled, he began digging around in the ashes.  Unfortunately, he wasn't having much success.  He was able to find an old what he had found in the ashes.was important.  By mid-morning, Steve decided the fire was sufficiently out so that he could return to the fire station.  He was more than happy to go back.  Having worked all night, he was cold, tired, and especially hungry.  Steve decided to cook some pancakes.  While cooking, one of his buddies asked him3glove but he wasn't sure if the glove ",15.txt,1.0,"The core answer 'glove' matches the correct answer, despite the presence of extraneous numerical characters and punctuation ('1) 3').",True,glove
study3,A,16,16,1,1,What was the murder weapon?,It was a knife.,"The Killer's BladeJohn had been promoted to detective two months ago and he couldn't wait to make his first big arrest.  He knew he would be nervous when a case came to trial because the defense attorney would be trying to discredit his testimony in order to get his client off.  John decided he would only make careful arrests.  Early one night, John responded to a call on Maple street and when he arrived, found a young woman lying on the sidewalk.  He turned her over, saw a pool of blood, and realized she was dead.  Johnwhat the murder weapon had been.next to the woman.  He thought the knifemight have fingerprints.  John called the coroner's office and he attempted to keep the growing crowd away while he waited.  Suddenly, John saw a man break through the crowd and crouch over the woman.  He told John that he was the woman's husband.  John immediately pulled him back from the body and questioned him, wanting to know if he knew anything.  John was looking for clues and asked the husband to help him.  He wanted to solve this case and show his boss that he had deserved his recent promotion.  John was being pretty insensitive however. The man had just lost his wife and didn't really want to talk but John kept him around anyway.  Actually, John suspected the husband and didn't want to let him go until he was sure he wasn't guilty.  When if anything had been stolen.had been stolen, he knew the husbandwas innocent.  The stolen money meantthat the case was probably a robbery.John didn't need much time to find asuspect and bring him to trial.  Johntook the stand knowing the defenseattorney would be tough.  He was verynervous but he was also ready for anyquestion.  The defense attorney asked him3didn't dare touch the knife that was lying",16.txt,1.0,"The generated answer explicitly names the correct weapon, 'knife,' matching the required correct answer.",True,knife
study3,A,16,16,2,2,What had been stolen?,The woman's purse.,"The Killer's BladeJohn had been promoted to detective two months ago and he couldn't wait to make his first big arrest.  He knew he would be nervous when a case came to trial because the defense attorney would be trying to discredit his testimony in order to get his client off.  John decided he would only make careful arrests.  Early one night, John responded to a call on Maple street and when he arrived, found a young woman lying on the sidewalk.  He turned her over, saw a pool of blood, and realized she was dead.  Johnwhat the murder weapon had been.next to the woman.  He thought the knifemight have fingerprints.  John called the coroner's office and he attempted to keep the growing crowd away while he waited.  Suddenly, John saw a man break through the crowd and crouch over the woman.  He told John that he was the woman's husband.  John immediately pulled him back from the body and questioned him, wanting to know if he knew anything.  John was looking for clues and asked the husband to help him.  He wanted to solve this case and show his boss that he had deserved his recent promotion.  John was being pretty insensitive however. The man had just lost his wife and didn't really want to talk but John kept him around anyway.  Actually, John suspected the husband and didn't want to let him go until he was sure he wasn't guilty.  When if anything had been stolen.had been stolen, he knew the husbandwas innocent.  The stolen money meantthat the case was probably a robbery.John didn't need much time to find asuspect and bring him to trial.  Johntook the stand knowing the defenseattorney would be tough.  He was verynervous but he was also ready for anyquestion.  The defense attorney asked him3didn't dare touch the knife that was lying",16.txt,0.0,"The correct answer specifies that 'money' was stolen. The generated answer specifies 'The woman's purse.' While related, the generated answer does not match the exact item identified as stolen in the correct answer.",False,money
study3,B,16,16,1,1,What was the murder weapon?,A 2,"The Killer's BladeJohn had been promoted to detective two months ago and he couldn't wait to make his first big arrest.  He knew he would be nervous when a case came to trial because the defense attorney would be trying to discredit his testimony in order to get his client off.  John decided he would only make careful arrests.  Early one night, John responded to a call on Maple street and when he arrived, found a young woman lying on the sidewalk.  He turned her over, saw a pool of blood, and realized she was dead.  Johnwhat the murder weapon had been.next to the woman.  He thought the knifemight have fingerprints.  John called the coroner's office and he attempted to keep the growing crowd away while he waited.  Suddenly, John saw a man break through the crowd and crouch over the woman.  He told John that he was the woman's husband.  John immediately pulled him back from the body and questioned him, wanting to know if he knew anything.  John was looking for clues and asked the husband to help him.  He wanted to solve this case and show his boss that he had deserved his recent promotion.  John was being pretty insensitive however. The man had just lost his wife and didn't really want to talk but John kept him around anyway.  Actually, John suspected the husband and didn't want to let him go until he was sure he wasn't guilty.  When if anything had been stolen.had been stolen, he knew the husbandwas innocent.  The stolen money meantthat the case was probably a robbery.John didn't need much time to find asuspect and bring him to trial.  Johntook the stand knowing the defenseattorney would be tough.  He was verynervous but he was also ready for anyquestion.  The defense attorney asked him3John found out that the woman's money ",16.txt,0.0,"The generated answer ('A 2') is completely incorrect and irrelevant. It does not match the correct answer, 'knife'.",False,knife
study3,B,16,16,2,2,What had been stolen?,The husband's car,"The Killer's BladeJohn had been promoted to detective two months ago and he couldn't wait to make his first big arrest.  He knew he would be nervous when a case came to trial because the defense attorney would be trying to discredit his testimony in order to get his client off.  John decided he would only make careful arrests.  Early one night, John responded to a call on Maple street and when he arrived, found a young woman lying on the sidewalk.  He turned her over, saw a pool of blood, and realized she was dead.  Johnwhat the murder weapon had been.next to the woman.  He thought the knifemight have fingerprints.  John called the coroner's office and he attempted to keep the growing crowd away while he waited.  Suddenly, John saw a man break through the crowd and crouch over the woman.  He told John that he was the woman's husband.  John immediately pulled him back from the body and questioned him, wanting to know if he knew anything.  John was looking for clues and asked the husband to help him.  He wanted to solve this case and show his boss that he had deserved his recent promotion.  John was being pretty insensitive however. The man had just lost his wife and didn't really want to talk but John kept him around anyway.  Actually, John suspected the husband and didn't want to let him go until he was sure he wasn't guilty.  When if anything had been stolen.had been stolen, he knew the husbandwas innocent.  The stolen money meantthat the case was probably a robbery.John didn't need much time to find asuspect and bring him to trial.  Johntook the stand knowing the defenseattorney would be tough.  He was verynervous but he was also ready for anyquestion.  The defense attorney asked him3John found out that the woman's money ",16.txt,0.0,"The generated answer states that 'The husband's car' was stolen, which is a different item than the correct answer, 'money'.",False,money
study3,C,16,16,1,1,What was the murder weapon?,The murder weapon was a knife made by the same manufacturer that was used in the attack.,"The Missing LootJohn had been promoted to detective two months ago and he couldn't wait to make his first big arrest.  He knew he would be nervous when a case came to trial because the defense attorney would be trying to discredit his testimony in order to get his client off.  John decided he would only make careful arrests.  Early one night, John responded to a call on Maple street and when he arrived, found a young woman lying on the sidewalk.  He turned her over, saw a pool of blood, and realized she was dead.  Johnwhat the murder weapon had been.next to the woman.  He thought the knifemight have fingerprints.  John called the coroner's office and he attempted to keep the growing crowd away while he waited.  Suddenly, John saw a man break through the crowd and crouch over the woman.  He told John that he was the woman's husband.  John immediately pulled him back from the body and questioned him, wanting to know if he knew anything.  John was looking for clues and asked the husband to help him.  He wanted to solve this case and show his boss that he had deserved his recent promotion.  John was being pretty insensitive however. The man had just lost his wife and didn't really want to talk but John kept him around anyway.  Actually, John suspected the husband and didn't want to let him go until he was sure he wasn't guilty.  When if anything had been stolen.had been stolen, he knew the husbandwas innocent.  The stolen money meantthat the case was probably a robbery.John didn't need much time to find asuspect and bring him to trial.  Johntook the stand knowing the defenseattorney would be tough.  He was verynervous but he was also ready for anyquestion.  The defense attorney asked him3didn't dare touch the knife that was lying",16.txt,1.0,"The generated answer correctly identifies the murder weapon as a ""knife,"" which is the core factual component of the correct answer, despite including additional, extraneous detail.",True,knife
study3,C,16,16,2,2,What had been stolen?,2.,"The Missing LootJohn had been promoted to detective two months ago and he couldn't wait to make his first big arrest.  He knew he would be nervous when a case came to trial because the defense attorney would be trying to discredit his testimony in order to get his client off.  John decided he would only make careful arrests.  Early one night, John responded to a call on Maple street and when he arrived, found a young woman lying on the sidewalk.  He turned her over, saw a pool of blood, and realized she was dead.  Johnwhat the murder weapon had been.next to the woman.  He thought the knifemight have fingerprints.  John called the coroner's office and he attempted to keep the growing crowd away while he waited.  Suddenly, John saw a man break through the crowd and crouch over the woman.  He told John that he was the woman's husband.  John immediately pulled him back from the body and questioned him, wanting to know if he knew anything.  John was looking for clues and asked the husband to help him.  He wanted to solve this case and show his boss that he had deserved his recent promotion.  John was being pretty insensitive however. The man had just lost his wife and didn't really want to talk but John kept him around anyway.  Actually, John suspected the husband and didn't want to let him go until he was sure he wasn't guilty.  When if anything had been stolen.had been stolen, he knew the husbandwas innocent.  The stolen money meantthat the case was probably a robbery.John didn't need much time to find asuspect and bring him to trial.  Johntook the stand knowing the defenseattorney would be tough.  He was verynervous but he was also ready for anyquestion.  The defense attorney asked him3didn't dare touch the knife that was lying",16.txt,0.0,"The generated answer provides only the question number (""2."") and completely fails to include the correct answer, ""money.""",False,money
study3,D,16,16,1,1,What was the murder weapon?,She had been killed with a knife.,"The Missing LootJohn had been promoted to detective two months ago and he couldn't wait to make his first big arrest.  He knew he would be nervous when a case came to trial because the defense attorney would be trying to discredit his testimony in order to get his client off.  John decided he would only make careful arrests.  Early one night, John responded to a call on Maple street and when he arrived, found a young woman lying on the sidewalk.  He turned her over, saw a pool of blood, and realized she was dead.  Johnwhat the murder weapon had been.next to the woman.  He thought the knifemight have fingerprints.  John called the coroner's office and he attempted to keep the growing crowd away while he waited.  Suddenly, John saw a man break through the crowd and crouch over the woman.  He told John that he was the woman's husband.  John immediately pulled him back from the body and questioned him, wanting to know if he knew anything.  John was looking for clues and asked the husband to help him.  He wanted to solve this case and show his boss that he had deserved his recent promotion.  John was being pretty insensitive however. The man had just lost his wife and didn't really want to talk but John kept him around anyway.  Actually, John suspected the husband and didn't want to let him go until he was sure he wasn't guilty.  When if anything had been stolen.had been stolen, he knew the husbandwas innocent.  The stolen money meantthat the case was probably a robbery.John didn't need much time to find asuspect and bring him to trial.  Johntook the stand knowing the defenseattorney would be tough.  He was verynervous but he was also ready for anyquestion.  The defense attorney asked him3John found out that the woman's money ",16.txt,1.0,"The generated answer provides the correct essential information ('knife'), although it is phrased as a full sentence rather than just the single word listed in the correct answer.",True,knife
study3,D,16,16,2,2,What had been stolen?,The money had been stolen.,"The Missing LootJohn had been promoted to detective two months ago and he couldn't wait to make his first big arrest.  He knew he would be nervous when a case came to trial because the defense attorney would be trying to discredit his testimony in order to get his client off.  John decided he would only make careful arrests.  Early one night, John responded to a call on Maple street and when he arrived, found a young woman lying on the sidewalk.  He turned her over, saw a pool of blood, and realized she was dead.  Johnwhat the murder weapon had been.next to the woman.  He thought the knifemight have fingerprints.  John called the coroner's office and he attempted to keep the growing crowd away while he waited.  Suddenly, John saw a man break through the crowd and crouch over the woman.  He told John that he was the woman's husband.  John immediately pulled him back from the body and questioned him, wanting to know if he knew anything.  John was looking for clues and asked the husband to help him.  He wanted to solve this case and show his boss that he had deserved his recent promotion.  John was being pretty insensitive however. The man had just lost his wife and didn't really want to talk but John kept him around anyway.  Actually, John suspected the husband and didn't want to let him go until he was sure he wasn't guilty.  When if anything had been stolen.had been stolen, he knew the husbandwas innocent.  The stolen money meantthat the case was probably a robbery.John didn't need much time to find asuspect and bring him to trial.  Johntook the stand knowing the defenseattorney would be tough.  He was verynervous but he was also ready for anyquestion.  The defense attorney asked him3John found out that the woman's money ",16.txt,1.0,"The generated answer provides the correct essential information ('money'), although it is phrased as a full sentence rather than just the single word listed in the correct answer.",True,money
