study,version,passage_num,passage_key,question_num,question_id,question,generated_answer,passage_text,passage_file,judge_score,judge_reasoning,is_correct,correct_answer
study3,A,1,01,1,1,What was the man driving?,A van,"Dan had been driving almost all night in order to get home for Thanksgiving. While driving, he found he couldn't stay awake so he stopped at a small all-night convenience store for some coffee. Before going inside, Dan walked around in the fresh air.  While he was stretching 1 jumped out.  As Dan followed the man into the store, he noticed that the van was old and dented.  The clerk was very friendly and asked Dan where he was headed.  Dan told him he was in college and that he was going home for Thanksgiving.  While Dan was talking and drinking his coffee, the clerk was eyeing the other man.  Dan watched the man roam around the store and noticed that he didn't pick up anything.  The clerk asked Dan if he would stay until the man left the store.  The clerk told Dan that the man was making him very nervous.  Dan was anxious to get home but he agreed to stay with the clerk.  Dan didn't want to leave him alone.  He thought his presence would help avoid any trouble.  Finally, the man 2 thought it was a little strange to buy only gum but he was relieved that the man finally left.  He finished his coffee and got another cup.  He hoped he could stay awake until he got home.  Just as he was  leaving, the police came in.  They said they wanted to ask about the man who had just left.  They asked Dan if he 3",1.txt,1.0,"The generated answer ""A van"" factually identifies the object, matching the correct answer ""van.""",True,van
study3,A,1,01,2,2,What did the man buy?,Gum,"Dan had been driving almost all night in order to get home for Thanksgiving. While driving, he found he couldn't stay awake so he stopped at a small all-night convenience store for some coffee. Before going inside, Dan walked around in the fresh air.  While he was stretching 1 jumped out.  As Dan followed the man into the store, he noticed that the van was old and dented.  The clerk was very friendly and asked Dan where he was headed.  Dan told him he was in college and that he was going home for Thanksgiving.  While Dan was talking and drinking his coffee, the clerk was eyeing the other man.  Dan watched the man roam around the store and noticed that he didn't pick up anything.  The clerk asked Dan if he would stay until the man left the store.  The clerk told Dan that the man was making him very nervous.  Dan was anxious to get home but he agreed to stay with the clerk.  Dan didn't want to leave him alone.  He thought his presence would help avoid any trouble.  Finally, the man 2 thought it was a little strange to buy only gum but he was relieved that the man finally left.  He finished his coffee and got another cup.  He hoped he could stay awake until he got home.  Just as he was  leaving, the police came in.  They said they wanted to ask about the man who had just left.  They asked Dan if he 3",1.txt,1.0,"The generated answer ""Gum"" is identical to the correct answer ""gum"" (differences in capitalization are ignored).",True,gum
study3,B,1,01,1,1,What was the man driving?,A van,"Dan had been driving almost all night in order to get home for Thanksgiving. While driving, he found he couldn't stay awake so he stopped at a small all-night convenience store for some coffee. Before going inside, Dan walked around in the fresh air.  While he was stretching 1 jumped out.  As Dan followed the man into the store, he noticed that the van was old and dented.  The clerk was very friendly and asked Dan where he was headed.  Dan told him he was in college and that he was going home for Thanksgiving.  While Dan was talking and drinking his coffee, the clerk was eyeing the other man.  Dan watched the man roam around the store and noticed that he didn't pick up anything.  The clerk asked Dan if he would stay until the man left the store.  The clerk told Dan that the man was making him very nervous.  Dan was anxious to get home but he agreed to stay with the clerk.  Dan didn't want to leave him alone.  He thought his presence would help avoid any trouble.  Finally, the man 2 thought it was a little strange to buy only gum but he was relieved that the man finally left.  He finished his coffee and got another cup.  He hoped he could stay awake until he got home.  Just as he was  leaving, the police came in.  They said they wanted to ask about the man who had just left.  They asked Dan if he 3",1.txt,1.0,"The generated answer 'A van' accurately identifies the vehicle, matching the factual content of the correct answer 'van'. The inclusion of the article 'A' does not detract from correctness.",True,van
study3,B,1,01,2,2,What did the man buy?,Gum,"Dan had been driving almost all night in order to get home for Thanksgiving. While driving, he found he couldn't stay awake so he stopped at a small all-night convenience store for some coffee. Before going inside, Dan walked around in the fresh air.  While he was stretching 1 jumped out.  As Dan followed the man into the store, he noticed that the van was old and dented.  The clerk was very friendly and asked Dan where he was headed.  Dan told him he was in college and that he was going home for Thanksgiving.  While Dan was talking and drinking his coffee, the clerk was eyeing the other man.  Dan watched the man roam around the store and noticed that he didn't pick up anything.  The clerk asked Dan if he would stay until the man left the store.  The clerk told Dan that the man was making him very nervous.  Dan was anxious to get home but he agreed to stay with the clerk.  Dan didn't want to leave him alone.  He thought his presence would help avoid any trouble.  Finally, the man 2 thought it was a little strange to buy only gum but he was relieved that the man finally left.  He finished his coffee and got another cup.  He hoped he could stay awake until he got home.  Just as he was  leaving, the police came in.  They said they wanted to ask about the man who had just left.  They asked Dan if he 3",1.txt,1.0,The generated answer 'Gum' correctly matches the factual content of the correct answer 'gum'.,True,gum
study3,C,1,01,1,1,What was the man driving?,A van,"Dan had been driving almost all night in order to get home for Thanksgiving. While driving, he found he couldn't stay awake so he stopped at a small all-night convenience store for some coffee. Before going inside, Dan walked around in the fresh air.  While he was stretching 1 jumped out.  As Dan followed the man into the store, he noticed that the van was old and dented.  The clerk was very friendly and asked Dan where he was headed.  Dan told him he was in college and that he was going home for Thanksgiving.  While Dan was talking and drinking his coffee, the clerk was eyeing the other man.  Dan watched the man roam around the store and noticed that he didn't pick up anything.  The clerk asked Dan if he would stay until the man left the store.  The clerk told Dan that the man was making him very nervous.  Dan was anxious to get home but he agreed to stay with the clerk.  Dan didn't want to leave him alone.  He thought his presence would help avoid any trouble.  Finally, the man 2 thought it was a little strange to buy only gum but he was relieved that the man finally left.  He finished his coffee and got another cup.  He hoped he could stay awake until he got home.  Just as he was  leaving, the police came in.  They said they wanted to ask about the man who had just left.  They asked Dan if he 3",1.txt,1.0,"The generated answer 'A van' is factually correct and accurately identifies the vehicle, matching the intended correct answer 'van'. The inclusion of the article 'A' does not detract from the factual correctness.",True,van
study3,C,1,01,2,2,What did the man buy?,Gum,"Dan had been driving almost all night in order to get home for Thanksgiving. While driving, he found he couldn't stay awake so he stopped at a small all-night convenience store for some coffee. Before going inside, Dan walked around in the fresh air.  While he was stretching 1 jumped out.  As Dan followed the man into the store, he noticed that the van was old and dented.  The clerk was very friendly and asked Dan where he was headed.  Dan told him he was in college and that he was going home for Thanksgiving.  While Dan was talking and drinking his coffee, the clerk was eyeing the other man.  Dan watched the man roam around the store and noticed that he didn't pick up anything.  The clerk asked Dan if he would stay until the man left the store.  The clerk told Dan that the man was making him very nervous.  Dan was anxious to get home but he agreed to stay with the clerk.  Dan didn't want to leave him alone.  He thought his presence would help avoid any trouble.  Finally, the man 2 thought it was a little strange to buy only gum but he was relieved that the man finally left.  He finished his coffee and got another cup.  He hoped he could stay awake until he got home.  Just as he was  leaving, the police came in.  They said they wanted to ask about the man who had just left.  They asked Dan if he 3",1.txt,1.0,The generated answer 'Gum' is factually identical to the correct answer 'gum'.,True,gum
study3,D,1,01,1,1,What was the man driving?,A van,"Dan had been driving almost all night in order to get home for Thanksgiving. While driving, he found he couldn't stay awake so he stopped at a small all-night convenience store for some coffee. Before going inside, Dan walked around in the fresh air.  While he was stretching 1 jumped out.  As Dan followed the man into the store, he noticed that the van was old and dented.  The clerk was very friendly and asked Dan where he was headed.  Dan told him he was in college and that he was going home for Thanksgiving.  While Dan was talking and drinking his coffee, the clerk was eyeing the other man.  Dan watched the man roam around the store and noticed that he didn't pick up anything.  The clerk asked Dan if he would stay until the man left the store.  The clerk told Dan that the man was making him very nervous.  Dan was anxious to get home but he agreed to stay with the clerk.  Dan didn't want to leave him alone.  He thought his presence would help avoid any trouble.  Finally, the man 2 thought it was a little strange to buy only gum but he was relieved that the man finally left.  He finished his coffee and got another cup.  He hoped he could stay awake until he got home.  Just as he was  leaving, the police came in.  They said they wanted to ask about the man who had just left.  They asked Dan if he 3",1.txt,1.0,The generated answer 'A van' is factually equivalent to the correct answer 'van'. The addition of the indefinite article does not change the correctness of the response regarding the vehicle type.,True,van
study3,D,1,01,2,2,What did the man buy?,Gum,"Dan had been driving almost all night in order to get home for Thanksgiving. While driving, he found he couldn't stay awake so he stopped at a small all-night convenience store for some coffee. Before going inside, Dan walked around in the fresh air.  While he was stretching 1 jumped out.  As Dan followed the man into the store, he noticed that the van was old and dented.  The clerk was very friendly and asked Dan where he was headed.  Dan told him he was in college and that he was going home for Thanksgiving.  While Dan was talking and drinking his coffee, the clerk was eyeing the other man.  Dan watched the man roam around the store and noticed that he didn't pick up anything.  The clerk asked Dan if he would stay until the man left the store.  The clerk told Dan that the man was making him very nervous.  Dan was anxious to get home but he agreed to stay with the clerk.  Dan didn't want to leave him alone.  He thought his presence would help avoid any trouble.  Finally, the man 2 thought it was a little strange to buy only gum but he was relieved that the man finally left.  He finished his coffee and got another cup.  He hoped he could stay awake until he got home.  Just as he was  leaving, the police came in.  They said they wanted to ask about the man who had just left.  They asked Dan if he 3",1.txt,1.0,"The generated answer 'Gum' is an exact match to the correct answer 'gum', differing only by capitalization, which is typically ignored in comprehension scoring.",True,gum
study3,A,2,02,1,1,What had the boy broken?,A finger,"Karen had been working in the emergency room since she had become a nurse several years ago.  She loved working in the emergency room because she found the work interesting and she felt useful.  She especially liked working on Sundays because she could relax.  Unfortunately, Karen had plenty of work this Sunday. She was just about to take a break when she watched the police bring in a young boy.  She knew he was hurt so she rushed to help him; she was relieved to find that 1 carefully set the finger and gave him a sedative.  Then she called his parents and told them not to worry.  Karen was happy to see that the boy had fallen asleep.  She went out to the lobby and waited for the parents, knowing she would have a long wait.  The parents had told her that the drive was an hour long. Karen sat back in a chair and hoped no more people would come in while she waited.  She was tired of treating people hurt in otherwise preventable accidents. Karen went back to check on the boy and was glad to see that he was still sleeping.  Then she went to the kitchen to get a cup of coffee.  When she returned, the boy was awake, and asked 2 Karen brought him a game and told him to press the buzzer if he needed anything. Then she went out and started to clean up the emergency room.  She wanted to straighten things up before she went off duty. Just before she left, the boy's parents arrived and Karen told them that everything was fine.  They wanted to know whether 3",2.txt,1.0,The generated answer 'A finger' accurately identifies the core concept 'finger' required by the correct answer. The inclusion of the indefinite article 'A' is acceptable in reading comprehension scoring.,True,finger
study3,A,2,02,2,2,What had the boy asked for?,A game,"Karen had been working in the emergency room since she had become a nurse several years ago.  She loved working in the emergency room because she found the work interesting and she felt useful.  She especially liked working on Sundays because she could relax.  Unfortunately, Karen had plenty of work this Sunday. She was just about to take a break when she watched the police bring in a young boy.  She knew he was hurt so she rushed to help him; she was relieved to find that 1 carefully set the finger and gave him a sedative.  Then she called his parents and told them not to worry.  Karen was happy to see that the boy had fallen asleep.  She went out to the lobby and waited for the parents, knowing she would have a long wait.  The parents had told her that the drive was an hour long. Karen sat back in a chair and hoped no more people would come in while she waited.  She was tired of treating people hurt in otherwise preventable accidents. Karen went back to check on the boy and was glad to see that he was still sleeping.  Then she went to the kitchen to get a cup of coffee.  When she returned, the boy was awake, and asked 2 Karen brought him a game and told him to press the buzzer if he needed anything. Then she went out and started to clean up the emergency room.  She wanted to straighten things up before she went off duty. Just before she left, the boy's parents arrived and Karen told them that everything was fine.  They wanted to know whether 3",2.txt,1.0,The generated answer 'A game' accurately identifies the core concept 'game' required by the correct answer. The inclusion of the indefinite article 'A' is acceptable in reading comprehension scoring.,True,game
study3,B,2,02,1,1,What had the boy broken?,Finger,"Karen had been working in the emergency room since she had become a nurse several years ago.  She loved working in the emergency room because she found the work interesting and she felt useful.  She especially liked working on Sundays because she could relax.  Unfortunately, Karen had plenty of work this Sunday. She was just about to take a break when she watched the police bring in a young boy.  She knew he was hurt so she rushed to help him; she was relieved to find that 1 carefully set the finger and gave him a sedative.  Then she called his parents and told them not to worry.  Karen was happy to see that the boy had fallen asleep.  She went out to the lobby and waited for the parents, knowing she would have a long wait.  The parents had told her that the drive was an hour long. Karen sat back in a chair and hoped no more people would come in while she waited.  She was tired of treating people hurt in otherwise preventable accidents. Karen went back to check on the boy and was glad to see that he was still sleeping.  Then she went to the kitchen to get a cup of coffee.  When she returned, the boy was awake, and asked 2 Karen brought him a game and told him to press the buzzer if he needed anything. Then she went out and started to clean up the emergency room.  She wanted to straighten things up before she went off duty. Just before she left, the boy's parents arrived and Karen told them that everything was fine.  They wanted to know whether 3",2.txt,1.0,The generated answer 'Finger' is factually equivalent to the correct answer 'finger'. Differences in capitalization are disregarded.,True,finger
study3,B,2,02,2,2,What had the boy asked for?,A game,"Karen had been working in the emergency room since she had become a nurse several years ago.  She loved working in the emergency room because she found the work interesting and she felt useful.  She especially liked working on Sundays because she could relax.  Unfortunately, Karen had plenty of work this Sunday. She was just about to take a break when she watched the police bring in a young boy.  She knew he was hurt so she rushed to help him; she was relieved to find that 1 carefully set the finger and gave him a sedative.  Then she called his parents and told them not to worry.  Karen was happy to see that the boy had fallen asleep.  She went out to the lobby and waited for the parents, knowing she would have a long wait.  The parents had told her that the drive was an hour long. Karen sat back in a chair and hoped no more people would come in while she waited.  She was tired of treating people hurt in otherwise preventable accidents. Karen went back to check on the boy and was glad to see that he was still sleeping.  Then she went to the kitchen to get a cup of coffee.  When she returned, the boy was awake, and asked 2 Karen brought him a game and told him to press the buzzer if he needed anything. Then she went out and started to clean up the emergency room.  She wanted to straighten things up before she went off duty. Just before she left, the boy's parents arrived and Karen told them that everything was fine.  They wanted to know whether 3",2.txt,1.0,The generated answer 'A game' contains the required factual element 'game'. The inclusion of the indefinite article 'A' is acceptable in this context.,True,game
study3,C,2,02,1,1,What had the boy broken?,A finger,"Karen had been working in the emergency room since she had become a nurse several years ago.  She loved working in the emergency room because she found the work interesting and she felt useful.  She especially liked working on Sundays because she could relax.  Unfortunately, Karen had plenty of work this Sunday. She was just about to take a break when she watched the police bring in a young boy.  She knew he was hurt so she rushed to help him; she was relieved to find that 1 carefully set the finger and gave him a sedative.  Then she called his parents and told them not to worry.  Karen was happy to see that the boy had fallen asleep.  She went out to the lobby and waited for the parents, knowing she would have a long wait.  The parents had told her that the drive was an hour long. Karen sat back in a chair and hoped no more people would come in while she waited.  She was tired of treating people hurt in otherwise preventable accidents. Karen went back to check on the boy and was glad to see that he was still sleeping.  Then she went to the kitchen to get a cup of coffee.  When she returned, the boy was awake, and asked 2 Karen brought him a game and told him to press the buzzer if he needed anything. Then she went out and started to clean up the emergency room.  She wanted to straighten things up before she went off duty. Just before she left, the boy's parents arrived and Karen told them that everything was fine.  They wanted to know whether 3",2.txt,1.0,The generated answer 'A finger' is substantively correct and refers to the same object as the correct answer 'finger'. The inclusion of the article does not change the factual meaning.,True,finger
study3,C,2,02,2,2,What had the boy asked for?,A game,"Karen had been working in the emergency room since she had become a nurse several years ago.  She loved working in the emergency room because she found the work interesting and she felt useful.  She especially liked working on Sundays because she could relax.  Unfortunately, Karen had plenty of work this Sunday. She was just about to take a break when she watched the police bring in a young boy.  She knew he was hurt so she rushed to help him; she was relieved to find that 1 carefully set the finger and gave him a sedative.  Then she called his parents and told them not to worry.  Karen was happy to see that the boy had fallen asleep.  She went out to the lobby and waited for the parents, knowing she would have a long wait.  The parents had told her that the drive was an hour long. Karen sat back in a chair and hoped no more people would come in while she waited.  She was tired of treating people hurt in otherwise preventable accidents. Karen went back to check on the boy and was glad to see that he was still sleeping.  Then she went to the kitchen to get a cup of coffee.  When she returned, the boy was awake, and asked 2 Karen brought him a game and told him to press the buzzer if he needed anything. Then she went out and started to clean up the emergency room.  She wanted to straighten things up before she went off duty. Just before she left, the boy's parents arrived and Karen told them that everything was fine.  They wanted to know whether 3",2.txt,1.0,The generated answer 'A game' is substantively correct and refers to the same object as the correct answer 'game'. The inclusion of the article does not change the factual meaning.,True,game
study3,D,2,02,1,1,What had the boy broken?,Finger,"Karen had been working in the emergency room since she had become a nurse several years ago.  She loved working in the emergency room because she found the work interesting and she felt useful.  She especially liked working on Sundays because she could relax.  Unfortunately, Karen had plenty of work this Sunday. She was just about to take a break when she watched the police bring in a young boy.  She knew he was hurt so she rushed to help him; she was relieved to find that 1 carefully set the finger and gave him a sedative.  Then she called his parents and told them not to worry.  Karen was happy to see that the boy had fallen asleep.  She went out to the lobby and waited for the parents, knowing she would have a long wait.  The parents had told her that the drive was an hour long. Karen sat back in a chair and hoped no more people would come in while she waited.  She was tired of treating people hurt in otherwise preventable accidents. Karen went back to check on the boy and was glad to see that he was still sleeping.  Then she went to the kitchen to get a cup of coffee.  When she returned, the boy was awake, and asked 2 Karen brought him a game and told him to press the buzzer if he needed anything. Then she went out and started to clean up the emergency room.  She wanted to straighten things up before she went off duty. Just before she left, the boy's parents arrived and Karen told them that everything was fine.  They wanted to know whether 3",2.txt,1.0,"The generated answer 'Finger' is substantively identical to the correct answer 'finger'. The difference is only in capitalization, which does not impact the factual accuracy.",True,finger
study3,D,2,02,2,2,What had the boy asked for?,A game,"Karen had been working in the emergency room since she had become a nurse several years ago.  She loved working in the emergency room because she found the work interesting and she felt useful.  She especially liked working on Sundays because she could relax.  Unfortunately, Karen had plenty of work this Sunday. She was just about to take a break when she watched the police bring in a young boy.  She knew he was hurt so she rushed to help him; she was relieved to find that 1 carefully set the finger and gave him a sedative.  Then she called his parents and told them not to worry.  Karen was happy to see that the boy had fallen asleep.  She went out to the lobby and waited for the parents, knowing she would have a long wait.  The parents had told her that the drive was an hour long. Karen sat back in a chair and hoped no more people would come in while she waited.  She was tired of treating people hurt in otherwise preventable accidents. Karen went back to check on the boy and was glad to see that he was still sleeping.  Then she went to the kitchen to get a cup of coffee.  When she returned, the boy was awake, and asked 2 Karen brought him a game and told him to press the buzzer if he needed anything. Then she went out and started to clean up the emergency room.  She wanted to straighten things up before she went off duty. Just before she left, the boy's parents arrived and Karen told them that everything was fine.  They wanted to know whether 3",2.txt,1.0,"The generated answer 'A game' accurately identifies the item requested, 'game'. The inclusion of the indefinite article 'A' is a minor syntactic difference and does not detract from the factual correctness.",True,game
study3,A,3,03,1,1,What did the famous actress give Nora?,A ticket to her show,"Nora had been living in New York for two years while she waited for her big break as an actress.  During the day she attended acting classes and auditions, and at night she was a waitress in a small restaurant just off Broadway.  One night several cast members from the show in the theater down the street came in for dinner.  Nora recognized one of the women as the lead actress.  She worked up enough courage and went over to her. Nora told her that she too was an actress and that she was a great admirer of hers. The woman thanked Nora and promptly gave 1 the ticket into her pocket and went off to fill their orders.  Nora noticed that the restaurant filled up with customers quickly and before long, she had a line of people waiting for tables.  Nora was already tired from being in class all day but she still enjoyed her job.  Not only did it provide her with a little money, but it also gave her a chance to meet some famous people.  Nora realized that getting acting jobs was difficult without making connections, so she needed to meet all the famous people that she could. Eventually, Nora saw that the restaurant was beginning to quiet down and she started cleaning some of the tables. She started stacking plates on a cart to carry to the kitchen.  While she 2 stuck under some plates.  She placed the wallet in the lost-and-found box and returned to her work. After the restaurant closed, Nora sat and had a cup of coffee.  She was tired and glad she could finally sit.  Nora had been working for eight hours and she needed a break. Another waitress joined Nora and asked her 3",3.txt,1.0,"The generated answer contains the core correct information (""ticket"") and is functionally equivalent to the correct answer, even though it includes slightly more descriptive detail (""to her show"").",True,ticket
study3,A,3,03,2,2,What did Nora find under the plates?,A wallet,"Nora had been living in New York for two years while she waited for her big break as an actress.  During the day she attended acting classes and auditions, and at night she was a waitress in a small restaurant just off Broadway.  One night several cast members from the show in the theater down the street came in for dinner.  Nora recognized one of the women as the lead actress.  She worked up enough courage and went over to her. Nora told her that she too was an actress and that she was a great admirer of hers. The woman thanked Nora and promptly gave 1 the ticket into her pocket and went off to fill their orders.  Nora noticed that the restaurant filled up with customers quickly and before long, she had a line of people waiting for tables.  Nora was already tired from being in class all day but she still enjoyed her job.  Not only did it provide her with a little money, but it also gave her a chance to meet some famous people.  Nora realized that getting acting jobs was difficult without making connections, so she needed to meet all the famous people that she could. Eventually, Nora saw that the restaurant was beginning to quiet down and she started cleaning some of the tables. She started stacking plates on a cart to carry to the kitchen.  While she 2 stuck under some plates.  She placed the wallet in the lost-and-found box and returned to her work. After the restaurant closed, Nora sat and had a cup of coffee.  She was tired and glad she could finally sit.  Nora had been working for eight hours and she needed a break. Another waitress joined Nora and asked her 3",3.txt,1.0,"The generated answer ""A wallet"" accurately identifies the item and matches the core correct answer ""wallet.""",True,wallet
study3,B,3,03,1,1,What did the famous actress give Nora?,A ticket to her show,"Nora had been living in New York for two years while she waited for her big break as an actress.  During the day she attended acting classes and auditions, and at night she was a waitress in a small restaurant just off Broadway.  One night several cast members from the show in the theater down the street came in for dinner.  Nora recognized one of the women as the lead actress.  She worked up enough courage and went over to her. Nora told her that she too was an actress and that she was a great admirer of hers. The woman thanked Nora and promptly gave 1 the ticket into her pocket and went off to fill their orders.  Nora noticed that the restaurant filled up with customers quickly and before long, she had a line of people waiting for tables.  Nora was already tired from being in class all day but she still enjoyed her job.  Not only did it provide her with a little money, but it also gave her a chance to meet some famous people.  Nora realized that getting acting jobs was difficult without making connections, so she needed to meet all the famous people that she could. Eventually, Nora saw that the restaurant was beginning to quiet down and she started cleaning some of the tables. She started stacking plates on a cart to carry to the kitchen.  While she 2 stuck under some plates.  She placed the wallet in the lost-and-found box and returned to her work. After the restaurant closed, Nora sat and had a cup of coffee.  She was tired and glad she could finally sit.  Nora had been working for eight hours and she needed a break. Another waitress joined Nora and asked her 3",3.txt,1.0,The generated answer includes the correct core information ('ticket'). The added descriptive context ('to her show') is highly relevant and does not negate the accuracy of the required noun.,True,ticket
study3,B,3,03,2,2,What did Nora find under the plates?,A wallet,"Nora had been living in New York for two years while she waited for her big break as an actress.  During the day she attended acting classes and auditions, and at night she was a waitress in a small restaurant just off Broadway.  One night several cast members from the show in the theater down the street came in for dinner.  Nora recognized one of the women as the lead actress.  She worked up enough courage and went over to her. Nora told her that she too was an actress and that she was a great admirer of hers. The woman thanked Nora and promptly gave 1 the ticket into her pocket and went off to fill their orders.  Nora noticed that the restaurant filled up with customers quickly and before long, she had a line of people waiting for tables.  Nora was already tired from being in class all day but she still enjoyed her job.  Not only did it provide her with a little money, but it also gave her a chance to meet some famous people.  Nora realized that getting acting jobs was difficult without making connections, so she needed to meet all the famous people that she could. Eventually, Nora saw that the restaurant was beginning to quiet down and she started cleaning some of the tables. She started stacking plates on a cart to carry to the kitchen.  While she 2 stuck under some plates.  She placed the wallet in the lost-and-found box and returned to her work. After the restaurant closed, Nora sat and had a cup of coffee.  She was tired and glad she could finally sit.  Nora had been working for eight hours and she needed a break. Another waitress joined Nora and asked her 3",3.txt,1.0,"The generated answer provides the exact correct object ('wallet'), differing only by the inclusion of the indefinite article 'A'.",True,wallet
study3,C,3,03,1,1,What did the famous actress give Nora?,A ticket to her show,"Nora had been living in New York for two years while she waited for her big break as an actress.  During the day she attended acting classes and auditions, and at night she was a waitress in a small restaurant just off Broadway.  One night several cast members from the show in the theater down the street came in for dinner.  Nora recognized one of the women as the lead actress.  She worked up enough courage and went over to her. Nora told her that she too was an actress and that she was a great admirer of hers. The woman thanked Nora and promptly gave 1 the ticket into her pocket and went off to fill their orders.  Nora noticed that the restaurant filled up with customers quickly and before long, she had a line of people waiting for tables.  Nora was already tired from being in class all day but she still enjoyed her job.  Not only did it provide her with a little money, but it also gave her a chance to meet some famous people.  Nora realized that getting acting jobs was difficult without making connections, so she needed to meet all the famous people that she could. Eventually, Nora saw that the restaurant was beginning to quiet down and she started cleaning some of the tables. She started stacking plates on a cart to carry to the kitchen.  While she 2 stuck under some plates.  She placed the wallet in the lost-and-found box and returned to her work. After the restaurant closed, Nora sat and had a cup of coffee.  She was tired and glad she could finally sit.  Nora had been working for eight hours and she needed a break. Another waitress joined Nora and asked her 3",3.txt,1.0,"The generated answer 'A ticket to her show' accurately includes the core factual element 'ticket', which matches the correct answer. The additional context ('to her show') does not invalidate the answer.",True,ticket
study3,C,3,03,2,2,What did Nora find under the plates?,A wallet,"Nora had been living in New York for two years while she waited for her big break as an actress.  During the day she attended acting classes and auditions, and at night she was a waitress in a small restaurant just off Broadway.  One night several cast members from the show in the theater down the street came in for dinner.  Nora recognized one of the women as the lead actress.  She worked up enough courage and went over to her. Nora told her that she too was an actress and that she was a great admirer of hers. The woman thanked Nora and promptly gave 1 the ticket into her pocket and went off to fill their orders.  Nora noticed that the restaurant filled up with customers quickly and before long, she had a line of people waiting for tables.  Nora was already tired from being in class all day but she still enjoyed her job.  Not only did it provide her with a little money, but it also gave her a chance to meet some famous people.  Nora realized that getting acting jobs was difficult without making connections, so she needed to meet all the famous people that she could. Eventually, Nora saw that the restaurant was beginning to quiet down and she started cleaning some of the tables. She started stacking plates on a cart to carry to the kitchen.  While she 2 stuck under some plates.  She placed the wallet in the lost-and-found box and returned to her work. After the restaurant closed, Nora sat and had a cup of coffee.  She was tired and glad she could finally sit.  Nora had been working for eight hours and she needed a break. Another waitress joined Nora and asked her 3",3.txt,1.0,The generated answer 'A wallet' is a direct and accurate match for the correct answer 'wallet'.,True,wallet
study3,D,3,03,1,1,What did the famous actress give Nora?,A ticket to her show,"Nora had been living in New York for two years while she waited for her big break as an actress.  During the day she attended acting classes and auditions, and at night she was a waitress in a small restaurant just off Broadway.  One night several cast members from the show in the theater down the street came in for dinner.  Nora recognized one of the women as the lead actress.  She worked up enough courage and went over to her. Nora told her that she too was an actress and that she was a great admirer of hers. The woman thanked Nora and promptly gave 1 the ticket into her pocket and went off to fill their orders.  Nora noticed that the restaurant filled up with customers quickly and before long, she had a line of people waiting for tables.  Nora was already tired from being in class all day but she still enjoyed her job.  Not only did it provide her with a little money, but it also gave her a chance to meet some famous people.  Nora realized that getting acting jobs was difficult without making connections, so she needed to meet all the famous people that she could. Eventually, Nora saw that the restaurant was beginning to quiet down and she started cleaning some of the tables. She started stacking plates on a cart to carry to the kitchen.  While she 2 stuck under some plates.  She placed the wallet in the lost-and-found box and returned to her work. After the restaurant closed, Nora sat and had a cup of coffee.  She was tired and glad she could finally sit.  Nora had been working for eight hours and she needed a break. Another waitress joined Nora and asked her 3",3.txt,1.0,"The generated answer 'A ticket to her show' includes the essential keyword 'ticket,' which is the required correct answer. The additional descriptive phrase is considered acceptable elaboration.",True,ticket
study3,D,3,03,2,2,What did Nora find under the plates?,A wallet,"Nora had been living in New York for two years while she waited for her big break as an actress.  During the day she attended acting classes and auditions, and at night she was a waitress in a small restaurant just off Broadway.  One night several cast members from the show in the theater down the street came in for dinner.  Nora recognized one of the women as the lead actress.  She worked up enough courage and went over to her. Nora told her that she too was an actress and that she was a great admirer of hers. The woman thanked Nora and promptly gave 1 the ticket into her pocket and went off to fill their orders.  Nora noticed that the restaurant filled up with customers quickly and before long, she had a line of people waiting for tables.  Nora was already tired from being in class all day but she still enjoyed her job.  Not only did it provide her with a little money, but it also gave her a chance to meet some famous people.  Nora realized that getting acting jobs was difficult without making connections, so she needed to meet all the famous people that she could. Eventually, Nora saw that the restaurant was beginning to quiet down and she started cleaning some of the tables. She started stacking plates on a cart to carry to the kitchen.  While she 2 stuck under some plates.  She placed the wallet in the lost-and-found box and returned to her work. After the restaurant closed, Nora sat and had a cup of coffee.  She was tired and glad she could finally sit.  Nora had been working for eight hours and she needed a break. Another waitress joined Nora and asked her 3",3.txt,1.0,The generated answer 'A wallet' is a conceptual and lexical match for the correct answer 'wallet.',True,wallet
study3,A,4,04,1,1,What had been broken in the shop?,A vase,"Martha had been working as a sales clerk in a small gift shop for only a few weeks when the manager asked her to take over as the head sales clerk during the day shift.  One morning when she came in, she 1 had been broken.  Martha figured that the night girl had broken and failed to replace the vase because the shop had been very busy lately.  The shop had also been very busy during the day, and it was hard for Martha to take care of all the customers at once.  Martha found that she had to help one customer and then immediately turn to another.  Martha told the manager that she really needed some help during the day because she was probably losing customers since she couldn't help everyone.  The manager agreed with Martha and told her he would try and get some help for her.  Martha wanted to get somebody for the next day. However, she also knew she should take an inventory before the manager hired somebody.  The shop had many expensive things and Martha wanted to make sure nothing was missing.  While checking the 2 was missing.  Martha figured that a customer must have stolen the watch while the shop was busy.  She continued her inventory and was pleased that nothing else was missing.  By five o'clock, Martha was really tired and glad she was going home.  She put on her coat and headed for the door.  Just then, the manager called to tell her that he had just hired someone.  He also asked her if 3",4.txt,1.0,The generated answer 'A vase' is factually correct and semantically matches the correct answer 'vase'. The inclusion of the indefinite article 'A' is acceptable.,True,vase
study3,A,4,04,2,2,What had been stolen from the shop?,A watch,"Martha had been working as a sales clerk in a small gift shop for only a few weeks when the manager asked her to take over as the head sales clerk during the day shift.  One morning when she came in, she 1 had been broken.  Martha figured that the night girl had broken and failed to replace the vase because the shop had been very busy lately.  The shop had also been very busy during the day, and it was hard for Martha to take care of all the customers at once.  Martha found that she had to help one customer and then immediately turn to another.  Martha told the manager that she really needed some help during the day because she was probably losing customers since she couldn't help everyone.  The manager agreed with Martha and told her he would try and get some help for her.  Martha wanted to get somebody for the next day. However, she also knew she should take an inventory before the manager hired somebody.  The shop had many expensive things and Martha wanted to make sure nothing was missing.  While checking the 2 was missing.  Martha figured that a customer must have stolen the watch while the shop was busy.  She continued her inventory and was pleased that nothing else was missing.  By five o'clock, Martha was really tired and glad she was going home.  She put on her coat and headed for the door.  Just then, the manager called to tell her that he had just hired someone.  He also asked her if 3",4.txt,1.0,The generated answer 'A watch' is factually correct and semantically matches the correct answer 'watch'. The inclusion of the indefinite article 'A' is acceptable.,True,watch
study3,B,4,04,1,1,What had been broken in the shop?,A vase,"Martha had been working as a sales clerk in a small gift shop for only a few weeks when the manager asked her to take over as the head sales clerk during the day shift.  One morning when she came in, she 1 had been broken.  Martha figured that the night girl had broken and failed to replace the vase because the shop had been very busy lately.  The shop had also been very busy during the day, and it was hard for Martha to take care of all the customers at once.  Martha found that she had to help one customer and then immediately turn to another.  Martha told the manager that she really needed some help during the day because she was probably losing customers since she couldn't help everyone.  The manager agreed with Martha and told her he would try and get some help for her.  Martha wanted to get somebody for the next day. However, she also knew she should take an inventory before the manager hired somebody.  The shop had many expensive things and Martha wanted to make sure nothing was missing.  While checking the 2 was missing.  Martha figured that a customer must have stolen the watch while the shop was busy.  She continued her inventory and was pleased that nothing else was missing.  By five o'clock, Martha was really tired and glad she was going home.  She put on her coat and headed for the door.  Just then, the manager called to tell her that he had just hired someone.  He also asked her if 3",4.txt,1.0,The generated answer 'A vase' correctly identifies the object mentioned in the correct answer ('vase'). The inclusion of the indefinite article does not change the accuracy.,True,vase
study3,B,4,04,2,2,What had been stolen from the shop?,A watch,"Martha had been working as a sales clerk in a small gift shop for only a few weeks when the manager asked her to take over as the head sales clerk during the day shift.  One morning when she came in, she 1 had been broken.  Martha figured that the night girl had broken and failed to replace the vase because the shop had been very busy lately.  The shop had also been very busy during the day, and it was hard for Martha to take care of all the customers at once.  Martha found that she had to help one customer and then immediately turn to another.  Martha told the manager that she really needed some help during the day because she was probably losing customers since she couldn't help everyone.  The manager agreed with Martha and told her he would try and get some help for her.  Martha wanted to get somebody for the next day. However, she also knew she should take an inventory before the manager hired somebody.  The shop had many expensive things and Martha wanted to make sure nothing was missing.  While checking the 2 was missing.  Martha figured that a customer must have stolen the watch while the shop was busy.  She continued her inventory and was pleased that nothing else was missing.  By five o'clock, Martha was really tired and glad she was going home.  She put on her coat and headed for the door.  Just then, the manager called to tell her that he had just hired someone.  He also asked her if 3",4.txt,1.0,The generated answer 'A watch' correctly identifies the object mentioned in the correct answer ('watch'). The inclusion of the indefinite article does not change the accuracy.,True,watch
study3,C,4,04,1,1,What had been broken in the shop?,A vase,"Martha had been working as a sales clerk in a small gift shop for only a few weeks when the manager asked her to take over as the head sales clerk during the day shift.  One morning when she came in, she 1 had been broken.  Martha figured that the night girl had broken and failed to replace the vase because the shop had been very busy lately.  The shop had also been very busy during the day, and it was hard for Martha to take care of all the customers at once.  Martha found that she had to help one customer and then immediately turn to another.  Martha told the manager that she really needed some help during the day because she was probably losing customers since she couldn't help everyone.  The manager agreed with Martha and told her he would try and get some help for her.  Martha wanted to get somebody for the next day. However, she also knew she should take an inventory before the manager hired somebody.  The shop had many expensive things and Martha wanted to make sure nothing was missing.  While checking the 2 was missing.  Martha figured that a customer must have stolen the watch while the shop was busy.  She continued her inventory and was pleased that nothing else was missing.  By five o'clock, Martha was really tired and glad she was going home.  She put on her coat and headed for the door.  Just then, the manager called to tell her that he had just hired someone.  He also asked her if 3",4.txt,1.0,"The generated answer 'A vase' correctly identifies the broken item, matching the core information of the correct answer 'vase'. The addition of the article 'A' is acceptable.",True,vase
study3,C,4,04,2,2,What had been stolen from the shop?,A watch,"Martha had been working as a sales clerk in a small gift shop for only a few weeks when the manager asked her to take over as the head sales clerk during the day shift.  One morning when she came in, she 1 had been broken.  Martha figured that the night girl had broken and failed to replace the vase because the shop had been very busy lately.  The shop had also been very busy during the day, and it was hard for Martha to take care of all the customers at once.  Martha found that she had to help one customer and then immediately turn to another.  Martha told the manager that she really needed some help during the day because she was probably losing customers since she couldn't help everyone.  The manager agreed with Martha and told her he would try and get some help for her.  Martha wanted to get somebody for the next day. However, she also knew she should take an inventory before the manager hired somebody.  The shop had many expensive things and Martha wanted to make sure nothing was missing.  While checking the 2 was missing.  Martha figured that a customer must have stolen the watch while the shop was busy.  She continued her inventory and was pleased that nothing else was missing.  By five o'clock, Martha was really tired and glad she was going home.  She put on her coat and headed for the door.  Just then, the manager called to tell her that he had just hired someone.  He also asked her if 3",4.txt,1.0,"The generated answer 'A watch' correctly identifies the stolen item, matching the core information of the correct answer 'watch'. The addition of the article 'A' is acceptable.",True,watch
study3,D,4,04,1,1,What had been broken in the shop?,A vase,"Martha had been working as a sales clerk in a small gift shop for only a few weeks when the manager asked her to take over as the head sales clerk during the day shift.  One morning when she came in, she 1 had been broken.  Martha figured that the night girl had broken and failed to replace the vase because the shop had been very busy lately.  The shop had also been very busy during the day, and it was hard for Martha to take care of all the customers at once.  Martha found that she had to help one customer and then immediately turn to another.  Martha told the manager that she really needed some help during the day because she was probably losing customers since she couldn't help everyone.  The manager agreed with Martha and told her he would try and get some help for her.  Martha wanted to get somebody for the next day. However, she also knew she should take an inventory before the manager hired somebody.  The shop had many expensive things and Martha wanted to make sure nothing was missing.  While checking the 2 was missing.  Martha figured that a customer must have stolen the watch while the shop was busy.  She continued her inventory and was pleased that nothing else was missing.  By five o'clock, Martha was really tired and glad she was going home.  She put on her coat and headed for the door.  Just then, the manager called to tell her that he had just hired someone.  He also asked her if 3",4.txt,1.0,"The generated answer 'A vase' correctly identifies the broken item, matching the core information 'vase' found in the correct answer. The addition of the article 'A' is acceptable.",True,vase
study3,D,4,04,2,2,What had been stolen from the shop?,A watch,"Martha had been working as a sales clerk in a small gift shop for only a few weeks when the manager asked her to take over as the head sales clerk during the day shift.  One morning when she came in, she 1 had been broken.  Martha figured that the night girl had broken and failed to replace the vase because the shop had been very busy lately.  The shop had also been very busy during the day, and it was hard for Martha to take care of all the customers at once.  Martha found that she had to help one customer and then immediately turn to another.  Martha told the manager that she really needed some help during the day because she was probably losing customers since she couldn't help everyone.  The manager agreed with Martha and told her he would try and get some help for her.  Martha wanted to get somebody for the next day. However, she also knew she should take an inventory before the manager hired somebody.  The shop had many expensive things and Martha wanted to make sure nothing was missing.  While checking the 2 was missing.  Martha figured that a customer must have stolen the watch while the shop was busy.  She continued her inventory and was pleased that nothing else was missing.  By five o'clock, Martha was really tired and glad she was going home.  She put on her coat and headed for the door.  Just then, the manager called to tell her that he had just hired someone.  He also asked her if 3",4.txt,1.0,"The generated answer 'A watch' correctly identifies the item, matching the core information 'watch' found in the correct answer. The addition of the article 'A' is acceptable.",True,watch
study3,A,5,05,1,1,What was Max's passenger carrying?,A briefcase,"Max had been driving a cab for a long time.  Often he would drive a customer to the airport, about thirty miles away, to catch a plane.  Usually he dreaded these trips because he had to drive all the way back alone and he got pretty bored.  This time he was called to pick up a man at a nearby hotel and drive him to the airport.  When he saw him, he was encouraged because the man was wearing an expensive suit and Max thought he would get a good tip.  The man carried only 1 happy because he didn't have to load the briefcase or anything else in the trunk. Max tried to start a conversation with him but the man didn't answer any of his questions so Max gave up and concentrated on his driving.  He knew this trip by heart since he had made it so many times. Max turned on the radio to pass the time but the man became angry and told Max to shut it off.  Max thought that if the man was angry, he wouldn't get a tip so he shut the radio off quickly.  Max noticed the traffic was especially heavy and he couldn't wait to get out of the city.  He decided to take a short cut and beat the traffic.  Finally, he reached the airport.  He drove to the terminal and let the fellow off.  The man gave Max a huge tip but never said a word.  Max watched the man whisper something to the 2 Max saw the porter smile and nod his head. Then Max drove back to the stand.  He was getting tired and thought he would cash out and go home.  While Max was cashing out, an F.B.I. agent came in. He wanted to talk to Max so Max finished cashing out and sat down.  The agent wanted to know about the man Max had taken to the airport.  He asked Max if the man 3",5.txt,1.0,"The generated answer, 'A briefcase,' is semantically identical to the correct answer, 'briefcase.' The inclusion of the indefinite article 'A' does not change the core information.",True,briefcase
study3,A,5,05,2,2,Who did Max's passenger speak to?,A porter,"Max had been driving a cab for a long time.  Often he would drive a customer to the airport, about thirty miles away, to catch a plane.  Usually he dreaded these trips because he had to drive all the way back alone and he got pretty bored.  This time he was called to pick up a man at a nearby hotel and drive him to the airport.  When he saw him, he was encouraged because the man was wearing an expensive suit and Max thought he would get a good tip.  The man carried only 1 happy because he didn't have to load the briefcase or anything else in the trunk. Max tried to start a conversation with him but the man didn't answer any of his questions so Max gave up and concentrated on his driving.  He knew this trip by heart since he had made it so many times. Max turned on the radio to pass the time but the man became angry and told Max to shut it off.  Max thought that if the man was angry, he wouldn't get a tip so he shut the radio off quickly.  Max noticed the traffic was especially heavy and he couldn't wait to get out of the city.  He decided to take a short cut and beat the traffic.  Finally, he reached the airport.  He drove to the terminal and let the fellow off.  The man gave Max a huge tip but never said a word.  Max watched the man whisper something to the 2 Max saw the porter smile and nod his head. Then Max drove back to the stand.  He was getting tired and thought he would cash out and go home.  While Max was cashing out, an F.B.I. agent came in. He wanted to talk to Max so Max finished cashing out and sat down.  The agent wanted to know about the man Max had taken to the airport.  He asked Max if the man 3",5.txt,1.0,"The generated answer, 'A porter,' is semantically identical to the correct answer, 'porter.' The inclusion of the indefinite article 'A' does not change the core information.",True,porter
study3,B,5,05,1,1,What was Max's passenger carrying?,A briefcase,"Max had been driving a cab for a long time.  Often he would drive a customer to the airport, about thirty miles away, to catch a plane.  Usually he dreaded these trips because he had to drive all the way back alone and he got pretty bored.  This time he was called to pick up a man at a nearby hotel and drive him to the airport.  When he saw him, he was encouraged because the man was wearing an expensive suit and Max thought he would get a good tip.  The man carried only 1 happy because he didn't have to load the briefcase or anything else in the trunk. Max tried to start a conversation with him but the man didn't answer any of his questions so Max gave up and concentrated on his driving.  He knew this trip by heart since he had made it so many times. Max turned on the radio to pass the time but the man became angry and told Max to shut it off.  Max thought that if the man was angry, he wouldn't get a tip so he shut the radio off quickly.  Max noticed the traffic was especially heavy and he couldn't wait to get out of the city.  He decided to take a short cut and beat the traffic.  Finally, he reached the airport.  He drove to the terminal and let the fellow off.  The man gave Max a huge tip but never said a word.  Max watched the man whisper something to the 2 Max saw the porter smile and nod his head. Then Max drove back to the stand.  He was getting tired and thought he would cash out and go home.  While Max was cashing out, an F.B.I. agent came in. He wanted to talk to Max so Max finished cashing out and sat down.  The agent wanted to know about the man Max had taken to the airport.  He asked Max if the man 3",5.txt,1.0,The generated answer 'A briefcase' provides the identical piece of information as the correct answer 'briefcase'. The inclusion of the article 'A' is acceptable.,True,briefcase
study3,B,5,05,2,2,Who did Max's passenger speak to?,A porter,"Max had been driving a cab for a long time.  Often he would drive a customer to the airport, about thirty miles away, to catch a plane.  Usually he dreaded these trips because he had to drive all the way back alone and he got pretty bored.  This time he was called to pick up a man at a nearby hotel and drive him to the airport.  When he saw him, he was encouraged because the man was wearing an expensive suit and Max thought he would get a good tip.  The man carried only 1 happy because he didn't have to load the briefcase or anything else in the trunk. Max tried to start a conversation with him but the man didn't answer any of his questions so Max gave up and concentrated on his driving.  He knew this trip by heart since he had made it so many times. Max turned on the radio to pass the time but the man became angry and told Max to shut it off.  Max thought that if the man was angry, he wouldn't get a tip so he shut the radio off quickly.  Max noticed the traffic was especially heavy and he couldn't wait to get out of the city.  He decided to take a short cut and beat the traffic.  Finally, he reached the airport.  He drove to the terminal and let the fellow off.  The man gave Max a huge tip but never said a word.  Max watched the man whisper something to the 2 Max saw the porter smile and nod his head. Then Max drove back to the stand.  He was getting tired and thought he would cash out and go home.  While Max was cashing out, an F.B.I. agent came in. He wanted to talk to Max so Max finished cashing out and sat down.  The agent wanted to know about the man Max had taken to the airport.  He asked Max if the man 3",5.txt,1.0,The generated answer 'A porter' is semantically identical to the correct answer 'porter'. The generated answer correctly identifies the person spoken to.,True,porter
study3,C,5,05,1,1,What was Max's passenger carrying?,A briefcase,"Max had been driving a cab for a long time.  Often he would drive a customer to the airport, about thirty miles away, to catch a plane.  Usually he dreaded these trips because he had to drive all the way back alone and he got pretty bored.  This time he was called to pick up a man at a nearby hotel and drive him to the airport.  When he saw him, he was encouraged because the man was wearing an expensive suit and Max thought he would get a good tip.  The man carried only 1 happy because he didn't have to load the briefcase or anything else in the trunk. Max tried to start a conversation with him but the man didn't answer any of his questions so Max gave up and concentrated on his driving.  He knew this trip by heart since he had made it so many times. Max turned on the radio to pass the time but the man became angry and told Max to shut it off.  Max thought that if the man was angry, he wouldn't get a tip so he shut the radio off quickly.  Max noticed the traffic was especially heavy and he couldn't wait to get out of the city.  He decided to take a short cut and beat the traffic.  Finally, he reached the airport.  He drove to the terminal and let the fellow off.  The man gave Max a huge tip but never said a word.  Max watched the man whisper something to the 2 Max saw the porter smile and nod his head. Then Max drove back to the stand.  He was getting tired and thought he would cash out and go home.  While Max was cashing out, an F.B.I. agent came in. He wanted to talk to Max so Max finished cashing out and sat down.  The agent wanted to know about the man Max had taken to the airport.  He asked Max if the man 3",5.txt,1.0,The generated answer 'A briefcase' is factually equivalent to the correct answer 'briefcase'. The addition of the indefinite article does not change the correctness.,True,briefcase
study3,C,5,05,2,2,Who did Max's passenger speak to?,A porter,"Max had been driving a cab for a long time.  Often he would drive a customer to the airport, about thirty miles away, to catch a plane.  Usually he dreaded these trips because he had to drive all the way back alone and he got pretty bored.  This time he was called to pick up a man at a nearby hotel and drive him to the airport.  When he saw him, he was encouraged because the man was wearing an expensive suit and Max thought he would get a good tip.  The man carried only 1 happy because he didn't have to load the briefcase or anything else in the trunk. Max tried to start a conversation with him but the man didn't answer any of his questions so Max gave up and concentrated on his driving.  He knew this trip by heart since he had made it so many times. Max turned on the radio to pass the time but the man became angry and told Max to shut it off.  Max thought that if the man was angry, he wouldn't get a tip so he shut the radio off quickly.  Max noticed the traffic was especially heavy and he couldn't wait to get out of the city.  He decided to take a short cut and beat the traffic.  Finally, he reached the airport.  He drove to the terminal and let the fellow off.  The man gave Max a huge tip but never said a word.  Max watched the man whisper something to the 2 Max saw the porter smile and nod his head. Then Max drove back to the stand.  He was getting tired and thought he would cash out and go home.  While Max was cashing out, an F.B.I. agent came in. He wanted to talk to Max so Max finished cashing out and sat down.  The agent wanted to know about the man Max had taken to the airport.  He asked Max if the man 3",5.txt,1.0,The generated answer 'A porter' is factually equivalent to the correct answer 'porter'. The addition of the indefinite article does not change the correctness.,True,porter
study3,D,5,05,1,1,What was Max's passenger carrying?,A briefcase,"Max had been driving a cab for a long time.  Often he would drive a customer to the airport, about thirty miles away, to catch a plane.  Usually he dreaded these trips because he had to drive all the way back alone and he got pretty bored.  This time he was called to pick up a man at a nearby hotel and drive him to the airport.  When he saw him, he was encouraged because the man was wearing an expensive suit and Max thought he would get a good tip.  The man carried only 1 happy because he didn't have to load the briefcase or anything else in the trunk. Max tried to start a conversation with him but the man didn't answer any of his questions so Max gave up and concentrated on his driving.  He knew this trip by heart since he had made it so many times. Max turned on the radio to pass the time but the man became angry and told Max to shut it off.  Max thought that if the man was angry, he wouldn't get a tip so he shut the radio off quickly.  Max noticed the traffic was especially heavy and he couldn't wait to get out of the city.  He decided to take a short cut and beat the traffic.  Finally, he reached the airport.  He drove to the terminal and let the fellow off.  The man gave Max a huge tip but never said a word.  Max watched the man whisper something to the 2 Max saw the porter smile and nod his head. Then Max drove back to the stand.  He was getting tired and thought he would cash out and go home.  While Max was cashing out, an F.B.I. agent came in. He wanted to talk to Max so Max finished cashing out and sat down.  The agent wanted to know about the man Max had taken to the airport.  He asked Max if the man 3",5.txt,1.0,"The generated answer 'A briefcase' correctly identifies the item carried, matching the core information of the correct answer 'briefcase'. The inclusion of the indefinite article 'A' does not render the response inaccurate.",True,briefcase
study3,D,5,05,2,2,Who did Max's passenger speak to?,The porter,"Max had been driving a cab for a long time.  Often he would drive a customer to the airport, about thirty miles away, to catch a plane.  Usually he dreaded these trips because he had to drive all the way back alone and he got pretty bored.  This time he was called to pick up a man at a nearby hotel and drive him to the airport.  When he saw him, he was encouraged because the man was wearing an expensive suit and Max thought he would get a good tip.  The man carried only 1 happy because he didn't have to load the briefcase or anything else in the trunk. Max tried to start a conversation with him but the man didn't answer any of his questions so Max gave up and concentrated on his driving.  He knew this trip by heart since he had made it so many times. Max turned on the radio to pass the time but the man became angry and told Max to shut it off.  Max thought that if the man was angry, he wouldn't get a tip so he shut the radio off quickly.  Max noticed the traffic was especially heavy and he couldn't wait to get out of the city.  He decided to take a short cut and beat the traffic.  Finally, he reached the airport.  He drove to the terminal and let the fellow off.  The man gave Max a huge tip but never said a word.  Max watched the man whisper something to the 2 Max saw the porter smile and nod his head. Then Max drove back to the stand.  He was getting tired and thought he would cash out and go home.  While Max was cashing out, an F.B.I. agent came in. He wanted to talk to Max so Max finished cashing out and sat down.  The agent wanted to know about the man Max had taken to the airport.  He asked Max if the man 3",5.txt,1.0,"The generated answer 'The porter' correctly identifies the individual spoken to, matching the core information of the correct answer 'porter'. The inclusion of the definite article 'The' does not render the response inaccurate.",True,porter
study3,A,6,06,1,1,What did Nancy forget at home?,Microwave,"Nancy had lived in a dormitory for three years and wanted to live in an apartment for her last year at college.  Early in the summer, she found an apartment and agreed to move in before school started. In the fall, Nancy borrowed her father's car, packed her belongings and headed for the apartment.  During the ride, she realized that she had forgotten her 1 to go back and get the microwave.  Nancy was excited about her new apartment and couldn't wait to move in.  She also liked the area and thought she might live there permanently. As she continued to drive, Nancy noticed that the streets were beginning to become familiar.  Nancy decided to stop in town and get some things for the apartment before unpacking.  She knew she would need some cleaners because the apartment had looked dirty.  She had just reached the center of town when a car in front of her came to a sudden stop.  Nancy slammed on her brakes and as she did, everything in the car went flying.  Nancy pulled over and looked in the back of the car.  She was 2 spilled. She hoped that she would be able to clean up all of the perfume.  By the time she got to the apartment, her roommate was already there and unpacked. Nancy was glad to see that her roommate had already cleaned the apartment.  As she helped Nancy unload the car, she asked her 3",6.txt,1.0,The generated answer 'Microwave' is semantically identical to the correct answer 'microwave'. Case difference is disregarded.,True,microwave
study3,A,6,06,2,2,What had spilled in the car?,Perfume,"Nancy had lived in a dormitory for three years and wanted to live in an apartment for her last year at college.  Early in the summer, she found an apartment and agreed to move in before school started. In the fall, Nancy borrowed her father's car, packed her belongings and headed for the apartment.  During the ride, she realized that she had forgotten her 1 to go back and get the microwave.  Nancy was excited about her new apartment and couldn't wait to move in.  She also liked the area and thought she might live there permanently. As she continued to drive, Nancy noticed that the streets were beginning to become familiar.  Nancy decided to stop in town and get some things for the apartment before unpacking.  She knew she would need some cleaners because the apartment had looked dirty.  She had just reached the center of town when a car in front of her came to a sudden stop.  Nancy slammed on her brakes and as she did, everything in the car went flying.  Nancy pulled over and looked in the back of the car.  She was 2 spilled. She hoped that she would be able to clean up all of the perfume.  By the time she got to the apartment, her roommate was already there and unpacked. Nancy was glad to see that her roommate had already cleaned the apartment.  As she helped Nancy unload the car, she asked her 3",6.txt,1.0,The generated answer 'Perfume' is semantically identical to the correct answer 'perfume'. Case difference is disregarded.,True,perfume
study3,B,6,06,1,1,What did Nancy forget at home?,Microwave,"Nancy had lived in a dormitory for three years and wanted to live in an apartment for her last year at college.  Early in the summer, she found an apartment and agreed to move in before school started. In the fall, Nancy borrowed her father's car, packed her belongings and headed for the apartment.  During the ride, she realized that she had forgotten her 1 to go back and get the microwave.  Nancy was excited about her new apartment and couldn't wait to move in.  She also liked the area and thought she might live there permanently. As she continued to drive, Nancy noticed that the streets were beginning to become familiar.  Nancy decided to stop in town and get some things for the apartment before unpacking.  She knew she would need some cleaners because the apartment had looked dirty.  She had just reached the center of town when a car in front of her came to a sudden stop.  Nancy slammed on her brakes and as she did, everything in the car went flying.  Nancy pulled over and looked in the back of the car.  She was 2 spilled. She hoped that she would be able to clean up all of the perfume.  By the time she got to the apartment, her roommate was already there and unpacked. Nancy was glad to see that her roommate had already cleaned the apartment.  As she helped Nancy unload the car, she asked her 3",6.txt,1.0,The generated answer 'Microwave' is a direct and accurate match to the correct answer 'microwave'. The difference in capitalization is standardly disregarded.,True,microwave
study3,B,6,06,2,2,What had spilled in the car?,Perfume,"Nancy had lived in a dormitory for three years and wanted to live in an apartment for her last year at college.  Early in the summer, she found an apartment and agreed to move in before school started. In the fall, Nancy borrowed her father's car, packed her belongings and headed for the apartment.  During the ride, she realized that she had forgotten her 1 to go back and get the microwave.  Nancy was excited about her new apartment and couldn't wait to move in.  She also liked the area and thought she might live there permanently. As she continued to drive, Nancy noticed that the streets were beginning to become familiar.  Nancy decided to stop in town and get some things for the apartment before unpacking.  She knew she would need some cleaners because the apartment had looked dirty.  She had just reached the center of town when a car in front of her came to a sudden stop.  Nancy slammed on her brakes and as she did, everything in the car went flying.  Nancy pulled over and looked in the back of the car.  She was 2 spilled. She hoped that she would be able to clean up all of the perfume.  By the time she got to the apartment, her roommate was already there and unpacked. Nancy was glad to see that her roommate had already cleaned the apartment.  As she helped Nancy unload the car, she asked her 3",6.txt,1.0,The generated answer 'Perfume' is a direct and accurate match to the correct answer 'perfume'. The difference in capitalization is standardly disregarded.,True,perfume
study3,C,6,06,1,1,What did Nancy forget at home?,Microwave,"Nancy had lived in a dormitory for three years and wanted to live in an apartment for her last year at college.  Early in the summer, she found an apartment and agreed to move in before school started. In the fall, Nancy borrowed her father's car, packed her belongings and headed for the apartment.  During the ride, she realized that she had forgotten her 1 to go back and get the microwave.  Nancy was excited about her new apartment and couldn't wait to move in.  She also liked the area and thought she might live there permanently. As she continued to drive, Nancy noticed that the streets were beginning to become familiar.  Nancy decided to stop in town and get some things for the apartment before unpacking.  She knew she would need some cleaners because the apartment had looked dirty.  She had just reached the center of town when a car in front of her came to a sudden stop.  Nancy slammed on her brakes and as she did, everything in the car went flying.  Nancy pulled over and looked in the back of the car.  She was 2 spilled. She hoped that she would be able to clean up all of the perfume.  By the time she got to the apartment, her roommate was already there and unpacked. Nancy was glad to see that her roommate had already cleaned the apartment.  As she helped Nancy unload the car, she asked her 3",6.txt,1.0,The generated answer 'Microwave' is an exact match to the correct answer 'microwave'. The difference in capitalization is standardly ignored in content evaluation.,True,microwave
study3,C,6,06,2,2,What had spilled in the car?,Perfume,"Nancy had lived in a dormitory for three years and wanted to live in an apartment for her last year at college.  Early in the summer, she found an apartment and agreed to move in before school started. In the fall, Nancy borrowed her father's car, packed her belongings and headed for the apartment.  During the ride, she realized that she had forgotten her 1 to go back and get the microwave.  Nancy was excited about her new apartment and couldn't wait to move in.  She also liked the area and thought she might live there permanently. As she continued to drive, Nancy noticed that the streets were beginning to become familiar.  Nancy decided to stop in town and get some things for the apartment before unpacking.  She knew she would need some cleaners because the apartment had looked dirty.  She had just reached the center of town when a car in front of her came to a sudden stop.  Nancy slammed on her brakes and as she did, everything in the car went flying.  Nancy pulled over and looked in the back of the car.  She was 2 spilled. She hoped that she would be able to clean up all of the perfume.  By the time she got to the apartment, her roommate was already there and unpacked. Nancy was glad to see that her roommate had already cleaned the apartment.  As she helped Nancy unload the car, she asked her 3",6.txt,1.0,The generated answer 'Perfume' is an exact match to the correct answer 'perfume'. The difference in capitalization is standardly ignored in content evaluation.,True,perfume
study3,D,6,06,1,1,What did Nancy forget at home?,Microwave,"Nancy had lived in a dormitory for three years and wanted to live in an apartment for her last year at college.  Early in the summer, she found an apartment and agreed to move in before school started. In the fall, Nancy borrowed her father's car, packed her belongings and headed for the apartment.  During the ride, she realized that she had forgotten her 1 to go back and get the microwave.  Nancy was excited about her new apartment and couldn't wait to move in.  She also liked the area and thought she might live there permanently. As she continued to drive, Nancy noticed that the streets were beginning to become familiar.  Nancy decided to stop in town and get some things for the apartment before unpacking.  She knew she would need some cleaners because the apartment had looked dirty.  She had just reached the center of town when a car in front of her came to a sudden stop.  Nancy slammed on her brakes and as she did, everything in the car went flying.  Nancy pulled over and looked in the back of the car.  She was 2 spilled. She hoped that she would be able to clean up all of the perfume.  By the time she got to the apartment, her roommate was already there and unpacked. Nancy was glad to see that her roommate had already cleaned the apartment.  As she helped Nancy unload the car, she asked her 3",6.txt,1.0,The generated answer 'Microwave' is factually correct and matches the required answer 'microwave'. The difference in capitalization is standardly ignored in comprehension scoring.,True,microwave
study3,D,6,06,2,2,What had spilled in the car?,Perfume,"Nancy had lived in a dormitory for three years and wanted to live in an apartment for her last year at college.  Early in the summer, she found an apartment and agreed to move in before school started. In the fall, Nancy borrowed her father's car, packed her belongings and headed for the apartment.  During the ride, she realized that she had forgotten her 1 to go back and get the microwave.  Nancy was excited about her new apartment and couldn't wait to move in.  She also liked the area and thought she might live there permanently. As she continued to drive, Nancy noticed that the streets were beginning to become familiar.  Nancy decided to stop in town and get some things for the apartment before unpacking.  She knew she would need some cleaners because the apartment had looked dirty.  She had just reached the center of town when a car in front of her came to a sudden stop.  Nancy slammed on her brakes and as she did, everything in the car went flying.  Nancy pulled over and looked in the back of the car.  She was 2 spilled. She hoped that she would be able to clean up all of the perfume.  By the time she got to the apartment, her roommate was already there and unpacked. Nancy was glad to see that her roommate had already cleaned the apartment.  As she helped Nancy unload the car, she asked her 3",6.txt,1.0,The generated answer 'Perfume' is factually correct and matches the required answer 'perfume'. The difference in capitalization is standardly ignored in comprehension scoring.,True,perfume
study3,A,7,07,1,1,What was the rank of the arresting officer?,Major,"As a correspondent for United Press, Mike had often covered revolutions in small third world countries.  Mike was presently working in a very dangerous country.  The country's army had seized power and Mike was covering the story. He had seen people being arrested off the streets and shot.  Mike was taking pictures of a damaged building when a pair of jeeps came to a screeching halt in front of him.  Several soldiers jumped out and grabbed him.  A small stocky officer walked up to him and informed him that he was under arrest.  Mike noticed 1 realized that the situation must be serious.  The army seldom sends a major on a routine arrest.  Mike was handcuffed and thrown into the back of a jeep. Although Mike asked about the arrest, he wasn't given any answers.  It really didn't matter, he thought, because the American embassy would have him released. When he arrived at the police station, however, he was thrown in a cell without being allowed to call the embassy.  Now he really began to worry.  If nobody was informed that he was arrested, it could be weeks before anybody found him.  He sat back on his bunk and realized that he was not alone.  He saw an old man who 2 learned that they were arresting all the bankers for questioning.  Mike was both surprised and relieved when later that day an embassy official had him released. Mike arrived at the embassy and was brought immediately to the ambassador who had some rather unusual questions.  He told Mike that it was very important that he recall 3",7.txt,1.0,"The generated answer 'Major' is semantically identical to the correct answer 'major', differing only in capitalization, which is acceptable in reading comprehension scoring.",True,major
study3,A,7,07,2,2,What was the profession of Mike's cellmate?,Banker,"As a correspondent for United Press, Mike had often covered revolutions in small third world countries.  Mike was presently working in a very dangerous country.  The country's army had seized power and Mike was covering the story. He had seen people being arrested off the streets and shot.  Mike was taking pictures of a damaged building when a pair of jeeps came to a screeching halt in front of him.  Several soldiers jumped out and grabbed him.  A small stocky officer walked up to him and informed him that he was under arrest.  Mike noticed 1 realized that the situation must be serious.  The army seldom sends a major on a routine arrest.  Mike was handcuffed and thrown into the back of a jeep. Although Mike asked about the arrest, he wasn't given any answers.  It really didn't matter, he thought, because the American embassy would have him released. When he arrived at the police station, however, he was thrown in a cell without being allowed to call the embassy.  Now he really began to worry.  If nobody was informed that he was arrested, it could be weeks before anybody found him.  He sat back on his bunk and realized that he was not alone.  He saw an old man who 2 learned that they were arresting all the bankers for questioning.  Mike was both surprised and relieved when later that day an embassy official had him released. Mike arrived at the embassy and was brought immediately to the ambassador who had some rather unusual questions.  He told Mike that it was very important that he recall 3",7.txt,1.0,"The generated answer 'Banker' is semantically identical to the correct answer 'banker', differing only in capitalization, which is acceptable in reading comprehension scoring.",True,banker
study3,B,7,07,1,1,What was the rank of the arresting officer?,Major,"As a correspondent for United Press, Mike had often covered revolutions in small third world countries.  Mike was presently working in a very dangerous country.  The country's army had seized power and Mike was covering the story. He had seen people being arrested off the streets and shot.  Mike was taking pictures of a damaged building when a pair of jeeps came to a screeching halt in front of him.  Several soldiers jumped out and grabbed him.  A small stocky officer walked up to him and informed him that he was under arrest.  Mike noticed 1 realized that the situation must be serious.  The army seldom sends a major on a routine arrest.  Mike was handcuffed and thrown into the back of a jeep. Although Mike asked about the arrest, he wasn't given any answers.  It really didn't matter, he thought, because the American embassy would have him released. When he arrived at the police station, however, he was thrown in a cell without being allowed to call the embassy.  Now he really began to worry.  If nobody was informed that he was arrested, it could be weeks before anybody found him.  He sat back on his bunk and realized that he was not alone.  He saw an old man who 2 learned that they were arresting all the bankers for questioning.  Mike was both surprised and relieved when later that day an embassy official had him released. Mike arrived at the embassy and was brought immediately to the ambassador who had some rather unusual questions.  He told Mike that it was very important that he recall 3",7.txt,1.0,"The generated answer 'Major' is semantically identical to the correct answer 'major', differing only in capitalization. This is considered a correct match.",True,major
study3,B,7,07,2,2,What was the profession of Mike's cellmate?,Banker,"As a correspondent for United Press, Mike had often covered revolutions in small third world countries.  Mike was presently working in a very dangerous country.  The country's army had seized power and Mike was covering the story. He had seen people being arrested off the streets and shot.  Mike was taking pictures of a damaged building when a pair of jeeps came to a screeching halt in front of him.  Several soldiers jumped out and grabbed him.  A small stocky officer walked up to him and informed him that he was under arrest.  Mike noticed 1 realized that the situation must be serious.  The army seldom sends a major on a routine arrest.  Mike was handcuffed and thrown into the back of a jeep. Although Mike asked about the arrest, he wasn't given any answers.  It really didn't matter, he thought, because the American embassy would have him released. When he arrived at the police station, however, he was thrown in a cell without being allowed to call the embassy.  Now he really began to worry.  If nobody was informed that he was arrested, it could be weeks before anybody found him.  He sat back on his bunk and realized that he was not alone.  He saw an old man who 2 learned that they were arresting all the bankers for questioning.  Mike was both surprised and relieved when later that day an embassy official had him released. Mike arrived at the embassy and was brought immediately to the ambassador who had some rather unusual questions.  He told Mike that it was very important that he recall 3",7.txt,1.0,"The generated answer 'Banker' is semantically identical to the correct answer 'banker', differing only in capitalization. This is considered a correct match.",True,banker
study3,C,7,07,1,1,What was the rank of the arresting officer?,Major,"As a correspondent for United Press, Mike had often covered revolutions in small third world countries.  Mike was presently working in a very dangerous country.  The country's army had seized power and Mike was covering the story. He had seen people being arrested off the streets and shot.  Mike was taking pictures of a damaged building when a pair of jeeps came to a screeching halt in front of him.  Several soldiers jumped out and grabbed him.  A small stocky officer walked up to him and informed him that he was under arrest.  Mike noticed 1 realized that the situation must be serious.  The army seldom sends a major on a routine arrest.  Mike was handcuffed and thrown into the back of a jeep. Although Mike asked about the arrest, he wasn't given any answers.  It really didn't matter, he thought, because the American embassy would have him released. When he arrived at the police station, however, he was thrown in a cell without being allowed to call the embassy.  Now he really began to worry.  If nobody was informed that he was arrested, it could be weeks before anybody found him.  He sat back on his bunk and realized that he was not alone.  He saw an old man who 2 learned that they were arresting all the bankers for questioning.  Mike was both surprised and relieved when later that day an embassy official had him released. Mike arrived at the embassy and was brought immediately to the ambassador who had some rather unusual questions.  He told Mike that it was very important that he recall 3",7.txt,1.0,"The generated answer 'Major' is identical to the correct answer 'major', differing only in capitalization. This is considered a correct match.",True,major
study3,C,7,07,2,2,What was the profession of Mike's cellmate?,Banker,"As a correspondent for United Press, Mike had often covered revolutions in small third world countries.  Mike was presently working in a very dangerous country.  The country's army had seized power and Mike was covering the story. He had seen people being arrested off the streets and shot.  Mike was taking pictures of a damaged building when a pair of jeeps came to a screeching halt in front of him.  Several soldiers jumped out and grabbed him.  A small stocky officer walked up to him and informed him that he was under arrest.  Mike noticed 1 realized that the situation must be serious.  The army seldom sends a major on a routine arrest.  Mike was handcuffed and thrown into the back of a jeep. Although Mike asked about the arrest, he wasn't given any answers.  It really didn't matter, he thought, because the American embassy would have him released. When he arrived at the police station, however, he was thrown in a cell without being allowed to call the embassy.  Now he really began to worry.  If nobody was informed that he was arrested, it could be weeks before anybody found him.  He sat back on his bunk and realized that he was not alone.  He saw an old man who 2 learned that they were arresting all the bankers for questioning.  Mike was both surprised and relieved when later that day an embassy official had him released. Mike arrived at the embassy and was brought immediately to the ambassador who had some rather unusual questions.  He told Mike that it was very important that he recall 3",7.txt,1.0,"The generated answer 'Banker' is identical to the correct answer 'banker', differing only in capitalization. This is considered a correct match.",True,banker
study3,D,7,07,1,1,What was the rank of the arresting officer?,Major,"As a correspondent for United Press, Mike had often covered revolutions in small third world countries.  Mike was presently working in a very dangerous country.  The country's army had seized power and Mike was covering the story. He had seen people being arrested off the streets and shot.  Mike was taking pictures of a damaged building when a pair of jeeps came to a screeching halt in front of him.  Several soldiers jumped out and grabbed him.  A small stocky officer walked up to him and informed him that he was under arrest.  Mike noticed 1 realized that the situation must be serious.  The army seldom sends a major on a routine arrest.  Mike was handcuffed and thrown into the back of a jeep. Although Mike asked about the arrest, he wasn't given any answers.  It really didn't matter, he thought, because the American embassy would have him released. When he arrived at the police station, however, he was thrown in a cell without being allowed to call the embassy.  Now he really began to worry.  If nobody was informed that he was arrested, it could be weeks before anybody found him.  He sat back on his bunk and realized that he was not alone.  He saw an old man who 2 learned that they were arresting all the bankers for questioning.  Mike was both surprised and relieved when later that day an embassy official had him released. Mike arrived at the embassy and was brought immediately to the ambassador who had some rather unusual questions.  He told Mike that it was very important that he recall 3",7.txt,1.0,The generated answer 'Major' matches the correct answer 'major'. The difference in capitalization does not change the meaning or accuracy of the response.,True,major
study3,D,7,07,2,2,What was the profession of Mike's cellmate?,Banker,"As a correspondent for United Press, Mike had often covered revolutions in small third world countries.  Mike was presently working in a very dangerous country.  The country's army had seized power and Mike was covering the story. He had seen people being arrested off the streets and shot.  Mike was taking pictures of a damaged building when a pair of jeeps came to a screeching halt in front of him.  Several soldiers jumped out and grabbed him.  A small stocky officer walked up to him and informed him that he was under arrest.  Mike noticed 1 realized that the situation must be serious.  The army seldom sends a major on a routine arrest.  Mike was handcuffed and thrown into the back of a jeep. Although Mike asked about the arrest, he wasn't given any answers.  It really didn't matter, he thought, because the American embassy would have him released. When he arrived at the police station, however, he was thrown in a cell without being allowed to call the embassy.  Now he really began to worry.  If nobody was informed that he was arrested, it could be weeks before anybody found him.  He sat back on his bunk and realized that he was not alone.  He saw an old man who 2 learned that they were arresting all the bankers for questioning.  Mike was both surprised and relieved when later that day an embassy official had him released. Mike arrived at the embassy and was brought immediately to the ambassador who had some rather unusual questions.  He told Mike that it was very important that he recall 3",7.txt,1.0,The generated answer 'Banker' matches the correct answer 'banker'. The difference in capitalization does not change the meaning or accuracy of the response.,True,banker
study3,A,8,08,1,1,What did Cathy buy for her daughter?,A doll,"Cathy decided to go Christmas shopping for her family.  She thought that she could find a present for her daughter quickly.  Her daughter was three and Cathy knew what to buy her.  She had seen 1 doll, she started to panic. Cathy had no idea what to get her husband.  She wondered why she could never find a good present for her husband.  When she got to the mall it was crowded and she wanted to leave.  She hated shopping when the stores were so crowded.  Cathy went to a clothing store and a sporting goods store but she didn't see anything she wanted to buy for her husband.  As she walked by a pet store, she saw a cute puppy.  At once she decided that the puppy would be perfect for her husband and went in and bought it.  When she left the pet store, she decided to postpone the rest of her shopping until the next day.  While driving home, she passed by a small 2 She knew her family would love the pie. Cathy got back in her car and continued toward her apartment.  Suddenly Cathy realized she couldn't keep the puppy in the apartment because she wanted to surprise her husband.  Cathy went upstairs to her girlfriend's apartment and  asked her friend if she could leave the puppy there until Christmas. Cathy's friend said yes and invited her inside for coffee.  While they were talking, her friend asked what she had 3",8.txt,1.0,The generated answer 'A doll' accurately conveys the information 'doll'. The inclusion of the article 'A' is a minor difference and does not change the correctness of the answer.,True,doll
study3,A,8,08,2,2,What did Cathy buy at the bakery?,A pie,"Cathy decided to go Christmas shopping for her family.  She thought that she could find a present for her daughter quickly.  Her daughter was three and Cathy knew what to buy her.  She had seen 1 doll, she started to panic. Cathy had no idea what to get her husband.  She wondered why she could never find a good present for her husband.  When she got to the mall it was crowded and she wanted to leave.  She hated shopping when the stores were so crowded.  Cathy went to a clothing store and a sporting goods store but she didn't see anything she wanted to buy for her husband.  As she walked by a pet store, she saw a cute puppy.  At once she decided that the puppy would be perfect for her husband and went in and bought it.  When she left the pet store, she decided to postpone the rest of her shopping until the next day.  While driving home, she passed by a small 2 She knew her family would love the pie. Cathy got back in her car and continued toward her apartment.  Suddenly Cathy realized she couldn't keep the puppy in the apartment because she wanted to surprise her husband.  Cathy went upstairs to her girlfriend's apartment and  asked her friend if she could leave the puppy there until Christmas. Cathy's friend said yes and invited her inside for coffee.  While they were talking, her friend asked what she had 3",8.txt,1.0,The generated answer 'A pie' accurately conveys the information 'pie'. The inclusion of the article 'A' is a minor difference and does not change the correctness of the answer.,True,pie
study3,B,8,08,1,1,What did Cathy buy for her daughter?,A doll,"Cathy decided to go Christmas shopping for her family.  She thought that she could find a present for her daughter quickly.  Her daughter was three and Cathy knew what to buy her.  She had seen 1 doll, she started to panic. Cathy had no idea what to get her husband.  She wondered why she could never find a good present for her husband.  When she got to the mall it was crowded and she wanted to leave.  She hated shopping when the stores were so crowded.  Cathy went to a clothing store and a sporting goods store but she didn't see anything she wanted to buy for her husband.  As she walked by a pet store, she saw a cute puppy.  At once she decided that the puppy would be perfect for her husband and went in and bought it.  When she left the pet store, she decided to postpone the rest of her shopping until the next day.  While driving home, she passed by a small 2 She knew her family would love the pie. Cathy got back in her car and continued toward her apartment.  Suddenly Cathy realized she couldn't keep the puppy in the apartment because she wanted to surprise her husband.  Cathy went upstairs to her girlfriend's apartment and  asked her friend if she could leave the puppy there until Christmas. Cathy's friend said yes and invited her inside for coffee.  While they were talking, her friend asked what she had 3",8.txt,1.0,The generated answer 'A doll' is a complete semantic match to the correct answer 'doll'. The addition of the indefinite article does not change the meaning.,True,doll
study3,B,8,08,2,2,What did Cathy buy at the bakery?,A pie,"Cathy decided to go Christmas shopping for her family.  She thought that she could find a present for her daughter quickly.  Her daughter was three and Cathy knew what to buy her.  She had seen 1 doll, she started to panic. Cathy had no idea what to get her husband.  She wondered why she could never find a good present for her husband.  When she got to the mall it was crowded and she wanted to leave.  She hated shopping when the stores were so crowded.  Cathy went to a clothing store and a sporting goods store but she didn't see anything she wanted to buy for her husband.  As she walked by a pet store, she saw a cute puppy.  At once she decided that the puppy would be perfect for her husband and went in and bought it.  When she left the pet store, she decided to postpone the rest of her shopping until the next day.  While driving home, she passed by a small 2 She knew her family would love the pie. Cathy got back in her car and continued toward her apartment.  Suddenly Cathy realized she couldn't keep the puppy in the apartment because she wanted to surprise her husband.  Cathy went upstairs to her girlfriend's apartment and  asked her friend if she could leave the puppy there until Christmas. Cathy's friend said yes and invited her inside for coffee.  While they were talking, her friend asked what she had 3",8.txt,1.0,The generated answer 'A pie' is a complete semantic match to the correct answer 'pie'. The addition of the indefinite article does not change the meaning.,True,pie
study3,C,8,08,1,1,What did Cathy buy for her daughter?,A doll,"Cathy decided to go Christmas shopping for her family.  She thought that she could find a present for her daughter quickly.  Her daughter was three and Cathy knew what to buy her.  She had seen 1 doll, she started to panic. Cathy had no idea what to get her husband.  She wondered why she could never find a good present for her husband.  When she got to the mall it was crowded and she wanted to leave.  She hated shopping when the stores were so crowded.  Cathy went to a clothing store and a sporting goods store but she didn't see anything she wanted to buy for her husband.  As she walked by a pet store, she saw a cute puppy.  At once she decided that the puppy would be perfect for her husband and went in and bought it.  When she left the pet store, she decided to postpone the rest of her shopping until the next day.  While driving home, she passed by a small 2 She knew her family would love the pie. Cathy got back in her car and continued toward her apartment.  Suddenly Cathy realized she couldn't keep the puppy in the apartment because she wanted to surprise her husband.  Cathy went upstairs to her girlfriend's apartment and  asked her friend if she could leave the puppy there until Christmas. Cathy's friend said yes and invited her inside for coffee.  While they were talking, her friend asked what she had 3",8.txt,1.0,The generated answer 'A doll' correctly identifies the item 'doll' provided in the correct answer. The inclusion of the indefinite article does not change the semantic meaning.,True,doll
study3,C,8,08,2,2,What did Cathy buy at the bakery?,A pie,"Cathy decided to go Christmas shopping for her family.  She thought that she could find a present for her daughter quickly.  Her daughter was three and Cathy knew what to buy her.  She had seen 1 doll, she started to panic. Cathy had no idea what to get her husband.  She wondered why she could never find a good present for her husband.  When she got to the mall it was crowded and she wanted to leave.  She hated shopping when the stores were so crowded.  Cathy went to a clothing store and a sporting goods store but she didn't see anything she wanted to buy for her husband.  As she walked by a pet store, she saw a cute puppy.  At once she decided that the puppy would be perfect for her husband and went in and bought it.  When she left the pet store, she decided to postpone the rest of her shopping until the next day.  While driving home, she passed by a small 2 She knew her family would love the pie. Cathy got back in her car and continued toward her apartment.  Suddenly Cathy realized she couldn't keep the puppy in the apartment because she wanted to surprise her husband.  Cathy went upstairs to her girlfriend's apartment and  asked her friend if she could leave the puppy there until Christmas. Cathy's friend said yes and invited her inside for coffee.  While they were talking, her friend asked what she had 3",8.txt,1.0,The generated answer 'A pie' correctly identifies the item 'pie' provided in the correct answer. The inclusion of the indefinite article does not change the semantic meaning.,True,pie
study3,D,8,08,1,1,What did Cathy buy for her daughter?,A doll,"Cathy decided to go Christmas shopping for her family.  She thought that she could find a present for her daughter quickly.  Her daughter was three and Cathy knew what to buy her.  She had seen 1 doll, she started to panic. Cathy had no idea what to get her husband.  She wondered why she could never find a good present for her husband.  When she got to the mall it was crowded and she wanted to leave.  She hated shopping when the stores were so crowded.  Cathy went to a clothing store and a sporting goods store but she didn't see anything she wanted to buy for her husband.  As she walked by a pet store, she saw a cute puppy.  At once she decided that the puppy would be perfect for her husband and went in and bought it.  When she left the pet store, she decided to postpone the rest of her shopping until the next day.  While driving home, she passed by a small 2 She knew her family would love the pie. Cathy got back in her car and continued toward her apartment.  Suddenly Cathy realized she couldn't keep the puppy in the apartment because she wanted to surprise her husband.  Cathy went upstairs to her girlfriend's apartment and  asked her friend if she could leave the puppy there until Christmas. Cathy's friend said yes and invited her inside for coffee.  While they were talking, her friend asked what she had 3",8.txt,1.0,The generated answer 'A doll' is factually identical and semantically equivalent to the correct answer 'doll'. The inclusion of the indefinite article does not reduce the score.,True,doll
study3,D,8,08,2,2,What did Cathy buy at the bakery?,A pie,"Cathy decided to go Christmas shopping for her family.  She thought that she could find a present for her daughter quickly.  Her daughter was three and Cathy knew what to buy her.  She had seen 1 doll, she started to panic. Cathy had no idea what to get her husband.  She wondered why she could never find a good present for her husband.  When she got to the mall it was crowded and she wanted to leave.  She hated shopping when the stores were so crowded.  Cathy went to a clothing store and a sporting goods store but she didn't see anything she wanted to buy for her husband.  As she walked by a pet store, she saw a cute puppy.  At once she decided that the puppy would be perfect for her husband and went in and bought it.  When she left the pet store, she decided to postpone the rest of her shopping until the next day.  While driving home, she passed by a small 2 She knew her family would love the pie. Cathy got back in her car and continued toward her apartment.  Suddenly Cathy realized she couldn't keep the puppy in the apartment because she wanted to surprise her husband.  Cathy went upstairs to her girlfriend's apartment and  asked her friend if she could leave the puppy there until Christmas. Cathy's friend said yes and invited her inside for coffee.  While they were talking, her friend asked what she had 3",8.txt,1.0,The generated answer 'A pie' is factually identical and semantically equivalent to the correct answer 'pie'. The inclusion of the indefinite article does not reduce the score.,True,pie
study3,A,9,09,1,1,What did Bob stop to fix?,brakes,"Bob loved to ride his bike on weekends with his friends.  This weekend, they decided to ride in the country. Unfortunately, while riding, Bob developed mechanical problems.  Bob couldn't find a bike shop so he repaired 1 given Bob problems.  He stopped in front of a small church and made the necessary repairs.  Bob was eager to catch up with his friends.  He had been last in line and they probably hadn't noticed that he had stopped.  They were planning on making camp about twenty miles further up the road.  Bob thought that if he hurried, he could catch them by dark.  Bob was watching the foliage while he rode.  He enjoyed riding in the fall because he loved the smell of clean air and the colorful leaves.  He completely forgot that he needed to hurry to catch his friends before dark.  As a result, he was falling further behind. After a while, he started to get hungry but his friends had all the food.  Bob 2 trees.  He sat on a stone wall and ate an apple before going on.  After he had traveled several miles, he recognized a friend riding toward him.  He must have noticed that Bob was gone and had come back to find him.  Bob was glad to see his friend and together they continued their ride.  Bob's friend asked him 3",9.txt,1.0,The generated answer ('brakes') is an exact match for the correct answer.,True,brakes
study3,A,9,09,2,2,What did Bob stop to eat?,apple,"Bob loved to ride his bike on weekends with his friends.  This weekend, they decided to ride in the country. Unfortunately, while riding, Bob developed mechanical problems.  Bob couldn't find a bike shop so he repaired 1 given Bob problems.  He stopped in front of a small church and made the necessary repairs.  Bob was eager to catch up with his friends.  He had been last in line and they probably hadn't noticed that he had stopped.  They were planning on making camp about twenty miles further up the road.  Bob thought that if he hurried, he could catch them by dark.  Bob was watching the foliage while he rode.  He enjoyed riding in the fall because he loved the smell of clean air and the colorful leaves.  He completely forgot that he needed to hurry to catch his friends before dark.  As a result, he was falling further behind. After a while, he started to get hungry but his friends had all the food.  Bob 2 trees.  He sat on a stone wall and ate an apple before going on.  After he had traveled several miles, he recognized a friend riding toward him.  He must have noticed that Bob was gone and had come back to find him.  Bob was glad to see his friend and together they continued their ride.  Bob's friend asked him 3",9.txt,1.0,The generated answer ('apple') is an exact match for the correct answer.,True,apple
study3,B,9,09,1,1,What did Bob stop to fix?,brakes,"Bob loved to ride his bike on weekends with his friends.  This weekend, they decided to ride in the country. Unfortunately, while riding, Bob developed mechanical problems.  Bob couldn't find a bike shop so he repaired 1 given Bob problems.  He stopped in front of a small church and made the necessary repairs.  Bob was eager to catch up with his friends.  He had been last in line and they probably hadn't noticed that he had stopped.  They were planning on making camp about twenty miles further up the road.  Bob thought that if he hurried, he could catch them by dark.  Bob was watching the foliage while he rode.  He enjoyed riding in the fall because he loved the smell of clean air and the colorful leaves.  He completely forgot that he needed to hurry to catch his friends before dark.  As a result, he was falling further behind. After a while, he started to get hungry but his friends had all the food.  Bob 2 trees.  He sat on a stone wall and ate an apple before going on.  After he had traveled several miles, he recognized a friend riding toward him.  He must have noticed that Bob was gone and had come back to find him.  Bob was glad to see his friend and together they continued their ride.  Bob's friend asked him 3",9.txt,1.0,The generated answer ('brakes') is an exact match for the provided correct answer.,True,brakes
study3,B,9,09,2,2,What did Bob stop to eat?,apple,"Bob loved to ride his bike on weekends with his friends.  This weekend, they decided to ride in the country. Unfortunately, while riding, Bob developed mechanical problems.  Bob couldn't find a bike shop so he repaired 1 given Bob problems.  He stopped in front of a small church and made the necessary repairs.  Bob was eager to catch up with his friends.  He had been last in line and they probably hadn't noticed that he had stopped.  They were planning on making camp about twenty miles further up the road.  Bob thought that if he hurried, he could catch them by dark.  Bob was watching the foliage while he rode.  He enjoyed riding in the fall because he loved the smell of clean air and the colorful leaves.  He completely forgot that he needed to hurry to catch his friends before dark.  As a result, he was falling further behind. After a while, he started to get hungry but his friends had all the food.  Bob 2 trees.  He sat on a stone wall and ate an apple before going on.  After he had traveled several miles, he recognized a friend riding toward him.  He must have noticed that Bob was gone and had come back to find him.  Bob was glad to see his friend and together they continued their ride.  Bob's friend asked him 3",9.txt,1.0,The generated answer ('apple') is an exact match for the provided correct answer.,True,apple
study3,C,9,09,1,1,What did Bob stop to fix?,brakes,"Bob loved to ride his bike on weekends with his friends.  This weekend, they decided to ride in the country. Unfortunately, while riding, Bob developed mechanical problems.  Bob couldn't find a bike shop so he repaired 1 given Bob problems.  He stopped in front of a small church and made the necessary repairs.  Bob was eager to catch up with his friends.  He had been last in line and they probably hadn't noticed that he had stopped.  They were planning on making camp about twenty miles further up the road.  Bob thought that if he hurried, he could catch them by dark.  Bob was watching the foliage while he rode.  He enjoyed riding in the fall because he loved the smell of clean air and the colorful leaves.  He completely forgot that he needed to hurry to catch his friends before dark.  As a result, he was falling further behind. After a while, he started to get hungry but his friends had all the food.  Bob 2 trees.  He sat on a stone wall and ate an apple before going on.  After he had traveled several miles, he recognized a friend riding toward him.  He must have noticed that Bob was gone and had come back to find him.  Bob was glad to see his friend and together they continued their ride.  Bob's friend asked him 3",9.txt,1.0,"The generated answer, 'brakes', is an exact match for the correct answer.",True,brakes
study3,C,9,09,2,2,What did Bob stop to eat?,apple,"Bob loved to ride his bike on weekends with his friends.  This weekend, they decided to ride in the country. Unfortunately, while riding, Bob developed mechanical problems.  Bob couldn't find a bike shop so he repaired 1 given Bob problems.  He stopped in front of a small church and made the necessary repairs.  Bob was eager to catch up with his friends.  He had been last in line and they probably hadn't noticed that he had stopped.  They were planning on making camp about twenty miles further up the road.  Bob thought that if he hurried, he could catch them by dark.  Bob was watching the foliage while he rode.  He enjoyed riding in the fall because he loved the smell of clean air and the colorful leaves.  He completely forgot that he needed to hurry to catch his friends before dark.  As a result, he was falling further behind. After a while, he started to get hungry but his friends had all the food.  Bob 2 trees.  He sat on a stone wall and ate an apple before going on.  After he had traveled several miles, he recognized a friend riding toward him.  He must have noticed that Bob was gone and had come back to find him.  Bob was glad to see his friend and together they continued their ride.  Bob's friend asked him 3",9.txt,1.0,"The generated answer, 'apple', is an exact match for the correct answer.",True,apple
study3,D,9,09,1,1,What did Bob stop to fix?,brakes,"Bob loved to ride his bike on weekends with his friends.  This weekend, they decided to ride in the country. Unfortunately, while riding, Bob developed mechanical problems.  Bob couldn't find a bike shop so he repaired 1 given Bob problems.  He stopped in front of a small church and made the necessary repairs.  Bob was eager to catch up with his friends.  He had been last in line and they probably hadn't noticed that he had stopped.  They were planning on making camp about twenty miles further up the road.  Bob thought that if he hurried, he could catch them by dark.  Bob was watching the foliage while he rode.  He enjoyed riding in the fall because he loved the smell of clean air and the colorful leaves.  He completely forgot that he needed to hurry to catch his friends before dark.  As a result, he was falling further behind. After a while, he started to get hungry but his friends had all the food.  Bob 2 trees.  He sat on a stone wall and ate an apple before going on.  After he had traveled several miles, he recognized a friend riding toward him.  He must have noticed that Bob was gone and had come back to find him.  Bob was glad to see his friend and together they continued their ride.  Bob's friend asked him 3",9.txt,1.0,The generated answer 'brakes' is an exact match for the correct answer 'brakes'.,True,brakes
study3,D,9,09,2,2,What did Bob stop to eat?,apple,"Bob loved to ride his bike on weekends with his friends.  This weekend, they decided to ride in the country. Unfortunately, while riding, Bob developed mechanical problems.  Bob couldn't find a bike shop so he repaired 1 given Bob problems.  He stopped in front of a small church and made the necessary repairs.  Bob was eager to catch up with his friends.  He had been last in line and they probably hadn't noticed that he had stopped.  They were planning on making camp about twenty miles further up the road.  Bob thought that if he hurried, he could catch them by dark.  Bob was watching the foliage while he rode.  He enjoyed riding in the fall because he loved the smell of clean air and the colorful leaves.  He completely forgot that he needed to hurry to catch his friends before dark.  As a result, he was falling further behind. After a while, he started to get hungry but his friends had all the food.  Bob 2 trees.  He sat on a stone wall and ate an apple before going on.  After he had traveled several miles, he recognized a friend riding toward him.  He must have noticed that Bob was gone and had come back to find him.  Bob was glad to see his friend and together they continued their ride.  Bob's friend asked him 3",9.txt,1.0,The generated answer 'apple' is an exact match for the correct answer 'apple'.,True,apple
study3,A,10,10,1,1,Who did Charlie see on the road?,A policeman,"Charlie had been plowing the city for years and he had never seen a worse blizzard.  The storm had dropped two feet of snow.  Charlie  had been plowing the roads all night and he hadn't eaten dinner but he did have a few coffee breaks.  He was tired and worried that he would have an accident.  As Charlie entered a new street, he saw a 1 The policeman told him he was checking on a burglar alarm.  Charlie hadn't seen anything unusual but said he would look around as he continued his plowing.  He didn't have time to look too carefully though.  The snow was falling hard and he'd be lucky if he finished his streets before he went off duty.  He still had fifteen streets to go and he was only going to be driving the plow for three more hours.  Charlie started to drive faster but he was afraid he would hit something so he slowed the plow down again.  The snow was coming down hard and Charlie knew he should be careful.  He had hit a parked car once before and had missed work because of the accident.  He couldn't afford to miss any more work. He would simply do his best and hope he could finish his assigned streets before his shift ended in an hour.  Charlie was getting hungry and he didn't think he could last the whole three hours without 2 in his lunch bag.  The banana wasn't much, but it was better than nothing.  He managed to almost finish his streets by the time he completed his shift.  He had left three streets unplowed but the snow had stopped falling and Charlie knew somebody could plow them easily.  He drove the plow into the station and up to the gas pumps.  The new driver was already there waiting to take over.  They talked for a while about the terrible driving.  The new driver asked Charlie 3",10.txt,1.0,The generated answer 'A policeman' is substantively correct and matches the provided correct answer 'policeman'. The inclusion of the indefinite article does not invalidate the identification.,True,policeman
study3,A,10,10,2,2,What did Charlie have to eat?,A banana,"Charlie had been plowing the city for years and he had never seen a worse blizzard.  The storm had dropped two feet of snow.  Charlie  had been plowing the roads all night and he hadn't eaten dinner but he did have a few coffee breaks.  He was tired and worried that he would have an accident.  As Charlie entered a new street, he saw a 1 The policeman told him he was checking on a burglar alarm.  Charlie hadn't seen anything unusual but said he would look around as he continued his plowing.  He didn't have time to look too carefully though.  The snow was falling hard and he'd be lucky if he finished his streets before he went off duty.  He still had fifteen streets to go and he was only going to be driving the plow for three more hours.  Charlie started to drive faster but he was afraid he would hit something so he slowed the plow down again.  The snow was coming down hard and Charlie knew he should be careful.  He had hit a parked car once before and had missed work because of the accident.  He couldn't afford to miss any more work. He would simply do his best and hope he could finish his assigned streets before his shift ended in an hour.  Charlie was getting hungry and he didn't think he could last the whole three hours without 2 in his lunch bag.  The banana wasn't much, but it was better than nothing.  He managed to almost finish his streets by the time he completed his shift.  He had left three streets unplowed but the snow had stopped falling and Charlie knew somebody could plow them easily.  He drove the plow into the station and up to the gas pumps.  The new driver was already there waiting to take over.  They talked for a while about the terrible driving.  The new driver asked Charlie 3",10.txt,1.0,The generated answer 'A banana' matches the provided correct answer 'banana'. The inclusion of the article 'A' does not change the factual correctness based on the established correct answer.,True,banana
study3,B,10,10,1,1,Who did Charlie see on the road?,A policeman,"Charlie had been plowing the city for years and he had never seen a worse blizzard.  The storm had dropped two feet of snow.  Charlie  had been plowing the roads all night and he hadn't eaten dinner but he did have a few coffee breaks.  He was tired and worried that he would have an accident.  As Charlie entered a new street, he saw a 1 The policeman told him he was checking on a burglar alarm.  Charlie hadn't seen anything unusual but said he would look around as he continued his plowing.  He didn't have time to look too carefully though.  The snow was falling hard and he'd be lucky if he finished his streets before he went off duty.  He still had fifteen streets to go and he was only going to be driving the plow for three more hours.  Charlie started to drive faster but he was afraid he would hit something so he slowed the plow down again.  The snow was coming down hard and Charlie knew he should be careful.  He had hit a parked car once before and had missed work because of the accident.  He couldn't afford to miss any more work. He would simply do his best and hope he could finish his assigned streets before his shift ended in an hour.  Charlie was getting hungry and he didn't think he could last the whole three hours without 2 in his lunch bag.  The banana wasn't much, but it was better than nothing.  He managed to almost finish his streets by the time he completed his shift.  He had left three streets unplowed but the snow had stopped falling and Charlie knew somebody could plow them easily.  He drove the plow into the station and up to the gas pumps.  The new driver was already there waiting to take over.  They talked for a while about the terrible driving.  The new driver asked Charlie 3",10.txt,1.0,"The generated answer ('A policeman') is semantically equivalent to the correct answer ('policeman'), differing only by the presence of an indefinite article.",True,policeman
study3,B,10,10,2,2,What did Charlie have to eat?,A banana,"Charlie had been plowing the city for years and he had never seen a worse blizzard.  The storm had dropped two feet of snow.  Charlie  had been plowing the roads all night and he hadn't eaten dinner but he did have a few coffee breaks.  He was tired and worried that he would have an accident.  As Charlie entered a new street, he saw a 1 The policeman told him he was checking on a burglar alarm.  Charlie hadn't seen anything unusual but said he would look around as he continued his plowing.  He didn't have time to look too carefully though.  The snow was falling hard and he'd be lucky if he finished his streets before he went off duty.  He still had fifteen streets to go and he was only going to be driving the plow for three more hours.  Charlie started to drive faster but he was afraid he would hit something so he slowed the plow down again.  The snow was coming down hard and Charlie knew he should be careful.  He had hit a parked car once before and had missed work because of the accident.  He couldn't afford to miss any more work. He would simply do his best and hope he could finish his assigned streets before his shift ended in an hour.  Charlie was getting hungry and he didn't think he could last the whole three hours without 2 in his lunch bag.  The banana wasn't much, but it was better than nothing.  He managed to almost finish his streets by the time he completed his shift.  He had left three streets unplowed but the snow had stopped falling and Charlie knew somebody could plow them easily.  He drove the plow into the station and up to the gas pumps.  The new driver was already there waiting to take over.  They talked for a while about the terrible driving.  The new driver asked Charlie 3",10.txt,1.0,"The generated answer ('A banana') is semantically equivalent to the correct answer ('banana'), differing only by the presence of an indefinite article.",True,banana
study3,C,10,10,1,1,Who did Charlie see on the road?,A policeman,"Charlie had been plowing the city for years and he had never seen a worse blizzard.  The storm had dropped two feet of snow.  Charlie  had been plowing the roads all night and he hadn't eaten dinner but he did have a few coffee breaks.  He was tired and worried that he would have an accident.  As Charlie entered a new street, he saw a 1 The policeman told him he was checking on a burglar alarm.  Charlie hadn't seen anything unusual but said he would look around as he continued his plowing.  He didn't have time to look too carefully though.  The snow was falling hard and he'd be lucky if he finished his streets before he went off duty.  He still had fifteen streets to go and he was only going to be driving the plow for three more hours.  Charlie started to drive faster but he was afraid he would hit something so he slowed the plow down again.  The snow was coming down hard and Charlie knew he should be careful.  He had hit a parked car once before and had missed work because of the accident.  He couldn't afford to miss any more work. He would simply do his best and hope he could finish his assigned streets before his shift ended in an hour.  Charlie was getting hungry and he didn't think he could last the whole three hours without 2 in his lunch bag.  The banana wasn't much, but it was better than nothing.  He managed to almost finish his streets by the time he completed his shift.  He had left three streets unplowed but the snow had stopped falling and Charlie knew somebody could plow them easily.  He drove the plow into the station and up to the gas pumps.  The new driver was already there waiting to take over.  They talked for a while about the terrible driving.  The new driver asked Charlie 3",10.txt,1.0,The generated answer 'A policeman' is a direct semantic match for the correct answer 'policeman'. The inclusion of the indefinite article does not change the core answer.,True,policeman
study3,C,10,10,2,2,What did Charlie have to eat?,A banana,"Charlie had been plowing the city for years and he had never seen a worse blizzard.  The storm had dropped two feet of snow.  Charlie  had been plowing the roads all night and he hadn't eaten dinner but he did have a few coffee breaks.  He was tired and worried that he would have an accident.  As Charlie entered a new street, he saw a 1 The policeman told him he was checking on a burglar alarm.  Charlie hadn't seen anything unusual but said he would look around as he continued his plowing.  He didn't have time to look too carefully though.  The snow was falling hard and he'd be lucky if he finished his streets before he went off duty.  He still had fifteen streets to go and he was only going to be driving the plow for three more hours.  Charlie started to drive faster but he was afraid he would hit something so he slowed the plow down again.  The snow was coming down hard and Charlie knew he should be careful.  He had hit a parked car once before and had missed work because of the accident.  He couldn't afford to miss any more work. He would simply do his best and hope he could finish his assigned streets before his shift ended in an hour.  Charlie was getting hungry and he didn't think he could last the whole three hours without 2 in his lunch bag.  The banana wasn't much, but it was better than nothing.  He managed to almost finish his streets by the time he completed his shift.  He had left three streets unplowed but the snow had stopped falling and Charlie knew somebody could plow them easily.  He drove the plow into the station and up to the gas pumps.  The new driver was already there waiting to take over.  They talked for a while about the terrible driving.  The new driver asked Charlie 3",10.txt,1.0,The generated answer 'A banana' is a direct semantic match for the correct answer 'banana'. The inclusion of the indefinite article does not change the core answer.,True,banana
study3,D,10,10,1,1,Who did Charlie see on the road?,A policeman,"Charlie had been plowing the city for years and he had never seen a worse blizzard.  The storm had dropped two feet of snow.  Charlie  had been plowing the roads all night and he hadn't eaten dinner but he did have a few coffee breaks.  He was tired and worried that he would have an accident.  As Charlie entered a new street, he saw a 1 The policeman told him he was checking on a burglar alarm.  Charlie hadn't seen anything unusual but said he would look around as he continued his plowing.  He didn't have time to look too carefully though.  The snow was falling hard and he'd be lucky if he finished his streets before he went off duty.  He still had fifteen streets to go and he was only going to be driving the plow for three more hours.  Charlie started to drive faster but he was afraid he would hit something so he slowed the plow down again.  The snow was coming down hard and Charlie knew he should be careful.  He had hit a parked car once before and had missed work because of the accident.  He couldn't afford to miss any more work. He would simply do his best and hope he could finish his assigned streets before his shift ended in an hour.  Charlie was getting hungry and he didn't think he could last the whole three hours without 2 in his lunch bag.  The banana wasn't much, but it was better than nothing.  He managed to almost finish his streets by the time he completed his shift.  He had left three streets unplowed but the snow had stopped falling and Charlie knew somebody could plow them easily.  He drove the plow into the station and up to the gas pumps.  The new driver was already there waiting to take over.  They talked for a while about the terrible driving.  The new driver asked Charlie 3",10.txt,1.0,"The generated answer 'A policeman' correctly identifies the entity seen on the road, matching the correct answer 'policeman'. The inclusion of the indefinite article 'A' does not affect factual correctness.",True,policeman
study3,D,10,10,2,2,What did Charlie have to eat?,A banana,"Charlie had been plowing the city for years and he had never seen a worse blizzard.  The storm had dropped two feet of snow.  Charlie  had been plowing the roads all night and he hadn't eaten dinner but he did have a few coffee breaks.  He was tired and worried that he would have an accident.  As Charlie entered a new street, he saw a 1 The policeman told him he was checking on a burglar alarm.  Charlie hadn't seen anything unusual but said he would look around as he continued his plowing.  He didn't have time to look too carefully though.  The snow was falling hard and he'd be lucky if he finished his streets before he went off duty.  He still had fifteen streets to go and he was only going to be driving the plow for three more hours.  Charlie started to drive faster but he was afraid he would hit something so he slowed the plow down again.  The snow was coming down hard and Charlie knew he should be careful.  He had hit a parked car once before and had missed work because of the accident.  He couldn't afford to miss any more work. He would simply do his best and hope he could finish his assigned streets before his shift ended in an hour.  Charlie was getting hungry and he didn't think he could last the whole three hours without 2 in his lunch bag.  The banana wasn't much, but it was better than nothing.  He managed to almost finish his streets by the time he completed his shift.  He had left three streets unplowed but the snow had stopped falling and Charlie knew somebody could plow them easily.  He drove the plow into the station and up to the gas pumps.  The new driver was already there waiting to take over.  They talked for a while about the terrible driving.  The new driver asked Charlie 3",10.txt,1.0,The generated answer 'A banana' matches the correct answer 'banana'. The inclusion of the indefinite article 'A' does not change the substance of the response.,True,banana
study3,A,11,11,1,1,What had Bill gotten to drink?,Beer,"Bill had finally received three days of shore leave when his ship docked in Boston harbor.  He was thrilled because his grandparents lived in Boston.  Bill hadn't seen them for several years and he knew they would be happy to see him. When he got off the ship, he called them, and they were indeed happy to hear from him.  When he arrived at his grandparents, Bill's grandmother had a 1 sipping the beer, Bill talked about his experiences since joining the Navy.  He had traveled all over the Mediterranean and the Pacific.  Bill had joined the Navy ten years ago and had traveled everywhere.  He loved the Navy and had decided to make it his career.  The pay was good and he had learned to repair computers so he knew he could get a good job when he got out.  Bill was in the middle of his story when his grandmother interrupted him because she had to go shopping.  Bill decided to sit on the couch and wait for his grandfather.  He picked up a magazine but was so excited to see his grandparents that he couldn't concentrate.  He decided to watch television.  He couldn't watch TV at sea because the reception was so bad. 2 didn't find baseball particularly exciting but he couldn't find anything else.  After a while, Bill heard his grandfather outside.  He looked out the window and saw him so he leaped off the couch, raced to the door and gave his grandfather a big hug.  Bill sat back on the couch and talked with his grandfather.  Bill's grandfather asked him 3",11.txt,0.0,The generated answer 'Beer' is missing the descriptive detail 'glass of' that is present in the correct answer 'glass of beer'. The generated answer is less specific than the target.,False,glass of beer
study3,A,11,11,2,2,What was Bill watching on TV?,Baseball,"Bill had finally received three days of shore leave when his ship docked in Boston harbor.  He was thrilled because his grandparents lived in Boston.  Bill hadn't seen them for several years and he knew they would be happy to see him. When he got off the ship, he called them, and they were indeed happy to hear from him.  When he arrived at his grandparents, Bill's grandmother had a 1 sipping the beer, Bill talked about his experiences since joining the Navy.  He had traveled all over the Mediterranean and the Pacific.  Bill had joined the Navy ten years ago and had traveled everywhere.  He loved the Navy and had decided to make it his career.  The pay was good and he had learned to repair computers so he knew he could get a good job when he got out.  Bill was in the middle of his story when his grandmother interrupted him because she had to go shopping.  Bill decided to sit on the couch and wait for his grandfather.  He picked up a magazine but was so excited to see his grandparents that he couldn't concentrate.  He decided to watch television.  He couldn't watch TV at sea because the reception was so bad. 2 didn't find baseball particularly exciting but he couldn't find anything else.  After a while, Bill heard his grandfather outside.  He looked out the window and saw him so he leaped off the couch, raced to the door and gave his grandfather a big hug.  Bill sat back on the couch and talked with his grandfather.  Bill's grandfather asked him 3",11.txt,1.0,The generated answer 'Baseball' is factually identical to the correct answer 'baseball'. The difference in capitalization is trivial and does not constitute an incorrect answer.,True,baseball
study3,B,11,11,1,1,What had Bill gotten to drink?,Beer,"Bill had finally received three days of shore leave when his ship docked in Boston harbor.  He was thrilled because his grandparents lived in Boston.  Bill hadn't seen them for several years and he knew they would be happy to see him. When he got off the ship, he called them, and they were indeed happy to hear from him.  When he arrived at his grandparents, Bill's grandmother had a 1 sipping the beer, Bill talked about his experiences since joining the Navy.  He had traveled all over the Mediterranean and the Pacific.  Bill had joined the Navy ten years ago and had traveled everywhere.  He loved the Navy and had decided to make it his career.  The pay was good and he had learned to repair computers so he knew he could get a good job when he got out.  Bill was in the middle of his story when his grandmother interrupted him because she had to go shopping.  Bill decided to sit on the couch and wait for his grandfather.  He picked up a magazine but was so excited to see his grandparents that he couldn't concentrate.  He decided to watch television.  He couldn't watch TV at sea because the reception was so bad. 2 didn't find baseball particularly exciting but he couldn't find anything else.  After a while, Bill heard his grandfather outside.  He looked out the window and saw him so he leaped off the couch, raced to the door and gave his grandfather a big hug.  Bill sat back on the couch and talked with his grandfather.  Bill's grandfather asked him 3",11.txt,0.0,"The generated answer 'Beer' is less specific than the correct answer 'glass of beer', omitting the detail about the container specified in the correct answer.",False,glass of beer
study3,B,11,11,2,2,What was Bill watching on TV?,Baseball,"Bill had finally received three days of shore leave when his ship docked in Boston harbor.  He was thrilled because his grandparents lived in Boston.  Bill hadn't seen them for several years and he knew they would be happy to see him. When he got off the ship, he called them, and they were indeed happy to hear from him.  When he arrived at his grandparents, Bill's grandmother had a 1 sipping the beer, Bill talked about his experiences since joining the Navy.  He had traveled all over the Mediterranean and the Pacific.  Bill had joined the Navy ten years ago and had traveled everywhere.  He loved the Navy and had decided to make it his career.  The pay was good and he had learned to repair computers so he knew he could get a good job when he got out.  Bill was in the middle of his story when his grandmother interrupted him because she had to go shopping.  Bill decided to sit on the couch and wait for his grandfather.  He picked up a magazine but was so excited to see his grandparents that he couldn't concentrate.  He decided to watch television.  He couldn't watch TV at sea because the reception was so bad. 2 didn't find baseball particularly exciting but he couldn't find anything else.  After a while, Bill heard his grandfather outside.  He looked out the window and saw him so he leaped off the couch, raced to the door and gave his grandfather a big hug.  Bill sat back on the couch and talked with his grandfather.  Bill's grandfather asked him 3",11.txt,1.0,The generated answer 'Baseball' is semantically identical to the correct answer 'baseball'. Differences in capitalization are ignored.,True,baseball
study3,C,11,11,1,1,What had Bill gotten to drink?,Beer,"Bill had finally received three days of shore leave when his ship docked in Boston harbor.  He was thrilled because his grandparents lived in Boston.  Bill hadn't seen them for several years and he knew they would be happy to see him. When he got off the ship, he called them, and they were indeed happy to hear from him.  When he arrived at his grandparents, Bill's grandmother had a 1 sipping the beer, Bill talked about his experiences since joining the Navy.  He had traveled all over the Mediterranean and the Pacific.  Bill had joined the Navy ten years ago and had traveled everywhere.  He loved the Navy and had decided to make it his career.  The pay was good and he had learned to repair computers so he knew he could get a good job when he got out.  Bill was in the middle of his story when his grandmother interrupted him because she had to go shopping.  Bill decided to sit on the couch and wait for his grandfather.  He picked up a magazine but was so excited to see his grandparents that he couldn't concentrate.  He decided to watch television.  He couldn't watch TV at sea because the reception was so bad. 2 didn't find baseball particularly exciting but he couldn't find anything else.  After a while, Bill heard his grandfather outside.  He looked out the window and saw him so he leaped off the couch, raced to the door and gave his grandfather a big hug.  Bill sat back on the couch and talked with his grandfather.  Bill's grandfather asked him 3",11.txt,0.0,The generated answer 'Beer' is missing the specific container ('glass of') that is included in the provided correct answer ('glass of beer').,False,glass of beer
study3,C,11,11,2,2,What was Bill watching on TV?,Baseball,"Bill had finally received three days of shore leave when his ship docked in Boston harbor.  He was thrilled because his grandparents lived in Boston.  Bill hadn't seen them for several years and he knew they would be happy to see him. When he got off the ship, he called them, and they were indeed happy to hear from him.  When he arrived at his grandparents, Bill's grandmother had a 1 sipping the beer, Bill talked about his experiences since joining the Navy.  He had traveled all over the Mediterranean and the Pacific.  Bill had joined the Navy ten years ago and had traveled everywhere.  He loved the Navy and had decided to make it his career.  The pay was good and he had learned to repair computers so he knew he could get a good job when he got out.  Bill was in the middle of his story when his grandmother interrupted him because she had to go shopping.  Bill decided to sit on the couch and wait for his grandfather.  He picked up a magazine but was so excited to see his grandparents that he couldn't concentrate.  He decided to watch television.  He couldn't watch TV at sea because the reception was so bad. 2 didn't find baseball particularly exciting but he couldn't find anything else.  After a while, Bill heard his grandfather outside.  He looked out the window and saw him so he leaped off the couch, raced to the door and gave his grandfather a big hug.  Bill sat back on the couch and talked with his grandfather.  Bill's grandfather asked him 3",11.txt,1.0,The generated answer 'Baseball' is an exact semantic match for the correct answer 'baseball'. Differences in capitalization are disregarded for scoring.,True,baseball
study3,D,11,11,1,1,What had Bill gotten to drink?,Beer,"Bill had finally received three days of shore leave when his ship docked in Boston harbor.  He was thrilled because his grandparents lived in Boston.  Bill hadn't seen them for several years and he knew they would be happy to see him. When he got off the ship, he called them, and they were indeed happy to hear from him.  When he arrived at his grandparents, Bill's grandmother had a 1 sipping the beer, Bill talked about his experiences since joining the Navy.  He had traveled all over the Mediterranean and the Pacific.  Bill had joined the Navy ten years ago and had traveled everywhere.  He loved the Navy and had decided to make it his career.  The pay was good and he had learned to repair computers so he knew he could get a good job when he got out.  Bill was in the middle of his story when his grandmother interrupted him because she had to go shopping.  Bill decided to sit on the couch and wait for his grandfather.  He picked up a magazine but was so excited to see his grandparents that he couldn't concentrate.  He decided to watch television.  He couldn't watch TV at sea because the reception was so bad. 2 didn't find baseball particularly exciting but he couldn't find anything else.  After a while, Bill heard his grandfather outside.  He looked out the window and saw him so he leaped off the couch, raced to the door and gave his grandfather a big hug.  Bill sat back on the couch and talked with his grandfather.  Bill's grandfather asked him 3",11.txt,0.0,The generated answer 'Beer' is missing the qualifier 'glass of' which is present in the correct answer 'glass of beer'. The generated answer captures the substance but not the complete expected phrase.,False,glass of beer
study3,D,11,11,2,2,What was Bill watching on TV?,Baseball,"Bill had finally received three days of shore leave when his ship docked in Boston harbor.  He was thrilled because his grandparents lived in Boston.  Bill hadn't seen them for several years and he knew they would be happy to see him. When he got off the ship, he called them, and they were indeed happy to hear from him.  When he arrived at his grandparents, Bill's grandmother had a 1 sipping the beer, Bill talked about his experiences since joining the Navy.  He had traveled all over the Mediterranean and the Pacific.  Bill had joined the Navy ten years ago and had traveled everywhere.  He loved the Navy and had decided to make it his career.  The pay was good and he had learned to repair computers so he knew he could get a good job when he got out.  Bill was in the middle of his story when his grandmother interrupted him because she had to go shopping.  Bill decided to sit on the couch and wait for his grandfather.  He picked up a magazine but was so excited to see his grandparents that he couldn't concentrate.  He decided to watch television.  He couldn't watch TV at sea because the reception was so bad. 2 didn't find baseball particularly exciting but he couldn't find anything else.  After a while, Bill heard his grandfather outside.  He looked out the window and saw him so he leaped off the couch, raced to the door and gave his grandfather a big hug.  Bill sat back on the couch and talked with his grandfather.  Bill's grandfather asked him 3",11.txt,1.0,"The generated answer 'Baseball' matches the correct answer 'baseball', differing only in capitalization, which is acceptable.",True,baseball
study3,A,12,12,1,1,How did Mark get to work in the morning?,He rode the train.,"Mark had grown up in the city but he had always wanted to live in the country with lots of land and a large garden.  The first opportunity he had, he packed up his belongings and bought a house in the country.  Every day Mark would ride 1 was long but allowed Mark to read the newspaper in the morning and relax at night. Mark was a teacher who taught at an elementary school in the city.  He liked teaching because he could call the summers his own.  Country living had its problems however.  Mark had left all his friends behind in the city and he had no neighbors out in the country.  One warm summer day, Mark was out working in his garden.  He had done all of the planting and he needed to do some weeding.  Mark was happy to see the progress.  He was 2 was ripe.  Mark decided to have a few ears of the corn with his lunch.  Mark was heading for the house when he saw a friend from the city pull in the driveway.  Mark was excited to see his friend.  He set up some chairs on the porch and told his friend about his new home.  He said he missed the city but really loved living in the country.  Mark's friend asked him 3",12.txt,1.0,The generated answer ('He rode the train') accurately identifies the method of travel ('train') listed in the correct answer. It is a semantically correct match.,True,train
study3,A,12,12,2,2,What did Mark pick from the garden?,Corn.,"Mark had grown up in the city but he had always wanted to live in the country with lots of land and a large garden.  The first opportunity he had, he packed up his belongings and bought a house in the country.  Every day Mark would ride 1 was long but allowed Mark to read the newspaper in the morning and relax at night. Mark was a teacher who taught at an elementary school in the city.  He liked teaching because he could call the summers his own.  Country living had its problems however.  Mark had left all his friends behind in the city and he had no neighbors out in the country.  One warm summer day, Mark was out working in his garden.  He had done all of the planting and he needed to do some weeding.  Mark was happy to see the progress.  He was 2 was ripe.  Mark decided to have a few ears of the corn with his lunch.  Mark was heading for the house when he saw a friend from the city pull in the driveway.  Mark was excited to see his friend.  He set up some chairs on the porch and told his friend about his new home.  He said he missed the city but really loved living in the country.  Mark's friend asked him 3",12.txt,1.0,The generated answer ('Corn.') is factually identical to the correct answer ('corn').,True,corn
study3,B,12,12,1,1,How did Mark get to work in the morning?,He rode the train.,"Mark had grown up in the city but he had always wanted to live in the country with lots of land and a large garden.  The first opportunity he had, he packed up his belongings and bought a house in the country.  Every day Mark would ride 1 was long but allowed Mark to read the newspaper in the morning and relax at night. Mark was a teacher who taught at an elementary school in the city.  He liked teaching because he could call the summers his own.  Country living had its problems however.  Mark had left all his friends behind in the city and he had no neighbors out in the country.  One warm summer day, Mark was out working in his garden.  He had done all of the planting and he needed to do some weeding.  Mark was happy to see the progress.  He was 2 was ripe.  Mark decided to have a few ears of the corn with his lunch.  Mark was heading for the house when he saw a friend from the city pull in the driveway.  Mark was excited to see his friend.  He set up some chairs on the porch and told his friend about his new home.  He said he missed the city but really loved living in the country.  Mark's friend asked him 3",12.txt,1.0,"The generated answer 'He rode the train' accurately identifies 'train' as the means of transport, which is the core correct information provided in the answer key.",True,train
study3,B,12,12,2,2,What did Mark pick from the garden?,Corn.,"Mark had grown up in the city but he had always wanted to live in the country with lots of land and a large garden.  The first opportunity he had, he packed up his belongings and bought a house in the country.  Every day Mark would ride 1 was long but allowed Mark to read the newspaper in the morning and relax at night. Mark was a teacher who taught at an elementary school in the city.  He liked teaching because he could call the summers his own.  Country living had its problems however.  Mark had left all his friends behind in the city and he had no neighbors out in the country.  One warm summer day, Mark was out working in his garden.  He had done all of the planting and he needed to do some weeding.  Mark was happy to see the progress.  He was 2 was ripe.  Mark decided to have a few ears of the corn with his lunch.  Mark was heading for the house when he saw a friend from the city pull in the driveway.  Mark was excited to see his friend.  He set up some chairs on the porch and told his friend about his new home.  He said he missed the city but really loved living in the country.  Mark's friend asked him 3",12.txt,1.0,The generated answer 'Corn' is a direct and precise match to the correct answer 'corn'.,True,corn
study3,C,12,12,1,1,How did Mark get to work in the morning?,He rode the train.,"Mark had grown up in the city but he had always wanted to live in the country with lots of land and a large garden.  The first opportunity he had, he packed up his belongings and bought a house in the country.  Every day Mark would ride 1 was long but allowed Mark to read the newspaper in the morning and relax at night. Mark was a teacher who taught at an elementary school in the city.  He liked teaching because he could call the summers his own.  Country living had its problems however.  Mark had left all his friends behind in the city and he had no neighbors out in the country.  One warm summer day, Mark was out working in his garden.  He had done all of the planting and he needed to do some weeding.  Mark was happy to see the progress.  He was 2 was ripe.  Mark decided to have a few ears of the corn with his lunch.  Mark was heading for the house when he saw a friend from the city pull in the driveway.  Mark was excited to see his friend.  He set up some chairs on the porch and told his friend about his new home.  He said he missed the city but really loved living in the country.  Mark's friend asked him 3",12.txt,1.0,"The generated answer provides the correct means of transportation ('train') in a slightly expanded, yet fully accurate, sentence format. The information matches the correct answer.",True,train
study3,C,12,12,2,2,What did Mark pick from the garden?,Corn.,"Mark had grown up in the city but he had always wanted to live in the country with lots of land and a large garden.  The first opportunity he had, he packed up his belongings and bought a house in the country.  Every day Mark would ride 1 was long but allowed Mark to read the newspaper in the morning and relax at night. Mark was a teacher who taught at an elementary school in the city.  He liked teaching because he could call the summers his own.  Country living had its problems however.  Mark had left all his friends behind in the city and he had no neighbors out in the country.  One warm summer day, Mark was out working in his garden.  He had done all of the planting and he needed to do some weeding.  Mark was happy to see the progress.  He was 2 was ripe.  Mark decided to have a few ears of the corn with his lunch.  Mark was heading for the house when he saw a friend from the city pull in the driveway.  Mark was excited to see his friend.  He set up some chairs on the porch and told his friend about his new home.  He said he missed the city but really loved living in the country.  Mark's friend asked him 3",12.txt,1.0,The generated answer is identical to the correct answer ('Corn').,True,corn
study3,D,12,12,1,1,How did Mark get to work in the morning?,He rode the train.,"Mark had grown up in the city but he had always wanted to live in the country with lots of land and a large garden.  The first opportunity he had, he packed up his belongings and bought a house in the country.  Every day Mark would ride 1 was long but allowed Mark to read the newspaper in the morning and relax at night. Mark was a teacher who taught at an elementary school in the city.  He liked teaching because he could call the summers his own.  Country living had its problems however.  Mark had left all his friends behind in the city and he had no neighbors out in the country.  One warm summer day, Mark was out working in his garden.  He had done all of the planting and he needed to do some weeding.  Mark was happy to see the progress.  He was 2 was ripe.  Mark decided to have a few ears of the corn with his lunch.  Mark was heading for the house when he saw a friend from the city pull in the driveway.  Mark was excited to see his friend.  He set up some chairs on the porch and told his friend about his new home.  He said he missed the city but really loved living in the country.  Mark's friend asked him 3",12.txt,1.0,"The generated answer provides the correct mode of transportation ('train'), adding introductory words ('He rode the') that do not detract from the factual correctness of the answer compared to the target answer.",True,train
study3,D,12,12,2,2,What did Mark pick from the garden?,Corn.,"Mark had grown up in the city but he had always wanted to live in the country with lots of land and a large garden.  The first opportunity he had, he packed up his belongings and bought a house in the country.  Every day Mark would ride 1 was long but allowed Mark to read the newspaper in the morning and relax at night. Mark was a teacher who taught at an elementary school in the city.  He liked teaching because he could call the summers his own.  Country living had its problems however.  Mark had left all his friends behind in the city and he had no neighbors out in the country.  One warm summer day, Mark was out working in his garden.  He had done all of the planting and he needed to do some weeding.  Mark was happy to see the progress.  He was 2 was ripe.  Mark decided to have a few ears of the corn with his lunch.  Mark was heading for the house when he saw a friend from the city pull in the driveway.  Mark was excited to see his friend.  He set up some chairs on the porch and told his friend about his new home.  He said he missed the city but really loved living in the country.  Mark's friend asked him 3",12.txt,1.0,"The generated answer ('Corn') is a direct, accurate match to the correct answer ('corn'), ignoring capitalization.",True,corn
study3,A,13,13,1,1,What did the hijacker carry on the plane?,A large book,"As the five-thirty flight was leaving the ground, Diane was walking the aisles serving the passengers their drinks. Just as she was about to hand one man his drink, she was grabbed from behind by a young man.  He told Diane he wanted to hijack the plane.  Diane recognized the hijacker.  She remembered that he was the last passenger to board.  Diane remembered 1 She remembered thinking he probably stopped to buy the book and almost missed the flight.  Now he was holding her tightly and demanding to speak with the pilot. Diane told everyone to be calm and no one would get hurt.  Diane took the hijacker to the pilot.  The hijacker squeezed her arm and told her not to say a word.  He told the pilot that he wanted to go to Cuba.  Diane knew the pilot would agree to do anything that the hijacker wanted. Diane realized he needed to ensure the safety of his passengers and crew.  He asked the hijacker to release Diane so she could calm the passengers.  Diane knew the passengers would be upset.  She told them that the hijacker wanted to go to Cuba.  She said nobody would get hurt if everyone stayed calm.  As she was talking, 2 hijacker's seat.  However, she decided not to touch the radio.  By the time the plane landed in Cuba, Diane had calmed the passengers.  When the hijacker left the plane, Diane told the passengers that they were no longer in danger.  The hijacker was arrested by waiting Cuban authorities and the plane took off for Miami.  Diane met several F.B.I. agents in Miami.  The agents wanted to talk with her about the hijacking.  They questioned her for hours.  They were very interested in knowing what the hijacker 3",13.txt,0.0,"The generated answer uses different capitalization ('A large book') than the correct answer ('a large book'), resulting in a non-exact match.",False,a large book
study3,A,13,13,2,2,What had the hijacker put under his seat?,A radio,"As the five-thirty flight was leaving the ground, Diane was walking the aisles serving the passengers their drinks. Just as she was about to hand one man his drink, she was grabbed from behind by a young man.  He told Diane he wanted to hijack the plane.  Diane recognized the hijacker.  She remembered that he was the last passenger to board.  Diane remembered 1 She remembered thinking he probably stopped to buy the book and almost missed the flight.  Now he was holding her tightly and demanding to speak with the pilot. Diane told everyone to be calm and no one would get hurt.  Diane took the hijacker to the pilot.  The hijacker squeezed her arm and told her not to say a word.  He told the pilot that he wanted to go to Cuba.  Diane knew the pilot would agree to do anything that the hijacker wanted. Diane realized he needed to ensure the safety of his passengers and crew.  He asked the hijacker to release Diane so she could calm the passengers.  Diane knew the passengers would be upset.  She told them that the hijacker wanted to go to Cuba.  She said nobody would get hurt if everyone stayed calm.  As she was talking, 2 hijacker's seat.  However, she decided not to touch the radio.  By the time the plane landed in Cuba, Diane had calmed the passengers.  When the hijacker left the plane, Diane told the passengers that they were no longer in danger.  The hijacker was arrested by waiting Cuban authorities and the plane took off for Miami.  Diane met several F.B.I. agents in Miami.  The agents wanted to talk with her about the hijacking.  They questioned her for hours.  They were very interested in knowing what the hijacker 3",13.txt,1.0,The generated answer correctly identifies the item as 'radio'. The addition of the indefinite article ('A') is acceptable as the core answer matches.,True,radio
study3,B,13,13,1,1,What did the hijacker carry on the plane?,A large book,"As the five-thirty flight was leaving the ground, Diane was walking the aisles serving the passengers their drinks. Just as she was about to hand one man his drink, she was grabbed from behind by a young man.  He told Diane he wanted to hijack the plane.  Diane recognized the hijacker.  She remembered that he was the last passenger to board.  Diane remembered 1 She remembered thinking he probably stopped to buy the book and almost missed the flight.  Now he was holding her tightly and demanding to speak with the pilot. Diane told everyone to be calm and no one would get hurt.  Diane took the hijacker to the pilot.  The hijacker squeezed her arm and told her not to say a word.  He told the pilot that he wanted to go to Cuba.  Diane knew the pilot would agree to do anything that the hijacker wanted. Diane realized he needed to ensure the safety of his passengers and crew.  He asked the hijacker to release Diane so she could calm the passengers.  Diane knew the passengers would be upset.  She told them that the hijacker wanted to go to Cuba.  She said nobody would get hurt if everyone stayed calm.  As she was talking, 2 hijacker's seat.  However, she decided not to touch the radio.  By the time the plane landed in Cuba, Diane had calmed the passengers.  When the hijacker left the plane, Diane told the passengers that they were no longer in danger.  The hijacker was arrested by waiting Cuban authorities and the plane took off for Miami.  Diane met several F.B.I. agents in Miami.  The agents wanted to talk with her about the hijacking.  They questioned her for hours.  They were very interested in knowing what the hijacker 3",13.txt,1.0,The generated answer 'A large book' is semantically identical to the correct answer 'a large book'. Differences in capitalization or definite/indefinite articles are acceptable for a match.,True,a large book
study3,B,13,13,2,2,What had the hijacker put under his seat?,A radio,"As the five-thirty flight was leaving the ground, Diane was walking the aisles serving the passengers their drinks. Just as she was about to hand one man his drink, she was grabbed from behind by a young man.  He told Diane he wanted to hijack the plane.  Diane recognized the hijacker.  She remembered that he was the last passenger to board.  Diane remembered 1 She remembered thinking he probably stopped to buy the book and almost missed the flight.  Now he was holding her tightly and demanding to speak with the pilot. Diane told everyone to be calm and no one would get hurt.  Diane took the hijacker to the pilot.  The hijacker squeezed her arm and told her not to say a word.  He told the pilot that he wanted to go to Cuba.  Diane knew the pilot would agree to do anything that the hijacker wanted. Diane realized he needed to ensure the safety of his passengers and crew.  He asked the hijacker to release Diane so she could calm the passengers.  Diane knew the passengers would be upset.  She told them that the hijacker wanted to go to Cuba.  She said nobody would get hurt if everyone stayed calm.  As she was talking, 2 hijacker's seat.  However, she decided not to touch the radio.  By the time the plane landed in Cuba, Diane had calmed the passengers.  When the hijacker left the plane, Diane told the passengers that they were no longer in danger.  The hijacker was arrested by waiting Cuban authorities and the plane took off for Miami.  Diane met several F.B.I. agents in Miami.  The agents wanted to talk with her about the hijacking.  They questioned her for hours.  They were very interested in knowing what the hijacker 3",13.txt,1.0,"The generated answer 'A radio' is a perfect match for the correct answer 'radio', differing only by the inclusion of the article 'A'.",True,radio
study3,C,13,13,1,1,What did the hijacker carry on the plane?,A large book,"As the five-thirty flight was leaving the ground, Diane was walking the aisles serving the passengers their drinks. Just as she was about to hand one man his drink, she was grabbed from behind by a young man.  He told Diane he wanted to hijack the plane.  Diane recognized the hijacker.  She remembered that he was the last passenger to board.  Diane remembered 1 She remembered thinking he probably stopped to buy the book and almost missed the flight.  Now he was holding her tightly and demanding to speak with the pilot. Diane told everyone to be calm and no one would get hurt.  Diane took the hijacker to the pilot.  The hijacker squeezed her arm and told her not to say a word.  He told the pilot that he wanted to go to Cuba.  Diane knew the pilot would agree to do anything that the hijacker wanted. Diane realized he needed to ensure the safety of his passengers and crew.  He asked the hijacker to release Diane so she could calm the passengers.  Diane knew the passengers would be upset.  She told them that the hijacker wanted to go to Cuba.  She said nobody would get hurt if everyone stayed calm.  As she was talking, 2 hijacker's seat.  However, she decided not to touch the radio.  By the time the plane landed in Cuba, Diane had calmed the passengers.  When the hijacker left the plane, Diane told the passengers that they were no longer in danger.  The hijacker was arrested by waiting Cuban authorities and the plane took off for Miami.  Diane met several F.B.I. agents in Miami.  The agents wanted to talk with her about the hijacking.  They questioned her for hours.  They were very interested in knowing what the hijacker 3",13.txt,1.0,"The generated answer, ""A large book,"" is substantively identical to the correct answer, ""a large book,"" differing only in capitalization.",True,a large book
study3,C,13,13,2,2,What had the hijacker put under his seat?,A radio,"As the five-thirty flight was leaving the ground, Diane was walking the aisles serving the passengers their drinks. Just as she was about to hand one man his drink, she was grabbed from behind by a young man.  He told Diane he wanted to hijack the plane.  Diane recognized the hijacker.  She remembered that he was the last passenger to board.  Diane remembered 1 She remembered thinking he probably stopped to buy the book and almost missed the flight.  Now he was holding her tightly and demanding to speak with the pilot. Diane told everyone to be calm and no one would get hurt.  Diane took the hijacker to the pilot.  The hijacker squeezed her arm and told her not to say a word.  He told the pilot that he wanted to go to Cuba.  Diane knew the pilot would agree to do anything that the hijacker wanted. Diane realized he needed to ensure the safety of his passengers and crew.  He asked the hijacker to release Diane so she could calm the passengers.  Diane knew the passengers would be upset.  She told them that the hijacker wanted to go to Cuba.  She said nobody would get hurt if everyone stayed calm.  As she was talking, 2 hijacker's seat.  However, she decided not to touch the radio.  By the time the plane landed in Cuba, Diane had calmed the passengers.  When the hijacker left the plane, Diane told the passengers that they were no longer in danger.  The hijacker was arrested by waiting Cuban authorities and the plane took off for Miami.  Diane met several F.B.I. agents in Miami.  The agents wanted to talk with her about the hijacking.  They questioned her for hours.  They were very interested in knowing what the hijacker 3",13.txt,1.0,"The generated answer, ""A radio,"" is functionally equivalent to the correct answer, ""radio."" The inclusion of the indefinite article does not change the meaning or correctness of the answer.",True,radio
study3,D,13,13,1,1,What did the hijacker carry on the plane?,A large book,"As the five-thirty flight was leaving the ground, Diane was walking the aisles serving the passengers their drinks. Just as she was about to hand one man his drink, she was grabbed from behind by a young man.  He told Diane he wanted to hijack the plane.  Diane recognized the hijacker.  She remembered that he was the last passenger to board.  Diane remembered 1 She remembered thinking he probably stopped to buy the book and almost missed the flight.  Now he was holding her tightly and demanding to speak with the pilot. Diane told everyone to be calm and no one would get hurt.  Diane took the hijacker to the pilot.  The hijacker squeezed her arm and told her not to say a word.  He told the pilot that he wanted to go to Cuba.  Diane knew the pilot would agree to do anything that the hijacker wanted. Diane realized he needed to ensure the safety of his passengers and crew.  He asked the hijacker to release Diane so she could calm the passengers.  Diane knew the passengers would be upset.  She told them that the hijacker wanted to go to Cuba.  She said nobody would get hurt if everyone stayed calm.  As she was talking, 2 hijacker's seat.  However, she decided not to touch the radio.  By the time the plane landed in Cuba, Diane had calmed the passengers.  When the hijacker left the plane, Diane told the passengers that they were no longer in danger.  The hijacker was arrested by waiting Cuban authorities and the plane took off for Miami.  Diane met several F.B.I. agents in Miami.  The agents wanted to talk with her about the hijacking.  They questioned her for hours.  They were very interested in knowing what the hijacker 3",13.txt,1.0,"The generated answer, 'A large book,' is factually and semantically identical to the correct answer, 'a large book.' The difference in capitalization and the use of the indefinite article does not change the meaning.",True,a large book
study3,D,13,13,2,2,What had the hijacker put under his seat?,A radio,"As the five-thirty flight was leaving the ground, Diane was walking the aisles serving the passengers their drinks. Just as she was about to hand one man his drink, she was grabbed from behind by a young man.  He told Diane he wanted to hijack the plane.  Diane recognized the hijacker.  She remembered that he was the last passenger to board.  Diane remembered 1 She remembered thinking he probably stopped to buy the book and almost missed the flight.  Now he was holding her tightly and demanding to speak with the pilot. Diane told everyone to be calm and no one would get hurt.  Diane took the hijacker to the pilot.  The hijacker squeezed her arm and told her not to say a word.  He told the pilot that he wanted to go to Cuba.  Diane knew the pilot would agree to do anything that the hijacker wanted. Diane realized he needed to ensure the safety of his passengers and crew.  He asked the hijacker to release Diane so she could calm the passengers.  Diane knew the passengers would be upset.  She told them that the hijacker wanted to go to Cuba.  She said nobody would get hurt if everyone stayed calm.  As she was talking, 2 hijacker's seat.  However, she decided not to touch the radio.  By the time the plane landed in Cuba, Diane had calmed the passengers.  When the hijacker left the plane, Diane told the passengers that they were no longer in danger.  The hijacker was arrested by waiting Cuban authorities and the plane took off for Miami.  Diane met several F.B.I. agents in Miami.  The agents wanted to talk with her about the hijacking.  They questioned her for hours.  They were very interested in knowing what the hijacker 3",13.txt,1.0,"The generated answer, 'A radio,' accurately names the item specified in the correct answer, 'radio.' The inclusion of the indefinite article does not affect correctness.",True,radio
study3,A,14,14,1,1,What broke the window?,The ladder,"David had just bought his first house in a small town near his new job.  Since he didn't have much money, he had to buy a house that was still unfinished.  Every weekend, he worked around the house and yard.  One weekend David called his friend Tom to help him paint the house. He was afraid he wouldn't finish the front of the house before the cold 1 David lost his footing and fell, causing the ladder to fall and break a window. David decided to leave the window and start painting.  David and Tom worked all day on the front of the house.  David figured that if the weather was good, he could finish painting before winter came and then he could work on the inside during the winter.  David and Tom were working fast and furiously to finish. David decided not to stop for lunch. He continued painting while he ate a quick sandwich.  By four o'clock, David had finished the front of the house and he became confident that he would finish the whole house before winter.  David decided to quit for the day so he and Tom cleaned up.  Tom started cleaning the brushes 2 put away the paint.  The basement was quite damp, a problem David planned to fix after he finished the rest of the house.  Just then, David's wife came outside.  She stopped and gave a long approving look at the house. She told Tom it looked great and stepped back to get a better view.  She really liked the color of the paint.  She asked Tom 3",14.txt,1.0,The generated answer 'The ladder' matches the essence of the correct answer 'ladder'. The addition of the definite article does not diminish the correctness.,True,ladder
study3,A,14,14,2,2,Where had David gone to?,The basement,"David had just bought his first house in a small town near his new job.  Since he didn't have much money, he had to buy a house that was still unfinished.  Every weekend, he worked around the house and yard.  One weekend David called his friend Tom to help him paint the house. He was afraid he wouldn't finish the front of the house before the cold 1 David lost his footing and fell, causing the ladder to fall and break a window. David decided to leave the window and start painting.  David and Tom worked all day on the front of the house.  David figured that if the weather was good, he could finish painting before winter came and then he could work on the inside during the winter.  David and Tom were working fast and furiously to finish. David decided not to stop for lunch. He continued painting while he ate a quick sandwich.  By four o'clock, David had finished the front of the house and he became confident that he would finish the whole house before winter.  David decided to quit for the day so he and Tom cleaned up.  Tom started cleaning the brushes 2 put away the paint.  The basement was quite damp, a problem David planned to fix after he finished the rest of the house.  Just then, David's wife came outside.  She stopped and gave a long approving look at the house. She told Tom it looked great and stepped back to get a better view.  She really liked the color of the paint.  She asked Tom 3",14.txt,1.0,The generated answer 'The basement' matches the provided correct answer 'basement'.,True,basement
study3,B,14,14,1,1,What broke the window?,The ladder,"David had just bought his first house in a small town near his new job.  Since he didn't have much money, he had to buy a house that was still unfinished.  Every weekend, he worked around the house and yard.  One weekend David called his friend Tom to help him paint the house. He was afraid he wouldn't finish the front of the house before the cold 1 David lost his footing and fell, causing the ladder to fall and break a window. David decided to leave the window and start painting.  David and Tom worked all day on the front of the house.  David figured that if the weather was good, he could finish painting before winter came and then he could work on the inside during the winter.  David and Tom were working fast and furiously to finish. David decided not to stop for lunch. He continued painting while he ate a quick sandwich.  By four o'clock, David had finished the front of the house and he became confident that he would finish the whole house before winter.  David decided to quit for the day so he and Tom cleaned up.  Tom started cleaning the brushes 2 put away the paint.  The basement was quite damp, a problem David planned to fix after he finished the rest of the house.  Just then, David's wife came outside.  She stopped and gave a long approving look at the house. She told Tom it looked great and stepped back to get a better view.  She really liked the color of the paint.  She asked Tom 3",14.txt,1.0,The generated answer 'The ladder' matches the correct answer 'ladder'. The inclusion of the definite article 'The' does not change the meaning or result in an incorrect response.,True,ladder
study3,B,14,14,2,2,Where had David gone to?,The basement,"David had just bought his first house in a small town near his new job.  Since he didn't have much money, he had to buy a house that was still unfinished.  Every weekend, he worked around the house and yard.  One weekend David called his friend Tom to help him paint the house. He was afraid he wouldn't finish the front of the house before the cold 1 David lost his footing and fell, causing the ladder to fall and break a window. David decided to leave the window and start painting.  David and Tom worked all day on the front of the house.  David figured that if the weather was good, he could finish painting before winter came and then he could work on the inside during the winter.  David and Tom were working fast and furiously to finish. David decided not to stop for lunch. He continued painting while he ate a quick sandwich.  By four o'clock, David had finished the front of the house and he became confident that he would finish the whole house before winter.  David decided to quit for the day so he and Tom cleaned up.  Tom started cleaning the brushes 2 put away the paint.  The basement was quite damp, a problem David planned to fix after he finished the rest of the house.  Just then, David's wife came outside.  She stopped and gave a long approving look at the house. She told Tom it looked great and stepped back to get a better view.  She really liked the color of the paint.  She asked Tom 3",14.txt,1.0,The generated answer 'The basement' matches the correct answer 'basement'. The inclusion of the definite article 'The' does not change the meaning or result in an incorrect response.,True,basement
study3,C,14,14,1,1,What broke the window?,A ladder,"David had just bought his first house in a small town near his new job.  Since he didn't have much money, he had to buy a house that was still unfinished.  Every weekend, he worked around the house and yard.  One weekend David called his friend Tom to help him paint the house. He was afraid he wouldn't finish the front of the house before the cold 1 David lost his footing and fell, causing the ladder to fall and break a window. David decided to leave the window and start painting.  David and Tom worked all day on the front of the house.  David figured that if the weather was good, he could finish painting before winter came and then he could work on the inside during the winter.  David and Tom were working fast and furiously to finish. David decided not to stop for lunch. He continued painting while he ate a quick sandwich.  By four o'clock, David had finished the front of the house and he became confident that he would finish the whole house before winter.  David decided to quit for the day so he and Tom cleaned up.  Tom started cleaning the brushes 2 put away the paint.  The basement was quite damp, a problem David planned to fix after he finished the rest of the house.  Just then, David's wife came outside.  She stopped and gave a long approving look at the house. She told Tom it looked great and stepped back to get a better view.  She really liked the color of the paint.  She asked Tom 3",14.txt,1.0,"The generated answer 'A ladder' correctly identifies the object that broke the window, matching the content of the correct answer 'ladder'. The use of the indefinite article does not detract from accuracy.",True,ladder
study3,C,14,14,2,2,Where had David gone to?,The basement,"David had just bought his first house in a small town near his new job.  Since he didn't have much money, he had to buy a house that was still unfinished.  Every weekend, he worked around the house and yard.  One weekend David called his friend Tom to help him paint the house. He was afraid he wouldn't finish the front of the house before the cold 1 David lost his footing and fell, causing the ladder to fall and break a window. David decided to leave the window and start painting.  David and Tom worked all day on the front of the house.  David figured that if the weather was good, he could finish painting before winter came and then he could work on the inside during the winter.  David and Tom were working fast and furiously to finish. David decided not to stop for lunch. He continued painting while he ate a quick sandwich.  By four o'clock, David had finished the front of the house and he became confident that he would finish the whole house before winter.  David decided to quit for the day so he and Tom cleaned up.  Tom started cleaning the brushes 2 put away the paint.  The basement was quite damp, a problem David planned to fix after he finished the rest of the house.  Just then, David's wife came outside.  She stopped and gave a long approving look at the house. She told Tom it looked great and stepped back to get a better view.  She really liked the color of the paint.  She asked Tom 3",14.txt,1.0,The generated answer 'The basement' matches the core content of the correct answer 'basement'. The difference in articles ('The' vs. no article) is a negligible difference in reading comprehension evaluation.,True,basement
study3,D,14,14,1,1,What broke the window?,The ladder,"David had just bought his first house in a small town near his new job.  Since he didn't have much money, he had to buy a house that was still unfinished.  Every weekend, he worked around the house and yard.  One weekend David called his friend Tom to help him paint the house. He was afraid he wouldn't finish the front of the house before the cold 1 David lost his footing and fell, causing the ladder to fall and break a window. David decided to leave the window and start painting.  David and Tom worked all day on the front of the house.  David figured that if the weather was good, he could finish painting before winter came and then he could work on the inside during the winter.  David and Tom were working fast and furiously to finish. David decided not to stop for lunch. He continued painting while he ate a quick sandwich.  By four o'clock, David had finished the front of the house and he became confident that he would finish the whole house before winter.  David decided to quit for the day so he and Tom cleaned up.  Tom started cleaning the brushes 2 put away the paint.  The basement was quite damp, a problem David planned to fix after he finished the rest of the house.  Just then, David's wife came outside.  She stopped and gave a long approving look at the house. She told Tom it looked great and stepped back to get a better view.  She really liked the color of the paint.  She asked Tom 3",14.txt,1.0,"The generated answer, 'The ladder,' accurately identifies the object ('ladder') specified in the correct answer. The addition of the definite article 'The' does not change the correctness of the response.",True,ladder
study3,D,14,14,2,2,Where had David gone to?,The basement,"David had just bought his first house in a small town near his new job.  Since he didn't have much money, he had to buy a house that was still unfinished.  Every weekend, he worked around the house and yard.  One weekend David called his friend Tom to help him paint the house. He was afraid he wouldn't finish the front of the house before the cold 1 David lost his footing and fell, causing the ladder to fall and break a window. David decided to leave the window and start painting.  David and Tom worked all day on the front of the house.  David figured that if the weather was good, he could finish painting before winter came and then he could work on the inside during the winter.  David and Tom were working fast and furiously to finish. David decided not to stop for lunch. He continued painting while he ate a quick sandwich.  By four o'clock, David had finished the front of the house and he became confident that he would finish the whole house before winter.  David decided to quit for the day so he and Tom cleaned up.  Tom started cleaning the brushes 2 put away the paint.  The basement was quite damp, a problem David planned to fix after he finished the rest of the house.  Just then, David's wife came outside.  She stopped and gave a long approving look at the house. She told Tom it looked great and stepped back to get a better view.  She really liked the color of the paint.  She asked Tom 3",14.txt,1.0,"The generated answer, 'The basement,' accurately identifies the location ('basement') specified in the correct answer. The addition of the definite article 'The' does not change the correctness of the response.",True,basement
study3,A,15,15,1,1,What burned in the building?,A boat.,"Steve thought that working at the fire department had been easy but lately, he noticed a rash of fires had been plaguing the town.  Mostly, the fires were empty buildings and summer cottages down by the lake.  One night, Steve spotted some smoke down by the lake.  By the time he got there, a building was fully engulfed in flames.  He was too late to save the building and as the walls began to fall 1 Unfortunately, he couldn't save the boat either.  By sunrise, Steve saw nothing left but some smoking embers and some smoldering beams.  He poked around in the remains of the building to make sure there was no chance of the fire starting to burn again.  Steve knew it had been a very dry autumn this year and any stray spark would probably start a fire that would burn up a good portion of the forest around the lake if it was uncontainable.  The police had also asked Steve to look around for arson clues. Steve thought the fire was suspicious and had wanted to investigate.  He wanted to catch the arsonist and end the rash of fires before somebody got killed.  When Steve saw that the embers had cooled, he began digging around in the ashes. Unfortunately, he wasn't having much success.  He was able to find an old 2 was important.  By mid-morning, Steve decided the fire was sufficiently out so that he could return to the fire station. He was more than happy to go back. Having worked all night, he was cold, tired, and especially hungry.  Steve decided to cook some pancakes.  While cooking, one of his buddies asked him 3",15.txt,1.0,"The generated answer 'A boat.' accurately identifies the object that burned, matching the correct answer 'boat'. The addition of the article 'A' is acceptable.",True,boat
study3,A,15,15,2,2,What did Steve find in the ashes?,An old glove.,"Steve thought that working at the fire department had been easy but lately, he noticed a rash of fires had been plaguing the town.  Mostly, the fires were empty buildings and summer cottages down by the lake.  One night, Steve spotted some smoke down by the lake.  By the time he got there, a building was fully engulfed in flames.  He was too late to save the building and as the walls began to fall 1 Unfortunately, he couldn't save the boat either.  By sunrise, Steve saw nothing left but some smoking embers and some smoldering beams.  He poked around in the remains of the building to make sure there was no chance of the fire starting to burn again.  Steve knew it had been a very dry autumn this year and any stray spark would probably start a fire that would burn up a good portion of the forest around the lake if it was uncontainable.  The police had also asked Steve to look around for arson clues. Steve thought the fire was suspicious and had wanted to investigate.  He wanted to catch the arsonist and end the rash of fires before somebody got killed.  When Steve saw that the embers had cooled, he began digging around in the ashes. Unfortunately, he wasn't having much success.  He was able to find an old 2 was important.  By mid-morning, Steve decided the fire was sufficiently out so that he could return to the fire station. He was more than happy to go back. Having worked all night, he was cold, tired, and especially hungry.  Steve decided to cook some pancakes.  While cooking, one of his buddies asked him 3",15.txt,1.0,"The generated answer 'An old glove.' correctly identifies the item found ('glove'), matching the correct answer. The addition of the article and adjective ('An old') does not invalidate the core answer.",True,glove
study3,B,15,15,1,1,What burned in the building?,A boat,"Steve thought that working at the fire department had been easy but lately, he noticed a rash of fires had been plaguing the town.  Mostly, the fires were empty buildings and summer cottages down by the lake.  One night, Steve spotted some smoke down by the lake.  By the time he got there, a building was fully engulfed in flames.  He was too late to save the building and as the walls began to fall 1 Unfortunately, he couldn't save the boat either.  By sunrise, Steve saw nothing left but some smoking embers and some smoldering beams.  He poked around in the remains of the building to make sure there was no chance of the fire starting to burn again.  Steve knew it had been a very dry autumn this year and any stray spark would probably start a fire that would burn up a good portion of the forest around the lake if it was uncontainable.  The police had also asked Steve to look around for arson clues. Steve thought the fire was suspicious and had wanted to investigate.  He wanted to catch the arsonist and end the rash of fires before somebody got killed.  When Steve saw that the embers had cooled, he began digging around in the ashes. Unfortunately, he wasn't having much success.  He was able to find an old 2 was important.  By mid-morning, Steve decided the fire was sufficiently out so that he could return to the fire station. He was more than happy to go back. Having worked all night, he was cold, tired, and especially hungry.  Steve decided to cook some pancakes.  While cooking, one of his buddies asked him 3",15.txt,1.0,"The generated answer 'A boat' correctly identifies the item that burned, matching the required correct answer 'boat'. The inclusion of the article 'A' does not affect correctness.",True,boat
study3,B,15,15,2,2,What did Steve find in the ashes?,An old glove,"Steve thought that working at the fire department had been easy but lately, he noticed a rash of fires had been plaguing the town.  Mostly, the fires were empty buildings and summer cottages down by the lake.  One night, Steve spotted some smoke down by the lake.  By the time he got there, a building was fully engulfed in flames.  He was too late to save the building and as the walls began to fall 1 Unfortunately, he couldn't save the boat either.  By sunrise, Steve saw nothing left but some smoking embers and some smoldering beams.  He poked around in the remains of the building to make sure there was no chance of the fire starting to burn again.  Steve knew it had been a very dry autumn this year and any stray spark would probably start a fire that would burn up a good portion of the forest around the lake if it was uncontainable.  The police had also asked Steve to look around for arson clues. Steve thought the fire was suspicious and had wanted to investigate.  He wanted to catch the arsonist and end the rash of fires before somebody got killed.  When Steve saw that the embers had cooled, he began digging around in the ashes. Unfortunately, he wasn't having much success.  He was able to find an old 2 was important.  By mid-morning, Steve decided the fire was sufficiently out so that he could return to the fire station. He was more than happy to go back. Having worked all night, he was cold, tired, and especially hungry.  Steve decided to cook some pancakes.  While cooking, one of his buddies asked him 3",15.txt,1.0,The generated answer 'An old glove' matches the core entity 'glove' provided in the correct answer. The inclusion of the descriptive adjective 'old' does not invalidate the match.,True,glove
study3,C,15,15,1,1,What burned in the building?,A boat.,"Steve thought that working at the fire department had been easy but lately, he noticed a rash of fires had been plaguing the town.  Mostly, the fires were empty buildings and summer cottages down by the lake.  One night, Steve spotted some smoke down by the lake.  By the time he got there, a building was fully engulfed in flames.  He was too late to save the building and as the walls began to fall 1 Unfortunately, he couldn't save the boat either.  By sunrise, Steve saw nothing left but some smoking embers and some smoldering beams.  He poked around in the remains of the building to make sure there was no chance of the fire starting to burn again.  Steve knew it had been a very dry autumn this year and any stray spark would probably start a fire that would burn up a good portion of the forest around the lake if it was uncontainable.  The police had also asked Steve to look around for arson clues. Steve thought the fire was suspicious and had wanted to investigate.  He wanted to catch the arsonist and end the rash of fires before somebody got killed.  When Steve saw that the embers had cooled, he began digging around in the ashes. Unfortunately, he wasn't having much success.  He was able to find an old 2 was important.  By mid-morning, Steve decided the fire was sufficiently out so that he could return to the fire station. He was more than happy to go back. Having worked all night, he was cold, tired, and especially hungry.  Steve decided to cook some pancakes.  While cooking, one of his buddies asked him 3",15.txt,1.0,The generated answer 'A boat' accurately identifies the item that burned and is functionally identical to the correct answer 'boat'.,True,boat
study3,C,15,15,2,2,What did Steve find in the ashes?,An old glove.,"Steve thought that working at the fire department had been easy but lately, he noticed a rash of fires had been plaguing the town.  Mostly, the fires were empty buildings and summer cottages down by the lake.  One night, Steve spotted some smoke down by the lake.  By the time he got there, a building was fully engulfed in flames.  He was too late to save the building and as the walls began to fall 1 Unfortunately, he couldn't save the boat either.  By sunrise, Steve saw nothing left but some smoking embers and some smoldering beams.  He poked around in the remains of the building to make sure there was no chance of the fire starting to burn again.  Steve knew it had been a very dry autumn this year and any stray spark would probably start a fire that would burn up a good portion of the forest around the lake if it was uncontainable.  The police had also asked Steve to look around for arson clues. Steve thought the fire was suspicious and had wanted to investigate.  He wanted to catch the arsonist and end the rash of fires before somebody got killed.  When Steve saw that the embers had cooled, he began digging around in the ashes. Unfortunately, he wasn't having much success.  He was able to find an old 2 was important.  By mid-morning, Steve decided the fire was sufficiently out so that he could return to the fire station. He was more than happy to go back. Having worked all night, he was cold, tired, and especially hungry.  Steve decided to cook some pancakes.  While cooking, one of his buddies asked him 3",15.txt,1.0,"The generated answer 'An old glove' correctly identifies the 'glove', which is the required core information. The addition of the adjective 'old' is acceptable.",True,glove
study3,D,15,15,1,1,What burned in the building?,A boat,"Steve thought that working at the fire department had been easy but lately, he noticed a rash of fires had been plaguing the town.  Mostly, the fires were empty buildings and summer cottages down by the lake.  One night, Steve spotted some smoke down by the lake.  By the time he got there, a building was fully engulfed in flames.  He was too late to save the building and as the walls began to fall 1 Unfortunately, he couldn't save the boat either.  By sunrise, Steve saw nothing left but some smoking embers and some smoldering beams.  He poked around in the remains of the building to make sure there was no chance of the fire starting to burn again.  Steve knew it had been a very dry autumn this year and any stray spark would probably start a fire that would burn up a good portion of the forest around the lake if it was uncontainable.  The police had also asked Steve to look around for arson clues. Steve thought the fire was suspicious and had wanted to investigate.  He wanted to catch the arsonist and end the rash of fires before somebody got killed.  When Steve saw that the embers had cooled, he began digging around in the ashes. Unfortunately, he wasn't having much success.  He was able to find an old 2 was important.  By mid-morning, Steve decided the fire was sufficiently out so that he could return to the fire station. He was more than happy to go back. Having worked all night, he was cold, tired, and especially hungry.  Steve decided to cook some pancakes.  While cooking, one of his buddies asked him 3",15.txt,1.0,The generated answer 'A boat' correctly identifies the core factual answer 'boat'. The inclusion of the article 'A' is an acceptable variation.,True,boat
study3,D,15,15,2,2,What did Steve find in the ashes?,An old glove,"Steve thought that working at the fire department had been easy but lately, he noticed a rash of fires had been plaguing the town.  Mostly, the fires were empty buildings and summer cottages down by the lake.  One night, Steve spotted some smoke down by the lake.  By the time he got there, a building was fully engulfed in flames.  He was too late to save the building and as the walls began to fall 1 Unfortunately, he couldn't save the boat either.  By sunrise, Steve saw nothing left but some smoking embers and some smoldering beams.  He poked around in the remains of the building to make sure there was no chance of the fire starting to burn again.  Steve knew it had been a very dry autumn this year and any stray spark would probably start a fire that would burn up a good portion of the forest around the lake if it was uncontainable.  The police had also asked Steve to look around for arson clues. Steve thought the fire was suspicious and had wanted to investigate.  He wanted to catch the arsonist and end the rash of fires before somebody got killed.  When Steve saw that the embers had cooled, he began digging around in the ashes. Unfortunately, he wasn't having much success.  He was able to find an old 2 was important.  By mid-morning, Steve decided the fire was sufficiently out so that he could return to the fire station. He was more than happy to go back. Having worked all night, he was cold, tired, and especially hungry.  Steve decided to cook some pancakes.  While cooking, one of his buddies asked him 3",15.txt,1.0,The generated answer 'An old glove' correctly identifies the core factual answer 'glove'. The addition of the adjective 'old' is an acceptable descriptive variation.,True,glove
study3,A,16,16,1,1,What was the murder weapon?,A knife,"John had been promoted to detective two months ago and he couldn't wait to make his first big arrest.  He knew he would be nervous when a case came to trial because the defense attorney would be trying to discredit his testimony in order to get his client off.  John decided he would only make careful arrests.  Early one night, John responded to a call on Maple street and when he arrived, found a young woman lying on the sidewalk.  He turned her over, saw a pool of blood, and realized she was dead.  John 1 next to the woman.  He thought the knife might have fingerprints.  John called the coroner's office and he attempted to keep the growing crowd away while he waited.  Suddenly, John saw a man break through the crowd and crouch over the woman.  He told John that he was the woman's husband.  John immediately pulled him back from the body and questioned him, wanting to know if he knew anything. John was looking for clues and asked the husband to help him.  He wanted to solve this case and show his boss that he had deserved his recent promotion.  John was being pretty insensitive however. The man had just lost his wife and didn't really want to talk but John kept him around anyway.  Actually, John suspected the husband and didn't want to let him go until he was sure he wasn't guilty.  When 2 had been stolen, he knew the husband was innocent.  The stolen money meant that the case was probably a robbery. John didn't need much time to find a suspect and bring him to trial.  John took the stand knowing the defense attorney would be tough.  He was very nervous but he was also ready for any question.  The defense attorney asked him 3",16.txt,1.0,The generated answer correctly identifies the murder weapon as a 'knife.' The inclusion of the article 'A' does not detract from the correctness of the answer.,True,knife
study3,A,16,16,2,2,What had been stolen?,The woman's money,"John had been promoted to detective two months ago and he couldn't wait to make his first big arrest.  He knew he would be nervous when a case came to trial because the defense attorney would be trying to discredit his testimony in order to get his client off.  John decided he would only make careful arrests.  Early one night, John responded to a call on Maple street and when he arrived, found a young woman lying on the sidewalk.  He turned her over, saw a pool of blood, and realized she was dead.  John 1 next to the woman.  He thought the knife might have fingerprints.  John called the coroner's office and he attempted to keep the growing crowd away while he waited.  Suddenly, John saw a man break through the crowd and crouch over the woman.  He told John that he was the woman's husband.  John immediately pulled him back from the body and questioned him, wanting to know if he knew anything. John was looking for clues and asked the husband to help him.  He wanted to solve this case and show his boss that he had deserved his recent promotion.  John was being pretty insensitive however. The man had just lost his wife and didn't really want to talk but John kept him around anyway.  Actually, John suspected the husband and didn't want to let him go until he was sure he wasn't guilty.  When 2 had been stolen, he knew the husband was innocent.  The stolen money meant that the case was probably a robbery. John didn't need much time to find a suspect and bring him to trial.  John took the stand knowing the defense attorney would be tough.  He was very nervous but he was also ready for any question.  The defense attorney asked him 3",16.txt,1.0,The generated answer correctly identifies the stolen item as 'money.' Adding 'The woman's' provides accurate context but does not alter the essential factual match with the correct answer 'money.',True,money
study3,B,16,16,1,1,What was the murder weapon?,A knife,"John had been promoted to detective two months ago and he couldn't wait to make his first big arrest.  He knew he would be nervous when a case came to trial because the defense attorney would be trying to discredit his testimony in order to get his client off.  John decided he would only make careful arrests.  Early one night, John responded to a call on Maple street and when he arrived, found a young woman lying on the sidewalk.  He turned her over, saw a pool of blood, and realized she was dead.  John 1 next to the woman.  He thought the knife might have fingerprints.  John called the coroner's office and he attempted to keep the growing crowd away while he waited.  Suddenly, John saw a man break through the crowd and crouch over the woman.  He told John that he was the woman's husband.  John immediately pulled him back from the body and questioned him, wanting to know if he knew anything. John was looking for clues and asked the husband to help him.  He wanted to solve this case and show his boss that he had deserved his recent promotion.  John was being pretty insensitive however. The man had just lost his wife and didn't really want to talk but John kept him around anyway.  Actually, John suspected the husband and didn't want to let him go until he was sure he wasn't guilty.  When 2 had been stolen, he knew the husband was innocent.  The stolen money meant that the case was probably a robbery. John didn't need much time to find a suspect and bring him to trial.  John took the stand knowing the defense attorney would be tough.  He was very nervous but he was also ready for any question.  The defense attorney asked him 3",16.txt,1.0,The generated answer 'A knife' correctly identifies the murder weapon. The inclusion of the article 'A' is a minor stylistic difference and does not detract from the factual accuracy of the response.,True,knife
study3,B,16,16,2,2,What had been stolen?,Money,"John had been promoted to detective two months ago and he couldn't wait to make his first big arrest.  He knew he would be nervous when a case came to trial because the defense attorney would be trying to discredit his testimony in order to get his client off.  John decided he would only make careful arrests.  Early one night, John responded to a call on Maple street and when he arrived, found a young woman lying on the sidewalk.  He turned her over, saw a pool of blood, and realized she was dead.  John 1 next to the woman.  He thought the knife might have fingerprints.  John called the coroner's office and he attempted to keep the growing crowd away while he waited.  Suddenly, John saw a man break through the crowd and crouch over the woman.  He told John that he was the woman's husband.  John immediately pulled him back from the body and questioned him, wanting to know if he knew anything. John was looking for clues and asked the husband to help him.  He wanted to solve this case and show his boss that he had deserved his recent promotion.  John was being pretty insensitive however. The man had just lost his wife and didn't really want to talk but John kept him around anyway.  Actually, John suspected the husband and didn't want to let him go until he was sure he wasn't guilty.  When 2 had been stolen, he knew the husband was innocent.  The stolen money meant that the case was probably a robbery. John didn't need much time to find a suspect and bring him to trial.  John took the stand knowing the defense attorney would be tough.  He was very nervous but he was also ready for any question.  The defense attorney asked him 3",16.txt,1.0,The generated answer 'Money' factually matches the correct answer 'money'. Differences in capitalization are disregarded when evaluating the factual content.,True,money
study3,C,16,16,1,1,What was the murder weapon?,A knife,"John had been promoted to detective two months ago and he couldn't wait to make his first big arrest.  He knew he would be nervous when a case came to trial because the defense attorney would be trying to discredit his testimony in order to get his client off.  John decided he would only make careful arrests.  Early one night, John responded to a call on Maple street and when he arrived, found a young woman lying on the sidewalk.  He turned her over, saw a pool of blood, and realized she was dead.  John 1 next to the woman.  He thought the knife might have fingerprints.  John called the coroner's office and he attempted to keep the growing crowd away while he waited.  Suddenly, John saw a man break through the crowd and crouch over the woman.  He told John that he was the woman's husband.  John immediately pulled him back from the body and questioned him, wanting to know if he knew anything. John was looking for clues and asked the husband to help him.  He wanted to solve this case and show his boss that he had deserved his recent promotion.  John was being pretty insensitive however. The man had just lost his wife and didn't really want to talk but John kept him around anyway.  Actually, John suspected the husband and didn't want to let him go until he was sure he wasn't guilty.  When 2 had been stolen, he knew the husband was innocent.  The stolen money meant that the case was probably a robbery. John didn't need much time to find a suspect and bring him to trial.  John took the stand knowing the defense attorney would be tough.  He was very nervous but he was also ready for any question.  The defense attorney asked him 3",16.txt,1.0,"The generated answer ('A knife') contains the core correct information and is considered a match to the correct answer ('knife'), despite the inclusion of the indefinite article.",True,knife
study3,C,16,16,2,2,What had been stolen?,Money,"John had been promoted to detective two months ago and he couldn't wait to make his first big arrest.  He knew he would be nervous when a case came to trial because the defense attorney would be trying to discredit his testimony in order to get his client off.  John decided he would only make careful arrests.  Early one night, John responded to a call on Maple street and when he arrived, found a young woman lying on the sidewalk.  He turned her over, saw a pool of blood, and realized she was dead.  John 1 next to the woman.  He thought the knife might have fingerprints.  John called the coroner's office and he attempted to keep the growing crowd away while he waited.  Suddenly, John saw a man break through the crowd and crouch over the woman.  He told John that he was the woman's husband.  John immediately pulled him back from the body and questioned him, wanting to know if he knew anything. John was looking for clues and asked the husband to help him.  He wanted to solve this case and show his boss that he had deserved his recent promotion.  John was being pretty insensitive however. The man had just lost his wife and didn't really want to talk but John kept him around anyway.  Actually, John suspected the husband and didn't want to let him go until he was sure he wasn't guilty.  When 2 had been stolen, he knew the husband was innocent.  The stolen money meant that the case was probably a robbery. John didn't need much time to find a suspect and bring him to trial.  John took the stand knowing the defense attorney would be tough.  He was very nervous but he was also ready for any question.  The defense attorney asked him 3",16.txt,1.0,"The generated answer ('Money') is identical to the correct answer ('money'), differing only in capitalization.",True,money
study3,D,16,16,1,1,What was the murder weapon?,A knife,"John had been promoted to detective two months ago and he couldn't wait to make his first big arrest.  He knew he would be nervous when a case came to trial because the defense attorney would be trying to discredit his testimony in order to get his client off.  John decided he would only make careful arrests.  Early one night, John responded to a call on Maple street and when he arrived, found a young woman lying on the sidewalk.  He turned her over, saw a pool of blood, and realized she was dead.  John 1 next to the woman.  He thought the knife might have fingerprints.  John called the coroner's office and he attempted to keep the growing crowd away while he waited.  Suddenly, John saw a man break through the crowd and crouch over the woman.  He told John that he was the woman's husband.  John immediately pulled him back from the body and questioned him, wanting to know if he knew anything. John was looking for clues and asked the husband to help him.  He wanted to solve this case and show his boss that he had deserved his recent promotion.  John was being pretty insensitive however. The man had just lost his wife and didn't really want to talk but John kept him around anyway.  Actually, John suspected the husband and didn't want to let him go until he was sure he wasn't guilty.  When 2 had been stolen, he knew the husband was innocent.  The stolen money meant that the case was probably a robbery. John didn't need much time to find a suspect and bring him to trial.  John took the stand knowing the defense attorney would be tough.  He was very nervous but he was also ready for any question.  The defense attorney asked him 3",16.txt,1.0,"The generated answer 'A knife' is semantically identical to the correct answer 'knife', differing only by the presence of the indefinite article.",True,knife
study3,D,16,16,2,2,What had been stolen?,Money,"John had been promoted to detective two months ago and he couldn't wait to make his first big arrest.  He knew he would be nervous when a case came to trial because the defense attorney would be trying to discredit his testimony in order to get his client off.  John decided he would only make careful arrests.  Early one night, John responded to a call on Maple street and when he arrived, found a young woman lying on the sidewalk.  He turned her over, saw a pool of blood, and realized she was dead.  John 1 next to the woman.  He thought the knife might have fingerprints.  John called the coroner's office and he attempted to keep the growing crowd away while he waited.  Suddenly, John saw a man break through the crowd and crouch over the woman.  He told John that he was the woman's husband.  John immediately pulled him back from the body and questioned him, wanting to know if he knew anything. John was looking for clues and asked the husband to help him.  He wanted to solve this case and show his boss that he had deserved his recent promotion.  John was being pretty insensitive however. The man had just lost his wife and didn't really want to talk but John kept him around anyway.  Actually, John suspected the husband and didn't want to let him go until he was sure he wasn't guilty.  When 2 had been stolen, he knew the husband was innocent.  The stolen money meant that the case was probably a robbery. John didn't need much time to find a suspect and bring him to trial.  John took the stand knowing the defense attorney would be tough.  He was very nervous but he was also ready for any question.  The defense attorney asked him 3",16.txt,1.0,The generated answer 'Money' matches the correct answer 'money' exactly (ignoring capitalization).,True,money
