study,version,passage_num,passage_file,passage_text,questions,question_1,question_2,question_3
study2,a,01,p01a.txt,"Sophia straightened her suit, took a deep breath, and entered the hotel's bar, just off the lobby. She took a seat at an empty high-top table. She ordered an amber beer, hoping to calm her nerves. The waitress arrived carrying Sophia's drink as well as an expensive wine. She set Sophia's order on the table and moved on. Before Sophia could even take a sip, her cell phone rang. It was the client calling to confirm their meeting in the lobby of the Madison Hotel. The Madison Hotel? Sophia was sitting in the wrong hotel. The Madison was several miles away! She maintained her composure and assured the client that their meeting together would begin in two hours. Sophia hung up her phone and reviewed her papers for the next hour before she left the hotel. By this time, it was raining heavily outside. Sophia stopped at the drugstore down the block to buy an umbrella. The store was crowded and it took half an hour to complete the purchase. Stepping back onto the street, she decided to walk instead of taking a cab. This would give her time to find her focus. An hour later, Sophia finally arrived at the Madison Hotel. Despite her umbrella, she was soaking wet so she headed to the restroom to freshen up. A half hour later, Sophia walked through the lobby where she saw the client impatiently waiting. He rose from his chair and instantly launched into a list of his complaints. Sophia pasted a smile on her face and found herself wishing for the amber beverage she left back in the bar. She mentally prepared herself for what was sure to be a difficult meeting.","['What amber beverage did Sophia leave back at the bar?', 'What did Sophia do before she left the bar?', 'Where was Sophia supposed to meet the client?']",A $200 bottle of champagne,"Washed my hands, got dressed, and left the bar.",In the lobby.
study2,a,02,p02a.txt,"Everyone squeezed into the family room, anxious to begin the treasure hunt, an annual family tradition. Joshua loved the party atmosphere and could hardly wait for the day's activities. Children pushed and giggled and the adults gossiped until the booming voice of the jolly uncle could be heard over the excited crowd. ""Everyone knows how this works,"" he shouted. ""I've hidden the family trophy. We end today's search at the park next door. Remember, the first one to find it receives the cash prize and bragging rights for a year. Same rules as always! Ready, set... Go!"" A silly cousin pushed past everyone. Joshua's heart fluttered in excitement. The trophy was hidden somewhere in the neighborhood. Joshua wanted to be sure he wouldn't be followed. After a half hour of waiting, he was finally able to leave the house. He crept down several streets. Joshua peeked around a corner, and made his way past several houses. Twenty minutes later, he ducked around a corner when he spotted some cousins in the distance. He hid from them by crouching behind a rock. Thirty minutes later, he ran past several houses, arriving at the yard with the hollow tree. Climbing the fence, he tore his pants in his haste. Joshua walked to the other side, finally reaching the tree. Wrong one. He checked the other trees in the yard, finally coming to the last one several minutes later. Joshua peered inside and discovered the hidden treasure. He took some time to celebrate his victory. Then, Joshua grabbed the trophy and strolled to the park three blocks down. The jolly relative rang a large bell to signal the end of the treasure hunt. Once everyone had gathered in the park, he picked up the excited boy and, holding him high, pronounced Joshua the winner. The family surrounded the boy with their congratulations; the younger ones helping Joshua celebrate his new windfall. Still laughing and talking, the family sat at the picnic table for the celebratory meal.","['What jolly relative announced the winner at the end of the story?', 'Where was the trophy hidden?', 'Where did the treasure hunt take place?']",Joshua.,In a tree.,"The next time Joshua was home, he took the prize he had hidden and hid it in a hollow tree."
study2,a,03,p03a.txt,"Wiping his brow with the kitchen towel, the chef paused for a moment in his preparations to survey the mess he had created. This meal had to be perfect, flawless from the appetizers to the dessert. Not wanting to waste time, he picked up the metal knife and continued to prepare the vegetables for the salad. The timer sounded, signaling that it was time to apply the herb rub to the roast. The chef accidently knocked over some plastic spoons in his hurry to whisk the roast out of the oven. Where did he put those spices? How could he have forgotten something like that on such an important day? He must have left them in his catering van. The chef sat down in the kitchen and rested his head on the counter in discouragement. A half hour later, he roused himself and plodded through the rented hall until he reached the exit. Slowly opening the double doors, he started to walk up San Francisco's steepest hill. He strolled past a florist and a pastry shop, but he still had a mile to go before he reached his van, which was parked at the very top. After thirty minutes of walking, the chef was becoming very tired. He looked downhill, along the tracks, but there was no trolley approaching He continued on his journey. His pace slowed. It was an hour before he finally reached his van. He grabbed the forgotten box of spices and breathed a sigh of relief. The chef could envision how everything would go. He would first combine the spices in a bowl. Then, he would slide the seasoned roast back into the oven. Finally, he would use his metal utensil to complete the preparations. If tonight was successful, he could look forward to an exciting career in the catering business.","['Which metal utensil would the chef use to complete his preparations?', 'Given how long it took to retrieve his spices, should the chef have been so frustrated?', 'Where was the chef when he realized he forgot his spice kit?']",His metal spoon,No.,"He was standing at the kitchen counter in his kitchen, waiting for the roast to finish preparing."
study2,a,05,p05a.txt,"The two girls had never been to the zoo. This trip with their father, Jared, would be the first. The girls endlessly reminded their father that they had to see the fierce lion while they were there. Jared reminded his girls of the other animals they could see such as a shy bear but the girls would not be distracted from their goal. They lumbered around their house as they tried to get ready to go. The girls complained long and hard about brushing their teeth. Twenty minutes later, they finally consented to this chore. After combing their hair, the family was finally ready to leave the house They were already an hour behind schedule! They piled into the family's minivan. Traffic was heavy, and it took another hour to cover the ten miles to the zoo. When they arrived, Jared searched the parking lot. The only parking spot was far from the zoo's entrance. He grabbed his girls by their hands and they slowly made their way to the exhibit. Jumping up and down in excitement, the girls could finally see the fierce animal in its cage in the distance. After the girls had their fill of looking at that exhibit, they smiled with satisfaction. The zoo had been a success.","['What fierce animal did the daughters want to see?', 'How long did it take for the family to arrive at the exhibit?', 'How far away was the exhibit located?']",The lion!,Five hours.,The exhibit was located twenty feet away from the zoo entrance.
study2,a,06,p06a.txt,"The aviation mechanic buried his head in his work rag. He attempted to soak up some of the sweat streaming down his face. He had forgotten a few of his tools, including the one he needed for this repair. He kicked the metal chair. He longed for the days when he was part of a line maintenance crew, making the simple checks and adjustments necessary before take-offs. He threw his sweat-soaked towel on the wooden desk. He was up against a deadline, and he froze with fear. It took him a half hour to calm down. He exited the hangar. He trudged off toward his car in the remote parking lot, where he kept his toolbox. A half hour later, he strolled past the control tower. He paused to dissect last night's game with his friend. They talked for an hour before Sam had to get back to work. The mechanic walked past the main office to pick up his paycheck. This took a half hour because of all of the paperwork. He then made his way past the terminal, getting caught up in the mob of travelers. He continued to his car on the far side of the parking lot. The mechanic opened the trunk and rummaged through his toolbox. It took forever to locate the forgotten tool. Tired and hot, he thought about his problem controlling his temper. He felt foolish for kicking the metal furniture earlier when he was frustrated. Experience had told him that simple mistakes were nothing to get upset about. Problems usually resolved themselves in the end.","['What piece of furniture did the mechanic kick out of frustration?', 'Where did the mechanic find his toolbox?', 'What was the first thing the mechanic did in order to find his toolbox?']",The metal chair.,The mechanic was sitting in the cockpit when he was suddenly overcome with anxiety.,He walked on the road for half an hour.
study2,a,07,p07a.txt,"Jason looked around his high school gymnasium. It was overwhelmed by the large number of booths, each representing a different career. He wanted to pursue a career as a wealthy lawyer, so locating that information table was his top priority. He stepped around the display that encouraged people to explore the possibility of becoming a caring doctor. Jason was grateful for the opportunity to learn more about a variety of jobs. His class requirement was to distribute a minimum of three resumes and participate in interviews today. Jason opened his bag to remove his resumes. He was irritated to realize that he had forgotten them at home. Unfortunately, his home was several miles away. Before leaving, however, Jason spent an hour just wandering around the gymnasium looking at the displays. Frustrated he didn't have his resumes to hand out, he exited the gym and began the long walk home. After a mile, he came to a park. He was hot, and purchased an ice cream cone. He sat on the bench and ate it slowly. Feeling tired, he stretched out and took a nap on the bench. When he awoke, he continued his trip. It took another half hour to walk past the high school with its many athletic fields. He was tired when he finally arrived at his house. He picked through the stack of newspapers on the coffee table. Thirty minutes later, he found his stack of resumes under the papers. Jason was relieved he had the necessary paperwork to start looking into the wealthy career he was interested in. He stuffed the stack of resumes in his bag.","['What wealthy career did Jason wish to pursue?', 'How long did it take Jason to find his resumes?', 'Where did Jason first look for his resumes?']",He wanted to become a wealthy lawyer.,"I don't know for sure, but I would guess between 45 minutes and an hour.",What are your top five sources of resume information?
study2,a,08,p08a.txt,"A soft breeze swirled Tamika's skirt around her ankles. The only sound in the cemetery was the whispering leaves. Tamika wiped a tear from her cheek as she stood by her mother's grave. Her mother's favorite flowers were white roses. Tamika placed a bouquet of them on the grave. Tamika stepped past the purple tulips at the gated entrance. She paused at a bench outside the cemetery. She wasn't in a hurry to leave her hometown. She was meeting her friend for lunch in a neighboring town, but that wasn't for several hours. As usual, Tamika was overwhelmed by emotions and memories. She closed her eyes and began to meditate. When she was completely calm, she exhaled deeply and checked her watch. Two hours had gone by! She crossed the street, got in her car, and set off. At the outskirts of town, she stopped for a cup of coffee. Tamika savored her warm beverage over the next hour. When it was finished, she returned to her car and covered the remaining miles to the next town. The cafe was very busy and Tamika had to wait for a half hour before she was finally seated. Finally, she plopped down in a seat and sighed. Even though it had been a difficult visit, Tamika was happy that she had put the white flowers on the headstone of her mother's grave. She was sure that her mother would enjoy looking down on those beautiful blooms dancing in the breeze.","[""What kind of white flowers did Tamika put on her mother's grave?"", 'How far away was the restaurant where Tamika met her friend for lunch?', 'How long did Tamika have to wait before she was seated at the restaurant?']",White florals.,The restaurant was a block or two away from the cemetery.,About two hours.
study2,a,09,p09a.txt,"Sirens sounded in the distance. The criminal knew the authorities were closing in. He used a rusty hammer to pry open the old basement window. He stepped over the cordless drill on the floor and started to climb out of the window. However, he saw lights so he retreated back inside. He sprinted through the house. The criminal burst through the front door. He knew he was safe from the authorities because the entrance was completely hidden by tall hedges. He paused for a moment, wondering what he could do to evade the law. Logic dictated that he stick to the shadows and proceed at a slow and deliberate pace, to avoid being discovered. The criminal used his common sense and started crawling. It was the only option. After several agonizing hours, he came to a wooded area one mile away. The criminal slowly made his way through the trees. He crawled and crept for another hour. Finally, he came to a park another mile away. Suddenly, he heard sirens. He ducked inside a tube slide to hide. He prayed that his hiding spot wouldn't be discovered. It was too dangerous to travel now, so he settled in for a nap. Waking several hours later, the criminal left his hiding place behind. He crept through the neighborhood until he found a seemingly abandoned house. The sun was beginning to rise as he paused to catch his breath and listen. The criminal decided it was safe to break into the house. He struggled to open a side window. The criminal wished he still had the rusty tool to help him in his efforts. After he got inside, he tiptoed around. When he arrived in the kitchen, his heart sank when he saw two officers waiting to apprehend him.","['What rusty tool did the criminal wish he still had?', 'Where was the criminals new hiding place?', 'Did the police apprehend the criminal in a timely manner?']",A hammer,The basement.,No.
study2,a,10,p10a.txt,"Following the doctor's visit, The tension in the hospital room was palpable. All the parents could hear was the echo of the doctor's diagnosis: their daughter was battling advanced cancer. Life could be so unfair. The patient in the next room only had to combat a pesky flu. The parents were eager to do something to cheer up their daughter. They decided to find something that would make her smile when she woke up. The father remembered the gift store that he and his wife had seen. The father decided to buy their daughter a new teddy bear. His wife asked him to go to the gift store that was several blocks away. She could see that he was emotionally drained, and thought he could use a couple of hours to regain his strength. The father plodded through the 7th floor of the hospital in a state of shock. He waited a long time for the elevator. When he finally got to the lobby, he saw his neighbors holding colorful balloons for his daughter. The father broke the devastating news to the group. It took an hour to answer all of their questions. When he finished, he exited the hospital. He slowly walked the several blocks to the gift store. When he finally arrived, he found the place packed with customers. His purchase took a half hour. As he exited the store, he tucked the teddy bear under his arm and took a deep breath. He knew they could be strong as they fought this advanced disease together as a family. Together, they would make it through this.","['What advanced disease was the daughter battling?', 'Where was the gift store located?', ""What was the first thing the father did when he left his daughter's room?""]",Her malignant tumor (cancer) had spread to her lungs.,The gift store was located on the 7th floor of the hospital.,He bought her a new teddy bear.
study2,a,11,p11a.txt,"The music instructor looked outside. The snow that was falling beyond her window was dense and wet. Running her fingers lovingly over the shabby piano, she sighed. She pushed aside her husband's metal clarinet collection and started to prepare for the day. She was already cold when she struggled into her coat. The music instructor traveled miles every day so she could give students lessons in their homes. Today she dreaded leaving her home. She put her cell phone in her pocket and walked outside. She grabbed the shovel by the door and cleared the driveway. She then started on her ten-mile trip through the elements. She drove carefully to the house of her first student, Anya. It took longer than usual, but at least she arrived safely. Anya's lesson was an hour long, but she was a poor student, and the time passed very slowly. When she finished, she backed out of the driveway and drove three more miles to her next lesson at Amy's house. Amy was a much better student. She made a lot of progress over the next hour with the music instructor's help. The instructor drove two more miles until she reached her final lesson at Jose's house. The hour-long lesson was very frustrating. She returned to her car and started the engine. She was exhausted from the long day. She looked forward to spending the evening in the warmth of her home, her fingers dancing over the shabby instrument that she had always loved. She couldn't wait to ease into a familiar aria, letting her eyes drift closed so she could completely enjoy the music as she played. She hoped that someday one of her students would find the release and comfort that she did when she sat down on the bench.","['What shabby musical instrument did the instructor love playing?', 'Where did the music instructor give her lessons?', 'How many students did the music instructor see today?']",The shabby musical instrument that she loved playing was the piano.,"At the end of each lesson, the instructor would walk the students out to the street and offer a few words of encouragement.",Five.
study2,a,12,p12a.txt,"Jason and Jenna smiled at each other. It was a wonderful date so far. They climbed out of the vintage sailboat. Jason and Jenna walked past a tiny canoe tied to the dock in front of them and continued their date. They were both hungry and eager for their lunch reservation after spending time on the water. The restaurant was several miles away at the other end of town. Their reservation was in a few hours, so Jason and Jenna took their time strolling through the picturesque streets. They both had gotten sunburned out on the water, so they stopped in the drug store to purchase some aloe. The store was crowded, and it took thirty minutes to find what they were looking for and complete the purchase. As they continued walking, they spotted a wine store. They walked into it and spent the next hour tasting different wines before settling on a bottle to purchase and bring to lunch. They held hands and slowly walked the last mile to the restaurant, arriving thirty minutes late for their reservation. As they were shown to their table, Jason asked Jenna which part of their date she liked the best so far. Jenna quickly said that she had really enjoyed her time in the vintage vessel best but that everything else had been lovely as well. Then, Jason and Jenna picked up the menu and they prepared to order.","['In which type of vintage vessel did Jason and Jenna start their date?', 'Where was the restaurant located?', 'How long did they wait at the restaurant before they were seated?']","Jason and Jenna were seated on the bow of a vintage sailboat, which had a canvas top.",It was just up the road from the diner.,They were seated thirty minutes before they were served.
study2,a,13,p13a.txt,"Delilah and Joseph were in the process of moving from Chicago to London. The biggest remaining task was to pack their apartment. The many smaller items had already been packed. All that remained were a couple of the bigger items. They grabbed the wooden table in the dining room and began to dissemble it together. Joseph searched the remaining empty boxes for one that was big enough. He was glad that they already packed the bulky sofa. Glancing at the clock, Delilah realized that their friends would be coming over to help them in three hours. They had plenty of time. It took half an hour for Joseph to sort through the remaining boxes. None were big enough. Joseph grabbed his keys and headed to the parking lot. After two miles of heavy traffic, he passed a post office. He parked and stood in the long line to get a change-of-address form. He filled it out, dropped it in the slot, and continued on his way. A few more miles in the heavy traffic brought him to the bank. He remembered that he needed to get money to pay the movers. He parked in the crowded lot and waited in the long line. A half hour later, the teller finally gave him his money. Back on the road, he found the traffic even heavier than before. It took an hour to travel the final two miles to the shipping store. It was very crowded, and it took forever to locate a sufficiently large packing box. There was only one cashier and it took forever to pay for the box. Joseph was about to head back to help Delilah pack the pieces of the wooden furniture when his phone rang. It was Delilah calling to let him know that the ""reinforcements"" had arrived.","['What piece of wooden furniture were Joseph and Delilah trying to pack?', 'Where did Joseph first look for a suitable box?', ""How long was Joseph's search for a box that would suit their purposes?""]",The table.,"I believe he came up with a cardboard box, but the idea of a ""small"" cardboard box is not present for Joseph.",He searched for over 48 hours.
study2,a,14,p14a.txt,"Jenna sat on the blue couch with a sigh. She was here for the weekend doing a job for Mr. and Mrs. Narayan. Jenna hoped to earn enough for her senior ski trip. All she needed to do was to care for their pets while they were away for the weekend. Jenna's first task was to pick up the Narayan's fluffy dog from his vet appointment. She stepped past the food dish of the Narayan's lazy cat and walked outside as small raindrops started to fall. Jenna didn't mind getting wet so she left her Toyota behind and opened her umbrella. She would walk to the veterinary clinic, which was all the way across town. An hour later, she walked past the bakery. Whenever Jenna ran errands, she would take a few moments to treat herself. She sat down and lingered over a cup of coffee and a pastry for the next hour. Jenna then continued her journey. She walked another mile, coming to a pet store. Inside, she looked around for an hour before purchasing treats for the Narayan's animals. After another mile of walking, Jenna finally came to the veterinary clinic. There was a long line, so she sank down into one of the chairs. She had to wait another thirty minutes until her name was called. Jenna hurriedly signed the necessary papers while the receptionist walked into the back of the clinic. Jenna smiled as she saw the fluffy animal come galloping into the room. Jenna took the paperwork from the receptionist and walked outside.","['What fluffy animal did Jenna pick up from the vet?', 'How did Jenna get to the veterinary clinic?', 'How long did the errand take Jenna?']",The fluffy animal was a golden retriever named Binky.,Jenna had walked to the veterinary clinic.,About 45 minutes total.
study2,a,15,p15a.txt,"Jessie was excited to hear the results after her husband's participation in yesterday's competition. She knew that her husband grew the sweetest apples anywhere. The judges had already sampled them at the state fair yesterday and would meet with everyone today to share the results. Jessie stepped past a table of tangy oranges and entered the competition area. She needed to locate her husband at the judge's table before the judges arrived. Jessie took out her cell phone and called her husband. She hoped he could give her clear directions to his location. After a brief and tense conversation, she realized that she was on the wrong side of the vast fair! Jessie hung up her phone and decided to enjoy this side of the fair before she met her husband. First, she waited in line for a half hour to get lemonade. For the next hour, she wandered among the booths. When she had seen everything she wanted to see, Jessie strolled back to her car. She drove the two miles to the other side of fair, where her husband was. The traffic was a mess. Forty-five minutes later, Jessie finally arrived at her destination. She perused the countless brown tables covered in hearty food. She stopped to use the restroom and had to wait in the longest line she had ever seen. A half hour later, she finally joined her husband at the judge's table just in time to see the three judges approach. Jessie was ecstatic when her husband's sweet fruit was announced as the grand prize winner. She jumped up and down in excitement as the oldest judge handed her husband a blue ribbon!","[""What type of sweet fruit did Jessie's husband enter into the competition?"", ""Did Jessie arrive at the judge's tent in a timely manner?"", ""At the start of the story, how far away was Jessie from the judge's tent?""]",It was a sweet apple!,"Yes, she arrived just in time for the judges to meet with everyone.","Jessie was a little less than a mile away from the tent, but there was already a line of people behind her and her husband."
study2,a,16,p16a.txt,"Keisha looked around the bus stop with a sigh. She couldn't believe her car had broken down again. She sat on a wooden bench and pulled out her glossy magazine. The bench cut into the backs of her legs since she wasn't tall enough for her feet to touch the ground. She pushed aside a tattered newspaper and settled in to wait for the 8:57 bus. She waited and waited but the bus never came. After a half hour, she realized that she had missed it. She had no other choice but to wait patiently for the 10:25 bus. It arrived almost an hour later. Tired and late for work, she took a seat near the front. The traffic was heavy, and the bus started to crawl the few miles to her work. After one mile, it stopped in front of the bakery. Several people slowly boarded. The bus continued along its slow journey. After another mile, it stopped in front of the grocery store. A large number of passengers boarded there. One mile later, the bus gave a jolt and rolled to a stop. It took an hour for a mechanic to arrive. It took another hour for him to fix the problem. Eventually, the bus shuddered back to life. The traffic was still heavy. A half hour later, the bus finally stopped in front of her work. At that moment, she realized that she had left her glossy reading material on the bench at the bus stop. She crossed her fingers that her car would be fixed by that afternoon, and she would be able to drive to work.","['What glossy reading material did Keisha leave on the bench?', 'What issues did Keisha have getting to work?', 'Despite her lack of car, did Keisha arrive at work in a timely manner?']",A glossy magazine.,Keisha has a commute of 40 miles each way to her job in Brooklyn.,Keisha arrived at work in a timely manner.
study2,a,17,p17a.txt,"It was late at night when Ryan, a rookie cop, responded to the call. He was eager to start the process that could eventually lead to an arrest. Ryan scanned the scene. His eyes immediately landed on the bloody knife lying ominously in the doorway. The only other scene he had investigated was one involving a silver gun. He reached for his kit for processing crime scenes. Just then, he remembered that he had left his kit for processing crime scenes at home. Ryan's superiors hadn't arrived yet, so he took his time walking to his car. Ryan climbed in and started to drive the several miles back to his house. The football game had just ended, and the traffic was heavy. A half hour later, Ryan passed a gas station. His tank was almost empty, so he pulled in and filled it up. The credit card machine was broken so he had to wait in line to pay inside. Afterwards, Ryan realized that he was hungry. He spent the next thirty minutes searching for a deli that was still open. When he found one, he bought a sandwich and a soft drink. He took them to the park across the street and enjoyed the snack. When he finally arrived at his house, it took him an hour to find his kit. Mentally, Ryan prepared himself for the next steps he would take in processing the scene. He would start by analyzing the bloody weapon that he found at the house. He would have to use the equipment to dust for fingerprints. Ryan knew that if he worked methodically, his thorough approach would produce results that would help to apprehend the guilty.","['What bloody weapon was Ryan going to dust for fingerprints?', 'Where did Ryan end up finding his kit for processing crime scenes?', 'How long did Ryan search for his kit?']",Ryan knew that a knife was the only weapon he could find at the scene of the crime.,Ryan found his kit at home.,Ryan searched for his kit for about an hour.
study2,a,18,p18a.txt,"Sarah could hardly believe that her little sister was turning thirteen tomorrow. As usual, she had waited until the last minute to purchase her present. What would a new teenager want? Sarah recalled what was at the top of her wish list at that age: clothes. She was going to find her sister the perfect outfit. Well, maybe not an entire outfit, but Sarah would find her sister a perfect trendy shirt. She wouldn't buy paisley pants like her mother had purchased for a gift. Sarah had several hours before she needed to be back home for the birthday dinner. She strolled out to her car. She carefully backed out of the driveway and drove into town. An hour later, Sarah arrived at the mall. Sarah took her time negotiating through the crowds. She browsed for herself before focusing on her sister. Two hours later, Sarah had not found anything she or her sister would like. She returned to her car and drove several more miles through thick traffic. As she passed the hair salon, she decided that she had time to update her highlights. Two hours later, she felt like a new woman. She hopped back into her car and drove on. She arrived at the outlet store and made her way inside. She spent an hour searching through the racks of merchandise. That's when she found it. It was the perfect piece of trendy clothing and she knew her sister would love it. Sarah pushed aside hangers in order to look for her sister's size. She found the correct one and walked to the register. She smiled, anticipating the pleased look on her sister's face.","['What piece of trendy clothing did Sarah buy for her sister?', 'How much time did Sarah have to shop before she needed to be back at home?', ""Where was the first place that Sarah tried to find her sister's birthday present?""]",A new shirt.,About twenty minutes.,The hair salon.
study2,a,19,p19a.txt,"The woman huddled on the floor. She watched the three men shatter the glass jewelry case with the butts of their guns. The men scooped the glitzy diamonds into black velvet bags. The woman was hidden behind the case filled with crimson rubies. She was close to the door that the robbers had carelessly left open. Although scared, she decided to escape and to try to find help. The woman grabbed her purse and slowly crawled across the floor. A half hour passed before the robbers were distracted enough for her to pass through the door frame. She crawled slowly, careful to avoid jostling the door. Once outside, she proceeded cautiously down the street, keeping to the shadows to avoid being spotted by a lookout. A half hour later, she came to a bank. She tried to find help, but it was closed. She continued carefully down the road. Not finding anyone, she cut across a construction site. She tripped over a concrete block, hit her head on a girder, and sunk into unconsciousness. When she finally woke several hours later, her head really hurt. At this point, she finally remembered the cell phone in her pocket. Feeling stupid, she retrieved it and carefully dialed 911. A little while later, she told the operators that a robbery had taken place. She also mentioned that the thieves had taken glitzy gems from the jewelry store. The woman closed her cell phone. She was exhausted. She breathed a sigh of relief, thankful that she'd been able to escape and call for help.","['What kind of glitzy gems did the robbers scoop into velvet bags?', 'How far did the woman end up traveling before she remembered the cell phone in her purse?', 'Were the robbers still in the jewelry store when the police arrived?']",A lot of them.,She didn't know.,Yes.
study2,a,20,p20a.txt,"The warrior slowly awakened with the morning sun, unprepared for the battle that was still hours away. He threw on his cotton shirt, bothered not at all by its tattered condition or egregious smell. He set aside his leather hat and spent the next few hours polishing his armor before finally putting it on. He had fought many battles in his life, and had come close to dying several times. Today's battle was just a game, however; a competition to determine the best man in the land. He had fought many men over the years, many stronger than him. He had vanquished them all because combat is not about deploying one's strengths. Rather, it is about exploiting your opponent's weaknesses. These thoughts occupied him for hours. After this contemplation, the warrior realized that it would be a long time until his next meal. He slowly walked through the village in search of his favorite inn. The warrior sat down to a bit of ale and an old drumstick. This was his traditional meal before battle. He had actually come to hate drumsticks, but was far too superstitious to change his menu at this point in his life. He methodically consumed the few morsels for the energy they provided. Afterwards, he resumed his long journey. He traveled for several hours before stopping beside a peaceful brook. The warrior sank his hands into the water. He then wiped his soiled fingers on his cotton clothing before changing into his armor and preparing himself for battle.","['What cotton clothing item did the warrior wipe his soiled fingers on?', 'Where did the warrior eat his lunch?', 'How long did the warrior have to himself before the battle began?']",His cotton shirt.,"The warrior stopped in front of a brook, where he stopped to wash his hands before changing into his armor and preparing himself for battle.",He had been in solitude for quite some time when the warrior found himself staring into the eyes of a small boy.
study2,b,01,p01b.txt,"Sophia straightened her suit, took a deep breath, and entered the hotel's bar, just off the lobby. She took a seat at an empty high-top table. She ordered an amber beer, hoping to calm her nerves. The waitress arrived carrying Sophia's drink as well as an expensive bourbon. She set Sophia's order on the table and moved on. Before Sophia could even take a sip, her cell phone rang. It was the client calling to confirm their meeting in the lobby of the Madison Hotel. The Madison Hotel? Sophia was sitting in the wrong hotel. The Madison was several miles away! She maintained her composure and assured the client that their meeting together would begin in two hours. Sophia hung up her phone and reviewed her papers for the next hour before she left the hotel. By this time, it was raining heavily outside. Sophia stopped at the drugstore down the block to buy an umbrella. The store was crowded and it took half an hour to complete the purchase. Stepping back onto the street, she decided to walk instead of taking a cab. This would give her time to find her focus. An hour later, Sophia finally arrived at the Madison Hotel. Despite her umbrella, she was soaking wet so she headed to the restroom to freshen up. A half hour later, Sophia walked through the lobby where she saw the client impatiently waiting. He rose from his chair and instantly launched into a list of his complaints. Sophia pasted a smile on her face and found herself wishing for the amber beverage she left back in the bar. She mentally prepared herself for what was sure to be a difficult meeting.","['What amber beverage did Sophia leave back at the bar?', 'What did Sophia do before she left the bar?', 'Where was Sophia supposed to meet the client?']",A whiskey and coke.,She attended a meeting at the Madison Hotel.,The Madison Hotel!
study2,b,02,p02b.txt,"Everyone squeezed into the family room, anxious to begin the treasure hunt, an annual family tradition. Joshua loved the party atmosphere and could hardly wait for the day's activities. Children pushed and giggled and the adults gossiped until the booming voice of the jolly uncle could be heard over the excited crowd. ""Everyone knows how this works,"" he shouted. ""I've hidden the family trophy. We end today's search at the park next door. Remember, the first one to find it receives the cash prize and bragging rights for a year. Same rules as always! Ready, set... Go!"" A silly daughter pushed past everyone. Joshua's heart fluttered in excitement. The trophy was hidden somewhere in the neighborhood. Joshua wanted to be sure he wouldn't be followed. After a half hour of waiting, he was finally able to leave the house. He crept down several streets. Joshua peeked around a corner, and made his way past several houses. Twenty minutes later, he ducked around a corner when he spotted some cousins in the distance. He hid from them by crouching behind a rock. Thirty minutes later, he ran past several houses, arriving at the yard with the hollow tree. Climbing the fence, he tore his pants in his haste. Joshua walked to the other side, finally reaching the tree. Wrong one. He checked the other trees in the yard, finally coming to the last one several minutes later. Joshua peered inside and discovered the hidden treasure. He took some time to celebrate his victory. Then, Joshua grabbed the trophy and strolled to the park three blocks down. The jolly relative rang a large bell to signal the end of the treasure hunt. Once everyone had gathered in the park, he picked up the excited boy and, holding him high, pronounced Joshua the winner. The family surrounded the boy with their congratulations; the younger ones helping Joshua celebrate his new windfall. Still laughing and talking, the family sat at the picnic table for the celebratory meal.","['What jolly relative announced the winner at the end of the story?', 'Where was the trophy hidden?', 'Where did the treasure hunt take place?']",Joshua.,"In the garden of the family home, in the very heart of the family.",The child's house.
study2,b,03,p03b.txt,"Wiping his brow with the kitchen towel, the chef paused for a moment in his preparations to survey the mess he had created. This meal had to be perfect, flawless from the appetizers to the dessert. Not wanting to waste time, he picked up the metal knife and continued to prepare the vegetables for the salad. The timer sounded, signaling that it was time to apply the herb rub to the roast. The chef accidently knocked over some plastic bowls in his hurry to whisk the roast out of the oven. Where did he put those spices? How could he have forgotten something like that on such an important day? He must have left them in his catering van. The chef sat down in the kitchen and rested his head on the counter in discouragement. A half hour later, he roused himself and plodded through the rented hall until he reached the exit. Slowly opening the double doors, he started to walk up San Francisco's steepest hill. He strolled past a florist and a pastry shop, but he still had a mile to go before he reached his van, which was parked at the very top. After thirty minutes of walking, the chef was becoming very tired. He looked downhill, along the tracks, but there was no trolley approaching He continued on his journey. His pace slowed. It was an hour before he finally reached his van. He grabbed the forgotten box of spices and breathed a sigh of relief. The chef could envision how everything would go. He would first combine the spices in a bowl. Then, he would slide the seasoned roast back into the oven. Finally, he would use his metal utensil to complete the preparations. If tonight was successful, he could look forward to an exciting career in the catering business.","['Which metal utensil would the chef use to complete his preparations?', 'Given how long it took to retrieve his spices, should the chef have been so frustrated?', 'Where was the chef when he realized he forgot his spice kit?']",The chef would use the metal spoon to stir the ingredients together.,"In a way, yes.",In a parking lot.
study2,b,05,p05b.txt,"The two girls had never been to the zoo. This trip with their father, Jared, would be the first. The girls endlessly reminded their father that they had to see the fierce lion while they were there. Jared reminded his girls of the other animals they could see such as a shy donkey but the girls would not be distracted from their goal. They lumbered around their house as they tried to get ready to go. The girls complained long and hard about brushing their teeth. Twenty minutes later, they finally consented to this chore. After combing their hair, the family was finally ready to leave the house They were already an hour behind schedule! They piled into the family's minivan. Traffic was heavy, and it took another hour to cover the ten miles to the zoo. When they arrived, Jared searched the parking lot. The only parking spot was far from the zoo's entrance. He grabbed his girls by their hands and they slowly made their way to the exhibit. Jumping up and down in excitement, the girls could finally see the fierce animal in its cage in the distance. After the girls had their fill of looking at that exhibit, they smiled with satisfaction. The zoo had been a success.","['What fierce animal did the daughters want to see?', 'How long did it take for the family to arrive at the exhibit?', 'How far away was the exhibit located?']",The lions!,About four hours.,The exhibit was located about a block away.
study2,b,06,p06b.txt,"The aviation mechanic buried his head in his work rag. He attempted to soak up some of the sweat streaming down his face. He had forgotten a few of his tools, including the one he needed for this repair. He kicked the metal chair. He longed for the days when he was part of a line maintenance crew, making the simple checks and adjustments necessary before take-offs. He threw his sweat-soaked towel on the wooden shelf. He was up against a deadline, and he froze with fear. It took him a half hour to calm down. He exited the hangar. He trudged off toward his car in the remote parking lot, where he kept his toolbox. A half hour later, he strolled past the control tower. He paused to dissect last night's game with his friend. They talked for an hour before Sam had to get back to work. The mechanic walked past the main office to pick up his paycheck. This took a half hour because of all of the paperwork. He then made his way past the terminal, getting caught up in the mob of travelers. He continued to his car on the far side of the parking lot. The mechanic opened the trunk and rummaged through his toolbox. It took forever to locate the forgotten tool. Tired and hot, he thought about his problem controlling his temper. He felt foolish for kicking the metal furniture earlier when he was frustrated. Experience had told him that simple mistakes were nothing to get upset about. Problems usually resolved themselves in the end.","['What piece of furniture did the mechanic kick out of frustration?', 'Where did the mechanic find his toolbox?', 'What was the first thing the mechanic did in order to find his toolbox?']",The toolbox.,"He found it in the shed next to the garage, where the mechanic had stored his tool box.",He walked over to the control tower and started rummaging through the papers.
study2,b,07,p07b.txt,"Jason looked around his high school gymnasium. It was overwhelmed by the large number of booths, each representing a different career. He wanted to pursue a career as a wealthy lawyer, so locating that information table was his top priority. He stepped around the display that encouraged people to explore the possibility of becoming a caring dentist. Jason was grateful for the opportunity to learn more about a variety of jobs. His class requirement was to distribute a minimum of three resumes and participate in interviews today. Jason opened his bag to remove his resumes. He was irritated to realize that he had forgotten them at home. Unfortunately, his home was several miles away. Before leaving, however, Jason spent an hour just wandering around the gymnasium looking at the displays. Frustrated he didn't have his resumes to hand out, he exited the gym and began the long walk home. After a mile, he came to a park. He was hot, and purchased an ice cream cone. He sat on the bench and ate it slowly. Feeling tired, he stretched out and took a nap on the bench. When he awoke, he continued his trip. It took another half hour to walk past the high school with its many athletic fields. He was tired when he finally arrived at his house. He picked through the stack of newspapers on the coffee table. Thirty minutes later, he found his stack of resumes under the papers. Jason was relieved he had the necessary paperwork to start looking into the wealthy career he was interested in. He stuffed the stack of resumes in his bag.","['What wealthy career did Jason wish to pursue?', 'How long did it take Jason to find his resumes?', 'Where did Jason first look for his resumes?']","A wealthy lawyer, Jason had a career goal to pursue in the future.",Jason's first step was locating the information table.,At a high school gym.
study2,b,08,p08b.txt,"A soft breeze swirled Tamika's skirt around her ankles. The only sound in the cemetery was the whispering leaves. Tamika wiped a tear from her cheek as she stood by her mother's grave. Her mother's favorite flowers were white roses. Tamika placed a bouquet of them on the grave. Tamika stepped past the purple lilacs at the gated entrance. She paused at a bench outside the cemetery. She wasn't in a hurry to leave her hometown. She was meeting her friend for lunch in a neighboring town, but that wasn't for several hours. As usual, Tamika was overwhelmed by emotions and memories. She closed her eyes and began to meditate. When she was completely calm, she exhaled deeply and checked her watch. Two hours had gone by! She crossed the street, got in her car, and set off. At the outskirts of town, she stopped for a cup of coffee. Tamika savored her warm beverage over the next hour. When it was finished, she returned to her car and covered the remaining miles to the next town. The cafe was very busy and Tamika had to wait for a half hour before she was finally seated. Finally, she plopped down in a seat and sighed. Even though it had been a difficult visit, Tamika was happy that she had put the white flowers on the headstone of her mother's grave. She was sure that her mother would enjoy looking down on those beautiful blooms dancing in the breeze.","[""What kind of white flowers did Tamika put on her mother's grave?"", 'How far away was the restaurant where Tamika met her friend for lunch?', 'How long did Tamika have to wait before she was seated at the restaurant?']","A bouquet of white roses, one of her favorite plant choices.",It was a few hours away.,One hour.
study2,b,09,p09b.txt,"Sirens sounded in the distance. The criminal knew the authorities were closing in. He used a rusty hammer to pry open the old basement window. He stepped over the cordless sander on the floor and started to climb out of the window. However, he saw lights so he retreated back inside. He sprinted through the house. The criminal burst through the front door. He knew he was safe from the authorities because the entrance was completely hidden by tall hedges. He paused for a moment, wondering what he could do to evade the law. Logic dictated that he stick to the shadows and proceed at a slow and deliberate pace, to avoid being discovered. The criminal used his common sense and started crawling. It was the only option. After several agonizing hours, he came to a wooded area one mile away. The criminal slowly made his way through the trees. He crawled and crept for another hour. Finally, he came to a park another mile away. Suddenly, he heard sirens. He ducked inside a tube slide to hide. He prayed that his hiding spot wouldn't be discovered. It was too dangerous to travel now, so he settled in for a nap. Waking several hours later, the criminal left his hiding place behind. He crept through the neighborhood until he found a seemingly abandoned house. The sun was beginning to rise as he paused to catch his breath and listen. The criminal decided it was safe to break into the house. He struggled to open a side window. The criminal wished he still had the rusty tool to help him in his efforts. After he got inside, he tiptoed around. When he arrived in the kitchen, his heart sank when he saw two officers waiting to apprehend him.","['What rusty tool did the criminal wish he still had?', 'Where was the criminals new hiding place?', 'Did the police apprehend the criminal in a timely manner?']",The rusty hammer.,In the basement of the abandoned house.,No.
study2,b,10,p10b.txt,"Following the doctor's visit, The tension in the hospital room was palpable. All the parents could hear was the echo of the doctor's diagnosis: their daughter was battling advanced cancer. Life could be so unfair. The patient in the next room only had to combat pesky measles. The parents were eager to do something to cheer up their daughter. They decided to find something that would make her smile when she woke up. The father remembered the gift store that he and his wife had seen. The father decided to buy their daughter a new teddy bear. His wife asked him to go to the gift store that was several blocks away. She could see that he was emotionally drained, and thought he could use a couple of hours to regain his strength. The father plodded through the 7th floor of the hospital in a state of shock. He waited a long time for the elevator. When he finally got to the lobby, he saw his neighbors holding colorful balloons for his daughter. The father broke the devastating news to the group. It took an hour to answer all of their questions. When he finished, he exited the hospital. He slowly walked the several blocks to the gift store. When he finally arrived, he found the place packed with customers. His purchase took a half hour. As he exited the store, he tucked the teddy bear under his arm and took a deep breath. He knew they could be strong as they fought this advanced disease together as a family. Together, they would make it through this.","['What advanced disease was the daughter battling?', 'Where was the gift store located?', ""What was the first thing the father did when he left his daughter's room?""]",Her daughter was battling a Stage IV cancer called Non-Hodgkin's Lymphoma.,In the building next to the hospital.,He called the doctor.
study2,b,11,p11b.txt,"The music instructor looked outside. The snow that was falling beyond her window was dense and wet. Running her fingers lovingly over the shabby piano, she sighed. She pushed aside her husband's metal piccolo collection and started to prepare for the day. She was already cold when she struggled into her coat. The music instructor traveled miles every day so she could give students lessons in their homes. Today she dreaded leaving her home. She put her cell phone in her pocket and walked outside. She grabbed the shovel by the door and cleared the driveway. She then started on her ten-mile trip through the elements. She drove carefully to the house of her first student, Anya. It took longer than usual, but at least she arrived safely. Anya's lesson was an hour long, but she was a poor student, and the time passed very slowly. When she finished, she backed out of the driveway and drove three more miles to her next lesson at Amy's house. Amy was a much better student. She made a lot of progress over the next hour with the music instructor's help. The instructor drove two more miles until she reached her final lesson at Jose's house. The hour-long lesson was very frustrating. She returned to her car and started the engine. She was exhausted from the long day. She looked forward to spending the evening in the warmth of her home, her fingers dancing over the shabby instrument that she had always loved. She couldn't wait to ease into a familiar aria, letting her eyes drift closed so she could completely enjoy the music as she played. She hoped that someday one of her students would find the release and comfort that she did when she sat down on the bench.","['What shabby musical instrument did the instructor love playing?', 'Where did the music instructor give her lessons?', 'How many students did the music instructor see today?']","When she played her cello, she loved the sound of it.",Her husband had passed away and she had no one to teach her students.,One.
study2,b,12,p12b.txt,"Jason and Jenna smiled at each other. It was a wonderful date so far. They climbed out of the vintage sailboat. Jason and Jenna walked past a tiny kayak tied to the dock in front of them and continued their date. They were both hungry and eager for their lunch reservation after spending time on the water. The restaurant was several miles away at the other end of town. Their reservation was in a few hours, so Jason and Jenna took their time strolling through the picturesque streets. They both had gotten sunburned out on the water, so they stopped in the drug store to purchase some aloe. The store was crowded, and it took thirty minutes to find what they were looking for and complete the purchase. As they continued walking, they spotted a wine store. They walked into it and spent the next hour tasting different wines before settling on a bottle to purchase and bring to lunch. They held hands and slowly walked the last mile to the restaurant, arriving thirty minutes late for their reservation. As they were shown to their table, Jason asked Jenna which part of their date she liked the best so far. Jenna quickly said that she had really enjoyed her time in the vintage vessel best but that everything else had been lovely as well. Then, Jason and Jenna picked up the menu and they prepared to order.","['In which type of vintage vessel did Jason and Jenna start their date?', 'Where was the restaurant located?', 'How long did they wait at the restaurant before they were seated?']",Vintage sailboat – Jason and Jenna started their date on a vintage sailboat.,It was across the street from the beach.,They waited about twenty minutes.
study2,b,13,p13b.txt,"Delilah and Joseph were in the process of moving from Chicago to London. The biggest remaining task was to pack their apartment. The many smaller items had already been packed. All that remained were a couple of the bigger items. They grabbed the wooden table in the dining room and began to dissemble it together. Joseph searched the remaining empty boxes for one that was big enough. He was glad that they already packed the bulky recliner. Glancing at the clock, Delilah realized that their friends would be coming over to help them in three hours. They had plenty of time. It took half an hour for Joseph to sort through the remaining boxes. None were big enough. Joseph grabbed his keys and headed to the parking lot. After two miles of heavy traffic, he passed a post office. He parked and stood in the long line to get a change-of-address form. He filled it out, dropped it in the slot, and continued on his way. A few more miles in the heavy traffic brought him to the bank. He remembered that he needed to get money to pay the movers. He parked in the crowded lot and waited in the long line. A half hour later, the teller finally gave him his money. Back on the road, he found the traffic even heavier than before. It took an hour to travel the final two miles to the shipping store. It was very crowded, and it took forever to locate a sufficiently large packing box. There was only one cashier and it took forever to pay for the box. Joseph was about to head back to help Delilah pack the pieces of the wooden furniture when his phone rang. It was Delilah calling to let him know that the ""reinforcements"" had arrived.","['What piece of wooden furniture were Joseph and Delilah trying to pack?', 'Where did Joseph first look for a suitable box?', ""How long was Joseph's search for a box that would suit their purposes?""]",One of the larger pieces of furniture in the apartment.,He walked around the neighborhood to see if there were any boxes large enough.,It took him all day.
study2,b,14,p14b.txt,"Jenna sat on the blue couch with a sigh. She was here for the weekend doing a job for Mr. and Mrs. Narayan. Jenna hoped to earn enough for her senior ski trip. All she needed to do was to care for their pets while they were away for the weekend. Jenna's first task was to pick up the Narayan's fluffy dog from his vet appointment. She stepped past the food dish of the Narayan's lazy lizard and walked outside as small raindrops started to fall. Jenna didn't mind getting wet so she left her Toyota behind and opened her umbrella. She would walk to the veterinary clinic, which was all the way across town. An hour later, she walked past the bakery. Whenever Jenna ran errands, she would take a few moments to treat herself. She sat down and lingered over a cup of coffee and a pastry for the next hour. Jenna then continued her journey. She walked another mile, coming to a pet store. Inside, she looked around for an hour before purchasing treats for the Narayan's animals. After another mile of walking, Jenna finally came to the veterinary clinic. There was a long line, so she sank down into one of the chairs. She had to wait another thirty minutes until her name was called. Jenna hurriedly signed the necessary papers while the receptionist walked into the back of the clinic. Jenna smiled as she saw the fluffy animal come galloping into the room. Jenna took the paperwork from the receptionist and walked outside.","['What fluffy animal did Jenna pick up from the vet?', 'How did Jenna get to the veterinary clinic?', 'How long did the errand take Jenna?']",A black Labrador Retriever.,Jenna was the only one of her friends who went to the dentist.,I don't remember.
study2,b,15,p15b.txt,"Jessie was excited to hear the results after her husband's participation in yesterday's competition. She knew that her husband grew the sweetest apples anywhere. The judges had already sampled them at the state fair yesterday and would meet with everyone today to share the results. Jessie stepped past a table of tangy lemons and entered the competition area. She needed to locate her husband at the judge's table before the judges arrived. Jessie took out her cell phone and called her husband. She hoped he could give her clear directions to his location. After a brief and tense conversation, she realized that she was on the wrong side of the vast fair! Jessie hung up her phone and decided to enjoy this side of the fair before she met her husband. First, she waited in line for a half hour to get lemonade. For the next hour, she wandered among the booths. When she had seen everything she wanted to see, Jessie strolled back to her car. She drove the two miles to the other side of fair, where her husband was. The traffic was a mess. Forty-five minutes later, Jessie finally arrived at her destination. She perused the countless brown tables covered in hearty food. She stopped to use the restroom and had to wait in the longest line she had ever seen. A half hour later, she finally joined her husband at the judge's table just in time to see the three judges approach. Jessie was ecstatic when her husband's sweet fruit was announced as the grand prize winner. She jumped up and down in excitement as the oldest judge handed her husband a blue ribbon!","[""What type of sweet fruit did Jessie's husband enter into the competition?"", ""Did Jessie arrive at the judge's tent in a timely manner?"", ""At the start of the story, how far away was Jessie from the judge's tent?""]",A sweet apple.,Yes.,Jessie was a mile away from the tent.
study2,b,16,p16b.txt,"Keisha looked around the bus stop with a sigh. She couldn't believe her car had broken down again. She sat on a wooden bench and pulled out her glossy magazine. The bench cut into the backs of her legs since she wasn't tall enough for her feet to touch the ground. She pushed aside a tattered comic and settled in to wait for the 8:57 bus. She waited and waited but the bus never came. After a half hour, she realized that she had missed it. She had no other choice but to wait patiently for the 10:25 bus. It arrived almost an hour later. Tired and late for work, she took a seat near the front. The traffic was heavy, and the bus started to crawl the few miles to her work. After one mile, it stopped in front of the bakery. Several people slowly boarded. The bus continued along its slow journey. After another mile, it stopped in front of the grocery store. A large number of passengers boarded there. One mile later, the bus gave a jolt and rolled to a stop. It took an hour for a mechanic to arrive. It took another hour for him to fix the problem. Eventually, the bus shuddered back to life. The traffic was still heavy. A half hour later, the bus finally stopped in front of her work. At that moment, she realized that she had left her glossy reading material on the bench at the bus stop. She crossed her fingers that her car would be fixed by that afternoon, and she would be able to drive to work.","['What glossy reading material did Keisha leave on the bench?', 'What issues did Keisha have getting to work?', 'Despite her lack of car, did Keisha arrive at work in a timely manner?']",The glossy magazine.,She had been late for work.,No.
study2,b,17,p17b.txt,"It was late at night when Ryan, a rookie cop, responded to the call. He was eager to start the process that could eventually lead to an arrest. Ryan scanned the scene. His eyes immediately landed on the bloody knife lying ominously in the doorway. The only other scene he had investigated was one involving a silver axe. He reached for his kit for processing crime scenes. Just then, he remembered that he had left his kit for processing crime scenes at home. Ryan's superiors hadn't arrived yet, so he took his time walking to his car. Ryan climbed in and started to drive the several miles back to his house. The football game had just ended, and the traffic was heavy. A half hour later, Ryan passed a gas station. His tank was almost empty, so he pulled in and filled it up. The credit card machine was broken so he had to wait in line to pay inside. Afterwards, Ryan realized that he was hungry. He spent the next thirty minutes searching for a deli that was still open. When he found one, he bought a sandwich and a soft drink. He took them to the park across the street and enjoyed the snack. When he finally arrived at his house, it took him an hour to find his kit. Mentally, Ryan prepared himself for the next steps he would take in processing the scene. He would start by analyzing the bloody weapon that he found at the house. He would have to use the equipment to dust for fingerprints. Ryan knew that if he worked methodically, his thorough approach would produce results that would help to apprehend the guilty.","['What bloody weapon was Ryan going to dust for fingerprints?', 'Where did Ryan end up finding his kit for processing crime scenes?', 'How long did Ryan search for his kit?']","The knife found at the murder scene was a folding saw, called a ""baton"".",Ryan's kit was at his parents' house.,He searched for over an hour before he arrived at his house.
study2,b,18,p18b.txt,"Sarah could hardly believe that her little sister was turning thirteen tomorrow. As usual, she had waited until the last minute to purchase her present. What would a new teenager want? Sarah recalled what was at the top of her wish list at that age: clothes. She was going to find her sister the perfect outfit. Well, maybe not an entire outfit, but Sarah would find her sister a perfect trendy shirt. She wouldn't buy a paisley coat like her mother had purchased for a gift. Sarah had several hours before she needed to be back home for the birthday dinner. She strolled out to her car. She carefully backed out of the driveway and drove into town. An hour later, Sarah arrived at the mall. Sarah took her time negotiating through the crowds. She browsed for herself before focusing on her sister. Two hours later, Sarah had not found anything she or her sister would like. She returned to her car and drove several more miles through thick traffic. As she passed the hair salon, she decided that she had time to update her highlights. Two hours later, she felt like a new woman. She hopped back into her car and drove on. She arrived at the outlet store and made her way inside. She spent an hour searching through the racks of merchandise. That's when she found it. It was the perfect piece of trendy clothing and she knew her sister would love it. Sarah pushed aside hangers in order to look for her sister's size. She found the correct one and walked to the register. She smiled, anticipating the pleased look on her sister's face.","['What piece of trendy clothing did Sarah buy for her sister?', 'How much time did Sarah have to shop before she needed to be back at home?', ""Where was the first place that Sarah tried to find her sister's birthday present?""]",A shirt.,Only an hour and a half.,The hair salon.
study2,b,19,p19b.txt,"The woman huddled on the floor. She watched the three men shatter the glass jewelry case with the butts of their guns. The men scooped the glitzy diamonds into black velvet bags. The woman was hidden behind the case filled with crimson garnets. She was close to the door that the robbers had carelessly left open. Although scared, she decided to escape and to try to find help. The woman grabbed her purse and slowly crawled across the floor. A half hour passed before the robbers were distracted enough for her to pass through the door frame. She crawled slowly, careful to avoid jostling the door. Once outside, she proceeded cautiously down the street, keeping to the shadows to avoid being spotted by a lookout. A half hour later, she came to a bank. She tried to find help, but it was closed. She continued carefully down the road. Not finding anyone, she cut across a construction site. She tripped over a concrete block, hit her head on a girder, and sunk into unconsciousness. When she finally woke several hours later, her head really hurt. At this point, she finally remembered the cell phone in her pocket. Feeling stupid, she retrieved it and carefully dialed 911. A little while later, she told the operators that a robbery had taken place. She also mentioned that the thieves had taken glitzy gems from the jewelry store. The woman closed her cell phone. She was exhausted. She breathed a sigh of relief, thankful that she'd been able to escape and call for help.","['What kind of glitzy gems did the robbers scoop into velvet bags?', 'How far did the woman end up traveling before she remembered the cell phone in her purse?', 'Were the robbers still in the jewelry store when the police arrived?']",The robbers could have taken anything they wanted.,A week.,Yes.
study2,b,20,p20b.txt,"The warrior slowly awakened with the morning sun, unprepared for the battle that was still hours away. He threw on his cotton shirt, bothered not at all by its tattered condition or egregious smell. He set aside his leather gloves and spent the next few hours polishing his armor before finally putting it on. He had fought many battles in his life, and had come close to dying several times. Today's battle was just a game, however; a competition to determine the best man in the land. He had fought many men over the years, many stronger than him. He had vanquished them all because combat is not about deploying one's strengths. Rather, it is about exploiting your opponent's weaknesses. These thoughts occupied him for hours. After this contemplation, the warrior realized that it would be a long time until his next meal. He slowly walked through the village in search of his favorite inn. The warrior sat down to a bit of ale and an old drumstick. This was his traditional meal before battle. He had actually come to hate drumsticks, but was far too superstitious to change his menu at this point in his life. He methodically consumed the few morsels for the energy they provided. Afterwards, he resumed his long journey. He traveled for several hours before stopping beside a peaceful brook. The warrior sank his hands into the water. He then wiped his soiled fingers on his cotton clothing before changing into his armor and preparing himself for battle.","['What cotton clothing item did the warrior wipe his soiled fingers on?', 'Where did the warrior eat his lunch?', 'How long did the warrior have to himself before the battle began?']",Cotton shirt.,The Warrior ate at the brook for the energy it provided.,The warrior slept for approximately two hours before resuming his journey.
study2,c,01,p01c.txt,"Sophia straightened her suit, took a deep breath, and entered the hotel's bar, just off the lobby. She took a seat at an empty high-top table. She ordered an amber scotch, hoping to calm her nerves. The waitress arrived carrying Sophia's drink as well as an expensive wine. She set Sophia's order on the table and moved on. Before Sophia could even take a sip, her cell phone rang. It was the client calling to confirm their meeting in the lobby of the Madison Hotel. The Madison Hotel? Sophia was sitting in the wrong hotel. The Madison was several miles away! She maintained her composure and assured the client that their meeting together would begin in two hours. Sophia hung up her phone and reviewed her papers for the next hour before she left the hotel. By this time, it was raining heavily outside. Sophia stopped at the drugstore down the block to buy an umbrella. The store was crowded and it took half an hour to complete the purchase. Stepping back onto the street, she decided to walk instead of taking a cab. This would give her time to find her focus. An hour later, Sophia finally arrived at the Madison Hotel. Despite her umbrella, she was soaking wet so she headed to the restroom to freshen up. A half hour later, Sophia walked through the lobby where she saw the client impatiently waiting. He rose from his chair and instantly launched into a list of his complaints. Sophia pasted a smile on her face and found herself wishing for the amber beverage she left back in the bar. She mentally prepared herself for what was sure to be a difficult meeting.","['What amber beverage did Sophia leave back at the bar?', 'What did Sophia do before she left the bar?', 'Where was Sophia supposed to meet the client?']",The Amber Ale.,She bought an umbrella.,Sophia was to meet the client in the hotel lobby.
study2,c,02,p02c.txt,"Everyone squeezed into the family room, anxious to begin the treasure hunt, an annual family tradition. Joshua loved the party atmosphere and could hardly wait for the day's activities. Children pushed and giggled and the adults gossiped until the booming voice of the jolly nephew could be heard over the excited crowd. ""Everyone knows how this works,"" he shouted. ""I've hidden the family trophy. We end today's search at the park next door. Remember, the first one to find it receives the cash prize and bragging rights for a year. Same rules as always! Ready, set... Go!"" A silly cousin pushed past everyone. Joshua's heart fluttered in excitement. The trophy was hidden somewhere in the neighborhood. Joshua wanted to be sure he wouldn't be followed. After a half hour of waiting, he was finally able to leave the house. He crept down several streets. Joshua peeked around a corner, and made his way past several houses. Twenty minutes later, he ducked around a corner when he spotted some cousins in the distance. He hid from them by crouching behind a rock. Thirty minutes later, he ran past several houses, arriving at the yard with the hollow tree. Climbing the fence, he tore his pants in his haste. Joshua walked to the other side, finally reaching the tree. Wrong one. He checked the other trees in the yard, finally coming to the last one several minutes later. Joshua peered inside and discovered the hidden treasure. He took some time to celebrate his victory. Then, Joshua grabbed the trophy and strolled to the park three blocks down. The jolly relative rang a large bell to signal the end of the treasure hunt. Once everyone had gathered in the park, he picked up the excited boy and, holding him high, pronounced Joshua the winner. The family surrounded the boy with their congratulations; the younger ones helping Joshua celebrate his new windfall. Still laughing and talking, the family sat at the picnic table for the celebratory meal.","['What jolly relative announced the winner at the end of the story?', 'Where was the trophy hidden?', 'Where did the treasure hunt take place?']",The jolly relative Joshua.,Under a hollow tree.,The answer to this question is one of the most important.
study2,c,03,p03c.txt,"Wiping his brow with the kitchen towel, the chef paused for a moment in his preparations to survey the mess he had created. This meal had to be perfect, flawless from the appetizers to the dessert. Not wanting to waste time, he picked up the metal tongs and continued to prepare the vegetables for the salad. The timer sounded, signaling that it was time to apply the herb rub to the roast. The chef accidently knocked over some plastic spoons in his hurry to whisk the roast out of the oven. Where did he put those spices? How could he have forgotten something like that on such an important day? He must have left them in his catering van. The chef sat down in the kitchen and rested his head on the counter in discouragement. A half hour later, he roused himself and plodded through the rented hall until he reached the exit. Slowly opening the double doors, he started to walk up San Francisco's steepest hill. He strolled past a florist and a pastry shop, but he still had a mile to go before he reached his van, which was parked at the very top. After thirty minutes of walking, the chef was becoming very tired. He looked downhill, along the tracks, but there was no trolley approaching He continued on his journey. His pace slowed. It was an hour before he finally reached his van. He grabbed the forgotten box of spices and breathed a sigh of relief. The chef could envision how everything would go. He would first combine the spices in a bowl. Then, he would slide the seasoned roast back into the oven. Finally, he would use his metal utensil to complete the preparations. If tonight was successful, he could look forward to an exciting career in the catering business.","['Which metal utensil would the chef use to complete his preparations?', 'Given how long it took to retrieve his spices, should the chef have been so frustrated?', 'Where was the chef when he realized he forgot his spice kit?']","The tongs, of course.",Yes.,"He was in the kitchen, preparing a salad."
study2,c,05,p05c.txt,"The two girls had never been to the zoo. This trip with their father, Jared, would be the first. The girls endlessly reminded their father that they had to see the fierce cheetah while they were there. Jared reminded his girls of the other animals they could see such as a shy bear but the girls would not be distracted from their goal. They lumbered around their house as they tried to get ready to go. The girls complained long and hard about brushing their teeth. Twenty minutes later, they finally consented to this chore. After combing their hair, the family was finally ready to leave the house They were already an hour behind schedule! They piled into the family's minivan. Traffic was heavy, and it took another hour to cover the ten miles to the zoo. When they arrived, Jared searched the parking lot. The only parking spot was far from the zoo's entrance. He grabbed his girls by their hands and they slowly made their way to the exhibit. Jumping up and down in excitement, the girls could finally see the fierce animal in its cage in the distance. After the girls had their fill of looking at that exhibit, they smiled with satisfaction. The zoo had been a success.","['What fierce animal did the daughters want to see?', 'How long did it take for the family to arrive at the exhibit?', 'How far away was the exhibit located?']",The girls could not decide.,The zoo opened at 9am.,It was a large exhibit that looked like a giant bear enclosure.
study2,c,06,p06c.txt,"The aviation mechanic buried his head in his work rag. He attempted to soak up some of the sweat streaming down his face. He had forgotten a few of his tools, including the one he needed for this repair. He kicked the metal stool. He longed for the days when he was part of a line maintenance crew, making the simple checks and adjustments necessary before take-offs. He threw his sweat-soaked towel on the wooden desk. He was up against a deadline, and he froze with fear. It took him a half hour to calm down. He exited the hangar. He trudged off toward his car in the remote parking lot, where he kept his toolbox. A half hour later, he strolled past the control tower. He paused to dissect last night's game with his friend. They talked for an hour before Sam had to get back to work. The mechanic walked past the main office to pick up his paycheck. This took a half hour because of all of the paperwork. He then made his way past the terminal, getting caught up in the mob of travelers. He continued to his car on the far side of the parking lot. The mechanic opened the trunk and rummaged through his toolbox. It took forever to locate the forgotten tool. Tired and hot, he thought about his problem controlling his temper. He felt foolish for kicking the metal furniture earlier when he was frustrated. Experience had told him that simple mistakes were nothing to get upset about. Problems usually resolved themselves in the end.","['What piece of furniture did the mechanic kick out of frustration?', 'Where did the mechanic find his toolbox?', 'What was the first thing the mechanic did in order to find his toolbox?']",The metal stool.,The mechanic did not get to work early today.,He walked past the control tower.
study2,c,07,p07c.txt,"Jason looked around his high school gymnasium. It was overwhelmed by the large number of booths, each representing a different career. He wanted to pursue a career as a wealthy banker, so locating that information table was his top priority. He stepped around the display that encouraged people to explore the possibility of becoming a caring doctor. Jason was grateful for the opportunity to learn more about a variety of jobs. His class requirement was to distribute a minimum of three resumes and participate in interviews today. Jason opened his bag to remove his resumes. He was irritated to realize that he had forgotten them at home. Unfortunately, his home was several miles away. Before leaving, however, Jason spent an hour just wandering around the gymnasium looking at the displays. Frustrated he didn't have his resumes to hand out, he exited the gym and began the long walk home. After a mile, he came to a park. He was hot, and purchased an ice cream cone. He sat on the bench and ate it slowly. Feeling tired, he stretched out and took a nap on the bench. When he awoke, he continued his trip. It took another half hour to walk past the high school with its many athletic fields. He was tired when he finally arrived at his house. He picked through the stack of newspapers on the coffee table. Thirty minutes later, he found his stack of resumes under the papers. Jason was relieved he had the necessary paperwork to start looking into the wealthy career he was interested in. He stuffed the stack of resumes in his bag.","['What wealthy career did Jason wish to pursue?', 'How long did it take Jason to find his resumes?', 'Where did Jason first look for his resumes?']",Jason had always wanted to become a successful banker.,Jason started looking for his resumes the day after the first job fair.,He started at the high school.
study2,c,08,p08c.txt,"A soft breeze swirled Tamika's skirt around her ankles. The only sound in the cemetery was the whispering leaves. Tamika wiped a tear from her cheek as she stood by her mother's grave. Her mother's favorite flowers were white orchids. Tamika placed a bouquet of them on the grave. Tamika stepped past the purple tulips at the gated entrance. She paused at a bench outside the cemetery. She wasn't in a hurry to leave her hometown. She was meeting her friend for lunch in a neighboring town, but that wasn't for several hours. As usual, Tamika was overwhelmed by emotions and memories. She closed her eyes and began to meditate. When she was completely calm, she exhaled deeply and checked her watch. Two hours had gone by! She crossed the street, got in her car, and set off. At the outskirts of town, she stopped for a cup of coffee. Tamika savored her warm beverage over the next hour. When it was finished, she returned to her car and covered the remaining miles to the next town. The cafe was very busy and Tamika had to wait for a half hour before she was finally seated. Finally, she plopped down in a seat and sighed. Even though it had been a difficult visit, Tamika was happy that she had put the white flowers on the headstone of her mother's grave. She was sure that her mother would enjoy looking down on those beautiful blooms dancing in the breeze.","[""What kind of white flowers did Tamika put on her mother's grave?"", 'How far away was the restaurant where Tamika met her friend for lunch?', 'How long did Tamika have to wait before she was seated at the restaurant?']","A white orchid, Tamika's favorite flowers.",The restaurant was about a mile from her home.,"About half an hour, but there were a few tables without tables left."
study2,c,09,p09c.txt,"Sirens sounded in the distance. The criminal knew the authorities were closing in. He used a rusty chisel to pry open the old basement window. He stepped over the cordless drill on the floor and started to climb out of the window. However, he saw lights so he retreated back inside. He sprinted through the house. The criminal burst through the front door. He knew he was safe from the authorities because the entrance was completely hidden by tall hedges. He paused for a moment, wondering what he could do to evade the law. Logic dictated that he stick to the shadows and proceed at a slow and deliberate pace, to avoid being discovered. The criminal used his common sense and started crawling. It was the only option. After several agonizing hours, he came to a wooded area one mile away. The criminal slowly made his way through the trees. He crawled and crept for another hour. Finally, he came to a park another mile away. Suddenly, he heard sirens. He ducked inside a tube slide to hide. He prayed that his hiding spot wouldn't be discovered. It was too dangerous to travel now, so he settled in for a nap. Waking several hours later, the criminal left his hiding place behind. He crept through the neighborhood until he found a seemingly abandoned house. The sun was beginning to rise as he paused to catch his breath and listen. The criminal decided it was safe to break into the house. He struggled to open a side window. The criminal wished he still had the rusty tool to help him in his efforts. After he got inside, he tiptoed around. When he arrived in the kitchen, his heart sank when he saw two officers waiting to apprehend him.","['What rusty tool did the criminal wish he still had?', 'Where was the criminals new hiding place?', 'Did the police apprehend the criminal in a timely manner?']",He did not have a rusty tool.,The criminal had not prepared for the worst.,No.
study2,c,10,p10c.txt,"Following the doctor's visit, The tension in the hospital room was palpable. All the parents could hear was the echo of the doctor's diagnosis: their daughter was battling advanced smallpox. Life could be so unfair. The patient in the next room only had to combat a pesky flu. The parents were eager to do something to cheer up their daughter. They decided to find something that would make her smile when she woke up. The father remembered the gift store that he and his wife had seen. The father decided to buy their daughter a new teddy bear. His wife asked him to go to the gift store that was several blocks away. She could see that he was emotionally drained, and thought he could use a couple of hours to regain his strength. The father plodded through the 7th floor of the hospital in a state of shock. He waited a long time for the elevator. When he finally got to the lobby, he saw his neighbors holding colorful balloons for his daughter. The father broke the devastating news to the group. It took an hour to answer all of their questions. When he finished, he exited the hospital. He slowly walked the several blocks to the gift store. When he finally arrived, he found the place packed with customers. His purchase took a half hour. As he exited the store, he tucked the teddy bear under his arm and took a deep breath. He knew they could be strong as they fought this advanced disease together as a family. Together, they would make it through this.","['What advanced disease was the daughter battling?', 'Where was the gift store located?', ""What was the first thing the father did when he left his daughter's room?""]",Smallpox,The gift store was located on the 7th floor of the hospital.,He went to the gift store.
study2,c,11,p11c.txt,"The music instructor looked outside. The snow that was falling beyond her window was dense and wet. Running her fingers lovingly over the shabby viola, she sighed. She pushed aside her husband's metal clarinet collection and started to prepare for the day. She was already cold when she struggled into her coat. The music instructor traveled miles every day so she could give students lessons in their homes. Today she dreaded leaving her home. She put her cell phone in her pocket and walked outside. She grabbed the shovel by the door and cleared the driveway. She then started on her ten-mile trip through the elements. She drove carefully to the house of her first student, Anya. It took longer than usual, but at least she arrived safely. Anya's lesson was an hour long, but she was a poor student, and the time passed very slowly. When she finished, she backed out of the driveway and drove three more miles to her next lesson at Amy's house. Amy was a much better student. She made a lot of progress over the next hour with the music instructor's help. The instructor drove two more miles until she reached her final lesson at Jose's house. The hour-long lesson was very frustrating. She returned to her car and started the engine. She was exhausted from the long day. She looked forward to spending the evening in the warmth of her home, her fingers dancing over the shabby instrument that she had always loved. She couldn't wait to ease into a familiar aria, letting her eyes drift closed so she could completely enjoy the music as she played. She hoped that someday one of her students would find the release and comfort that she did when she sat down on the bench.","['What shabby musical instrument did the instructor love playing?', 'Where did the music instructor give her lessons?', 'How many students did the music instructor see today?']",The shabby violin.,Her home.,"She saw two students, but neither were her students."
study2,c,12,p12c.txt,"Jason and Jenna smiled at each other. It was a wonderful date so far. They climbed out of the vintage schooner. Jason and Jenna walked past a tiny canoe tied to the dock in front of them and continued their date. They were both hungry and eager for their lunch reservation after spending time on the water. The restaurant was several miles away at the other end of town. Their reservation was in a few hours, so Jason and Jenna took their time strolling through the picturesque streets. They both had gotten sunburned out on the water, so they stopped in the drug store to purchase some aloe. The store was crowded, and it took thirty minutes to find what they were looking for and complete the purchase. As they continued walking, they spotted a wine store. They walked into it and spent the next hour tasting different wines before settling on a bottle to purchase and bring to lunch. They held hands and slowly walked the last mile to the restaurant, arriving thirty minutes late for their reservation. As they were shown to their table, Jason asked Jenna which part of their date she liked the best so far. Jenna quickly said that she had really enjoyed her time in the vintage vessel best but that everything else had been lovely as well. Then, Jason and Jenna picked up the menu and they prepared to order.","['In which type of vintage vessel did Jason and Jenna start their date?', 'Where was the restaurant located?', 'How long did they wait at the restaurant before they were seated?']",Jason and Jenna started their date in a vintage schooner of the 1920's.,It was several miles away from the town.,Jason and Jenna sat at the first table in the restaurant.
study2,c,13,p13c.txt,"Delilah and Joseph were in the process of moving from Chicago to London. The biggest remaining task was to pack their apartment. The many smaller items had already been packed. All that remained were a couple of the bigger items. They grabbed the wooden futon in the dining room and began to dissemble it together. Joseph searched the remaining empty boxes for one that was big enough. He was glad that they already packed the bulky sofa. Glancing at the clock, Delilah realized that their friends would be coming over to help them in three hours. They had plenty of time. It took half an hour for Joseph to sort through the remaining boxes. None were big enough. Joseph grabbed his keys and headed to the parking lot. After two miles of heavy traffic, he passed a post office. He parked and stood in the long line to get a change-of-address form. He filled it out, dropped it in the slot, and continued on his way. A few more miles in the heavy traffic brought him to the bank. He remembered that he needed to get money to pay the movers. He parked in the crowded lot and waited in the long line. A half hour later, the teller finally gave him his money. Back on the road, he found the traffic even heavier than before. It took an hour to travel the final two miles to the shipping store. It was very crowded, and it took forever to locate a sufficiently large packing box. There was only one cashier and it took forever to pay for the box. Joseph was about to head back to help Delilah pack the pieces of the wooden furniture when his phone rang. It was Delilah calling to let him know that the ""reinforcements"" had arrived.","['What piece of wooden furniture were Joseph and Delilah trying to pack?', 'Where did Joseph first look for a suitable box?', ""How long was Joseph's search for a box that would suit their purposes?""]",They were trying to pack the futon.,At home.,"During their time in Chicago, Delilah and Joseph had found two large boxes that would have been perfect for the bedroom."
study2,c,14,p14c.txt,"Jenna sat on the blue couch with a sigh. She was here for the weekend doing a job for Mr. and Mrs. Narayan. Jenna hoped to earn enough for her senior ski trip. All she needed to do was to care for their pets while they were away for the weekend. Jenna's first task was to pick up the Narayan's fluffy hamster from his vet appointment. She stepped past the food dish of the Narayan's lazy cat and walked outside as small raindrops started to fall. Jenna didn't mind getting wet so she left her Toyota behind and opened her umbrella. She would walk to the veterinary clinic, which was all the way across town. An hour later, she walked past the bakery. Whenever Jenna ran errands, she would take a few moments to treat herself. She sat down and lingered over a cup of coffee and a pastry for the next hour. Jenna then continued her journey. She walked another mile, coming to a pet store. Inside, she looked around for an hour before purchasing treats for the Narayan's animals. After another mile of walking, Jenna finally came to the veterinary clinic. There was a long line, so she sank down into one of the chairs. She had to wait another thirty minutes until her name was called. Jenna hurriedly signed the necessary papers while the receptionist walked into the back of the clinic. Jenna smiled as she saw the fluffy animal come galloping into the room. Jenna took the paperwork from the receptionist and walked outside.","['What fluffy animal did Jenna pick up from the vet?', 'How did Jenna get to the veterinary clinic?', 'How long did the errand take Jenna?']",It was a miniature dachshund named Sam.,Jenna had to walk to the veterinary clinic.,It took about ninety minutes.
study2,c,15,p15c.txt,"Jessie was excited to hear the results after her husband's participation in yesterday's competition. She knew that her husband grew the sweetest mangos anywhere. The judges had already sampled them at the state fair yesterday and would meet with everyone today to share the results. Jessie stepped past a table of tangy oranges and entered the competition area. She needed to locate her husband at the judge's table before the judges arrived. Jessie took out her cell phone and called her husband. She hoped he could give her clear directions to his location. After a brief and tense conversation, she realized that she was on the wrong side of the vast fair! Jessie hung up her phone and decided to enjoy this side of the fair before she met her husband. First, she waited in line for a half hour to get lemonade. For the next hour, she wandered among the booths. When she had seen everything she wanted to see, Jessie strolled back to her car. She drove the two miles to the other side of fair, where her husband was. The traffic was a mess. Forty-five minutes later, Jessie finally arrived at her destination. She perused the countless brown tables covered in hearty food. She stopped to use the restroom and had to wait in the longest line she had ever seen. A half hour later, she finally joined her husband at the judge's table just in time to see the three judges approach. Jessie was ecstatic when her husband's sweet fruit was announced as the grand prize winner. She jumped up and down in excitement as the oldest judge handed her husband a blue ribbon!","[""What type of sweet fruit did Jessie's husband enter into the competition?"", ""Did Jessie arrive at the judge's tent in a timely manner?"", ""At the start of the story, how far away was Jessie from the judge's tent?""]",A sweet mango.,Absolutely! Jessie was in line for nearly 20 minutes before she saw her husband.,Jessie was far enough away that she didn't have to wait in line.
study2,c,16,p16c.txt,"Keisha looked around the bus stop with a sigh. She couldn't believe her car had broken down again. She sat on a wooden bench and pulled out her glossy pamphlet. The bench cut into the backs of her legs since she wasn't tall enough for her feet to touch the ground. She pushed aside a tattered newspaper and settled in to wait for the 8:57 bus. She waited and waited but the bus never came. After a half hour, she realized that she had missed it. She had no other choice but to wait patiently for the 10:25 bus. It arrived almost an hour later. Tired and late for work, she took a seat near the front. The traffic was heavy, and the bus started to crawl the few miles to her work. After one mile, it stopped in front of the bakery. Several people slowly boarded. The bus continued along its slow journey. After another mile, it stopped in front of the grocery store. A large number of passengers boarded there. One mile later, the bus gave a jolt and rolled to a stop. It took an hour for a mechanic to arrive. It took another hour for him to fix the problem. Eventually, the bus shuddered back to life. The traffic was still heavy. A half hour later, the bus finally stopped in front of her work. At that moment, she realized that she had left her glossy reading material on the bench at the bus stop. She crossed her fingers that her car would be fixed by that afternoon, and she would be able to drive to work.","['What glossy reading material did Keisha leave on the bench?', 'What issues did Keisha have getting to work?', 'Despite her lack of car, did Keisha arrive at work in a timely manner?']",Her glossy pamphlet.,Keisha had to make several trips to find a parking space.,Yes.
study2,c,17,p17c.txt,"It was late at night when Ryan, a rookie cop, responded to the call. He was eager to start the process that could eventually lead to an arrest. Ryan scanned the scene. His eyes immediately landed on the bloody club lying ominously in the doorway. The only other scene he had investigated was one involving a silver gun. He reached for his kit for processing crime scenes. Just then, he remembered that he had left his kit for processing crime scenes at home. Ryan's superiors hadn't arrived yet, so he took his time walking to his car. Ryan climbed in and started to drive the several miles back to his house. The football game had just ended, and the traffic was heavy. A half hour later, Ryan passed a gas station. His tank was almost empty, so he pulled in and filled it up. The credit card machine was broken so he had to wait in line to pay inside. Afterwards, Ryan realized that he was hungry. He spent the next thirty minutes searching for a deli that was still open. When he found one, he bought a sandwich and a soft drink. He took them to the park across the street and enjoyed the snack. When he finally arrived at his house, it took him an hour to find his kit. Mentally, Ryan prepared himself for the next steps he would take in processing the scene. He would start by analyzing the bloody weapon that he found at the house. He would have to use the equipment to dust for fingerprints. Ryan knew that if he worked methodically, his thorough approach would produce results that would help to apprehend the guilty.","['What bloody weapon was Ryan going to dust for fingerprints?', 'Where did Ryan end up finding his kit for processing crime scenes?', 'How long did Ryan search for his kit?']",The bloody weapon was found in the front yard of a house.,His kit was in his car.,Ryan searched for his kit for approximately eight hours.
study2,c,18,p18c.txt,"Sarah could hardly believe that her little sister was turning thirteen tomorrow. As usual, she had waited until the last minute to purchase her present. What would a new teenager want? Sarah recalled what was at the top of her wish list at that age: clothes. She was going to find her sister the perfect outfit. Well, maybe not an entire outfit, but Sarah would find her sister a perfect trendy skirt. She wouldn't buy paisley pants like her mother had purchased for a gift. Sarah had several hours before she needed to be back home for the birthday dinner. She strolled out to her car. She carefully backed out of the driveway and drove into town. An hour later, Sarah arrived at the mall. Sarah took her time negotiating through the crowds. She browsed for herself before focusing on her sister. Two hours later, Sarah had not found anything she or her sister would like. She returned to her car and drove several more miles through thick traffic. As she passed the hair salon, she decided that she had time to update her highlights. Two hours later, she felt like a new woman. She hopped back into her car and drove on. She arrived at the outlet store and made her way inside. She spent an hour searching through the racks of merchandise. That's when she found it. It was the perfect piece of trendy clothing and she knew her sister would love it. Sarah pushed aside hangers in order to look for her sister's size. She found the correct one and walked to the register. She smiled, anticipating the pleased look on her sister's face.","['What piece of trendy clothing did Sarah buy for her sister?', 'How much time did Sarah have to shop before she needed to be back at home?', ""Where was the first place that Sarah tried to find her sister's birthday present?""]",The trendy skirt.,Two hours.,The shopping mall.
study2,c,19,p19c.txt,"The woman huddled on the floor. She watched the three men shatter the glass jewelry case with the butts of their guns. The men scooped the glitzy opals into black velvet bags. The woman was hidden behind the case filled with crimson rubies. She was close to the door that the robbers had carelessly left open. Although scared, she decided to escape and to try to find help. The woman grabbed her purse and slowly crawled across the floor. A half hour passed before the robbers were distracted enough for her to pass through the door frame. She crawled slowly, careful to avoid jostling the door. Once outside, she proceeded cautiously down the street, keeping to the shadows to avoid being spotted by a lookout. A half hour later, she came to a bank. She tried to find help, but it was closed. She continued carefully down the road. Not finding anyone, she cut across a construction site. She tripped over a concrete block, hit her head on a girder, and sunk into unconsciousness. When she finally woke several hours later, her head really hurt. At this point, she finally remembered the cell phone in her pocket. Feeling stupid, she retrieved it and carefully dialed 911. A little while later, she told the operators that a robbery had taken place. She also mentioned that the thieves had taken glitzy gems from the jewelry store. The woman closed her cell phone. She was exhausted. She breathed a sigh of relief, thankful that she'd been able to escape and call for help.","['What kind of glitzy gems did the robbers scoop into velvet bags?', 'How far did the woman end up traveling before she remembered the cell phone in her purse?', 'Were the robbers still in the jewelry store when the police arrived?']",The robbers were looking for diamonds.,She traveled a very long way.,No.
study2,c,20,p20c.txt,"The warrior slowly awakened with the morning sun, unprepared for the battle that was still hours away. He threw on his cotton scarf, bothered not at all by its tattered condition or egregious smell. He set aside his leather hat and spent the next few hours polishing his armor before finally putting it on. He had fought many battles in his life, and had come close to dying several times. Today's battle was just a game, however; a competition to determine the best man in the land. He had fought many men over the years, many stronger than him. He had vanquished them all because combat is not about deploying one's strengths. Rather, it is about exploiting your opponent's weaknesses. These thoughts occupied him for hours. After this contemplation, the warrior realized that it would be a long time until his next meal. He slowly walked through the village in search of his favorite inn. The warrior sat down to a bit of ale and an old drumstick. This was his traditional meal before battle. He had actually come to hate drumsticks, but was far too superstitious to change his menu at this point in his life. He methodically consumed the few morsels for the energy they provided. Afterwards, he resumed his long journey. He traveled for several hours before stopping beside a peaceful brook. The warrior sank his hands into the water. He then wiped his soiled fingers on his cotton clothing before changing into his armor and preparing himself for battle.","['What cotton clothing item did the warrior wipe his soiled fingers on?', 'Where did the warrior eat his lunch?', 'How long did the warrior have to himself before the battle began?']",His cotton sword belt.,On his journey to the arena.,The warrior had just finished bathing upon entering the village.
study2,d,01,p01d.txt,"Sophia straightened her suit, took a deep breath, and entered the hotel's bar, just off the lobby. She took a seat at an empty high-top table. She ordered an amber scotch, hoping to calm her nerves. The waitress arrived carrying Sophia's drink as well as an expensive bourbon. She set Sophia's order on the table and moved on. Before Sophia could even take a sip, her cell phone rang. It was the client calling to confirm their meeting in the lobby of the Madison Hotel. The Madison Hotel? Sophia was sitting in the wrong hotel. The Madison was several miles away! She maintained her composure and assured the client that their meeting together would begin in two hours. Sophia hung up her phone and reviewed her papers for the next hour before she left the hotel. By this time, it was raining heavily outside. Sophia stopped at the drugstore down the block to buy an umbrella. The store was crowded and it took half an hour to complete the purchase. Stepping back onto the street, she decided to walk instead of taking a cab. This would give her time to find her focus. An hour later, Sophia finally arrived at the Madison Hotel. Despite her umbrella, she was soaking wet so she headed to the restroom to freshen up. A half hour later, Sophia walked through the lobby where she saw the client impatiently waiting. He rose from his chair and instantly launched into a list of his complaints. Sophia pasted a smile on her face and found herself wishing for the amber beverage she left back in the bar. She mentally prepared herself for what was sure to be a difficult meeting.","['What amber beverage did Sophia leave back at the bar?', 'What did Sophia do before she left the bar?', 'Where was Sophia supposed to meet the client?']",Champagne,She went to a drugstore to buy an umbrella.,The Madison Hotel.
study2,d,02,p02d.txt,"Everyone squeezed into the family room, anxious to begin the treasure hunt, an annual family tradition. Joshua loved the party atmosphere and could hardly wait for the day's activities. Children pushed and giggled and the adults gossiped until the booming voice of the jolly nephew could be heard over the excited crowd. ""Everyone knows how this works,"" he shouted. ""I've hidden the family trophy. We end today's search at the park next door. Remember, the first one to find it receives the cash prize and bragging rights for a year. Same rules as always! Ready, set... Go!"" A silly daughter pushed past everyone. Joshua's heart fluttered in excitement. The trophy was hidden somewhere in the neighborhood. Joshua wanted to be sure he wouldn't be followed. After a half hour of waiting, he was finally able to leave the house. He crept down several streets. Joshua peeked around a corner, and made his way past several houses. Twenty minutes later, he ducked around a corner when he spotted some cousins in the distance. He hid from them by crouching behind a rock. Thirty minutes later, he ran past several houses, arriving at the yard with the hollow tree. Climbing the fence, he tore his pants in his haste. Joshua walked to the other side, finally reaching the tree. Wrong one. He checked the other trees in the yard, finally coming to the last one several minutes later. Joshua peered inside and discovered the hidden treasure. He took some time to celebrate his victory. Then, Joshua grabbed the trophy and strolled to the park three blocks down. The jolly relative rang a large bell to signal the end of the treasure hunt. Once everyone had gathered in the park, he picked up the excited boy and, holding him high, pronounced Joshua the winner. The family surrounded the boy with their congratulations; the younger ones helping Joshua celebrate his new windfall. Still laughing and talking, the family sat at the picnic table for the celebratory meal.","['What jolly relative announced the winner at the end of the story?', 'Where was the trophy hidden?', 'Where did the treasure hunt take place?']",Joshua.,In the family's own backyard.,One of the families had a treehouse in the neighborhood.
study2,d,03,p03d.txt,"Wiping his brow with the kitchen towel, the chef paused for a moment in his preparations to survey the mess he had created. This meal had to be perfect, flawless from the appetizers to the dessert. Not wanting to waste time, he picked up the metal tongs and continued to prepare the vegetables for the salad. The timer sounded, signaling that it was time to apply the herb rub to the roast. The chef accidently knocked over some plastic bowls in his hurry to whisk the roast out of the oven. Where did he put those spices? How could he have forgotten something like that on such an important day? He must have left them in his catering van. The chef sat down in the kitchen and rested his head on the counter in discouragement. A half hour later, he roused himself and plodded through the rented hall until he reached the exit. Slowly opening the double doors, he started to walk up San Francisco's steepest hill. He strolled past a florist and a pastry shop, but he still had a mile to go before he reached his van, which was parked at the very top. After thirty minutes of walking, the chef was becoming very tired. He looked downhill, along the tracks, but there was no trolley approaching He continued on his journey. His pace slowed. It was an hour before he finally reached his van. He grabbed the forgotten box of spices and breathed a sigh of relief. The chef could envision how everything would go. He would first combine the spices in a bowl. Then, he would slide the seasoned roast back into the oven. Finally, he would use his metal utensil to complete the preparations. If tonight was successful, he could look forward to an exciting career in the catering business.","['Which metal utensil would the chef use to complete his preparations?', 'Given how long it took to retrieve his spices, should the chef have been so frustrated?', 'Where was the chef when he realized he forgot his spice kit?']",The one called a spoon.,Yes.,He was busy preparing dinner.
study2,d,05,p05d.txt,"The two girls had never been to the zoo. This trip with their father, Jared, would be the first. The girls endlessly reminded their father that they had to see the fierce cheetah while they were there. Jared reminded his girls of the other animals they could see such as a shy donkey but the girls would not be distracted from their goal. They lumbered around their house as they tried to get ready to go. The girls complained long and hard about brushing their teeth. Twenty minutes later, they finally consented to this chore. After combing their hair, the family was finally ready to leave the house They were already an hour behind schedule! They piled into the family's minivan. Traffic was heavy, and it took another hour to cover the ten miles to the zoo. When they arrived, Jared searched the parking lot. The only parking spot was far from the zoo's entrance. He grabbed his girls by their hands and they slowly made their way to the exhibit. Jumping up and down in excitement, the girls could finally see the fierce animal in its cage in the distance. After the girls had their fill of looking at that exhibit, they smiled with satisfaction. The zoo had been a success.","['What fierce animal did the daughters want to see?', 'How long did it take for the family to arrive at the exhibit?', 'How far away was the exhibit located?']",The cheetah.,It took about an hour to get the boys there and about an hour for the girls to get there.,The cheetah exhibit was located directly behind the zoo's entrance.
study2,d,06,p06d.txt,"The aviation mechanic buried his head in his work rag. He attempted to soak up some of the sweat streaming down his face. He had forgotten a few of his tools, including the one he needed for this repair. He kicked the metal stool. He longed for the days when he was part of a line maintenance crew, making the simple checks and adjustments necessary before take-offs. He threw his sweat-soaked towel on the wooden shelf. He was up against a deadline, and he froze with fear. It took him a half hour to calm down. He exited the hangar. He trudged off toward his car in the remote parking lot, where he kept his toolbox. A half hour later, he strolled past the control tower. He paused to dissect last night's game with his friend. They talked for an hour before Sam had to get back to work. The mechanic walked past the main office to pick up his paycheck. This took a half hour because of all of the paperwork. He then made his way past the terminal, getting caught up in the mob of travelers. He continued to his car on the far side of the parking lot. The mechanic opened the trunk and rummaged through his toolbox. It took forever to locate the forgotten tool. Tired and hot, he thought about his problem controlling his temper. He felt foolish for kicking the metal furniture earlier when he was frustrated. Experience had told him that simple mistakes were nothing to get upset about. Problems usually resolved themselves in the end.","['What piece of furniture did the mechanic kick out of frustration?', 'Where did the mechanic find his toolbox?', 'What was the first thing the mechanic did in order to find his toolbox?']",The metal stool.,At the control tower.,The first thing he did was to turn off the engine.
study2,d,07,p07d.txt,"Jason looked around his high school gymnasium. It was overwhelmed by the large number of booths, each representing a different career. He wanted to pursue a career as a wealthy banker, so locating that information table was his top priority. He stepped around the display that encouraged people to explore the possibility of becoming a caring dentist. Jason was grateful for the opportunity to learn more about a variety of jobs. His class requirement was to distribute a minimum of three resumes and participate in interviews today. Jason opened his bag to remove his resumes. He was irritated to realize that he had forgotten them at home. Unfortunately, his home was several miles away. Before leaving, however, Jason spent an hour just wandering around the gymnasium looking at the displays. Frustrated he didn't have his resumes to hand out, he exited the gym and began the long walk home. After a mile, he came to a park. He was hot, and purchased an ice cream cone. He sat on the bench and ate it slowly. Feeling tired, he stretched out and took a nap on the bench. When he awoke, he continued his trip. It took another half hour to walk past the high school with its many athletic fields. He was tired when he finally arrived at his house. He picked through the stack of newspapers on the coffee table. Thirty minutes later, he found his stack of resumes under the papers. Jason was relieved he had the necessary paperwork to start looking into the wealthy career he was interested in. He stuffed the stack of resumes in his bag.","['What wealthy career did Jason wish to pursue?', 'How long did it take Jason to find his resumes?', 'Where did Jason first look for his resumes?']",Jason wanted to be a wealthy banker.,Jason was looking for a job that would allow him to travel.,He started at the sales floor of a bank.
study2,d,08,p08d.txt,"A soft breeze swirled Tamika's skirt around her ankles. The only sound in the cemetery was the whispering leaves. Tamika wiped a tear from her cheek as she stood by her mother's grave. Her mother's favorite flowers were white orchids. Tamika placed a bouquet of them on the grave. Tamika stepped past the purple lilacs at the gated entrance. She paused at a bench outside the cemetery. She wasn't in a hurry to leave her hometown. She was meeting her friend for lunch in a neighboring town, but that wasn't for several hours. As usual, Tamika was overwhelmed by emotions and memories. She closed her eyes and began to meditate. When she was completely calm, she exhaled deeply and checked her watch. Two hours had gone by! She crossed the street, got in her car, and set off. At the outskirts of town, she stopped for a cup of coffee. Tamika savored her warm beverage over the next hour. When it was finished, she returned to her car and covered the remaining miles to the next town. The cafe was very busy and Tamika had to wait for a half hour before she was finally seated. Finally, she plopped down in a seat and sighed. Even though it had been a difficult visit, Tamika was happy that she had put the white flowers on the headstone of her mother's grave. She was sure that her mother would enjoy looking down on those beautiful blooms dancing in the breeze.","[""What kind of white flowers did Tamika put on her mother's grave?"", 'How far away was the restaurant where Tamika met her friend for lunch?', 'How long did Tamika have to wait before she was seated at the restaurant?']",White orchids.,Ten miles.,About fifteen minutes.
study2,d,09,p09d.txt,"Sirens sounded in the distance. The criminal knew the authorities were closing in. He used a rusty chisel to pry open the old basement window. He stepped over the cordless sander on the floor and started to climb out of the window. However, he saw lights so he retreated back inside. He sprinted through the house. The criminal burst through the front door. He knew he was safe from the authorities because the entrance was completely hidden by tall hedges. He paused for a moment, wondering what he could do to evade the law. Logic dictated that he stick to the shadows and proceed at a slow and deliberate pace, to avoid being discovered. The criminal used his common sense and started crawling. It was the only option. After several agonizing hours, he came to a wooded area one mile away. The criminal slowly made his way through the trees. He crawled and crept for another hour. Finally, he came to a park another mile away. Suddenly, he heard sirens. He ducked inside a tube slide to hide. He prayed that his hiding spot wouldn't be discovered. It was too dangerous to travel now, so he settled in for a nap. Waking several hours later, the criminal left his hiding place behind. He crept through the neighborhood until he found a seemingly abandoned house. The sun was beginning to rise as he paused to catch his breath and listen. The criminal decided it was safe to break into the house. He struggled to open a side window. The criminal wished he still had the rusty tool to help him in his efforts. After he got inside, he tiptoed around. When he arrived in the kitchen, his heart sank when he saw two officers waiting to apprehend him.","['What rusty tool did the criminal wish he still had?', 'Where was the criminals new hiding place?', 'Did the police apprehend the criminal in a timely manner?']",The criminal was going to use his common sense and stick to the shadows.,"In the basement, behind a rusty chisel.","Yes, his arrest was swift and efficient."
study2,d,10,p10d.txt,"Following the doctor's visit, The tension in the hospital room was palpable. All the parents could hear was the echo of the doctor's diagnosis: their daughter was battling advanced smallpox. Life could be so unfair. The patient in the next room only had to combat a pesky measles. The parents were eager to do something to cheer up their daughter. They decided to find something that would make her smile when she woke up. The father remembered the gift store that he and his wife had seen. The father decided to buy their daughter a new teddy bear. His wife asked him to go to the gift store that was several blocks away. She could see that he was emotionally drained, and thought he could use a couple of hours to regain his strength. The father plodded through the 7th floor of the hospital in a state of shock. He waited a long time for the elevator. When he finally got to the lobby, he saw his neighbors holding colorful balloons for his daughter. The father broke the devastating news to the group. It took an hour to answer all of their questions. When he finished, he exited the hospital. He slowly walked the several blocks to the gift store. When he finally arrived, he found the place packed with customers. His purchase took a half hour. As he exited the store, he tucked the teddy bear under his arm and took a deep breath. He knew they could be strong as they fought this advanced disease together as a family. Together, they would make it through this.","['What advanced disease was the daughter battling?', 'Where was the gift store located?', ""What was the first thing the father did when he left his daughter's room?""]",Smallpox.,In the parking lot of the hospital.,He ran to the hospital elevator.
study2,d,11,p11d.txt,"The music instructor looked outside. The snow that was falling beyond her window was dense and wet. Running her fingers lovingly over the shabby viola, she sighed. She pushed aside her husband's metal piccolo collection and started to prepare for the day. She was already cold when she struggled into her coat. The music instructor traveled miles every day so she could give students lessons in their homes. Today she dreaded leaving her home. She put her cell phone in her pocket and walked outside. She grabbed the shovel by the door and cleared the driveway. She then started on her ten-mile trip through the elements. She drove carefully to the house of her first student, Anya. It took longer than usual, but at least she arrived safely. Anya's lesson was an hour long, but she was a poor student, and the time passed very slowly. When she finished, she backed out of the driveway and drove three more miles to her next lesson at Amy's house. Amy was a much better student. She made a lot of progress over the next hour with the music instructor's help. The instructor drove two more miles until she reached her final lesson at Jose's house. The hour-long lesson was very frustrating. She returned to her car and started the engine. She was exhausted from the long day. She looked forward to spending the evening in the warmth of her home, her fingers dancing over the shabby instrument that she had always loved. She couldn't wait to ease into a familiar aria, letting her eyes drift closed so she could completely enjoy the music as she played. She hoped that someday one of her students would find the release and comfort that she did when she sat down on the bench.","['What shabby musical instrument did the instructor love playing?', 'Where did the music instructor give her lessons?', 'How many students did the music instructor see today?']",The viola.,"Most of her students lived outside of her home, and she traveled miles every day.",Three.
study2,d,12,p12d.txt,"Jason and Jenna smiled at each other. It was a wonderful date so far. They climbed out of the vintage schooner. Jason and Jenna walked past a tiny kayak tied to the dock in front of them and continued their date. They were both hungry and eager for their lunch reservation after spending time on the water. The restaurant was several miles away at the other end of town. Their reservation was in a few hours, so Jason and Jenna took their time strolling through the picturesque streets. They both had gotten sunburned out on the water, so they stopped in the drug store to purchase some aloe. The store was crowded, and it took thirty minutes to find what they were looking for and complete the purchase. As they continued walking, they spotted a wine store. They walked into it and spent the next hour tasting different wines before settling on a bottle to purchase and bring to lunch. They held hands and slowly walked the last mile to the restaurant, arriving thirty minutes late for their reservation. As they were shown to their table, Jason asked Jenna which part of their date she liked the best so far. Jenna quickly said that she had really enjoyed her time in the vintage vessel best but that everything else had been lovely as well. Then, Jason and Jenna picked up the menu and they prepared to order.","['In which type of vintage vessel did Jason and Jenna start their date?', 'Where was the restaurant located?', 'How long did they wait at the restaurant before they were seated?']","The ""Holly""",The Vintner's Shop was just around the corner and a few blocks away on the other side of town.,"After getting a reservation at a nice restaurant, Jason and Jenna took their time looking at the menu."
study2,d,13,p13d.txt,"Delilah and Joseph were in the process of moving from Chicago to London. The biggest remaining task was to pack their apartment. The many smaller items had already been packed. All that remained were a couple of the bigger items. They grabbed the wooden futon in the dining room and began to dissemble it together. Joseph searched the remaining empty boxes for one that was big enough. He was glad that they already packed the bulky recliner. Glancing at the clock, Delilah realized that their friends would be coming over to help them in three hours. They had plenty of time. It took half an hour for Joseph to sort through the remaining boxes. None were big enough. Joseph grabbed his keys and headed to the parking lot. After two miles of heavy traffic, he passed a post office. He parked and stood in the long line to get a change-of-address form. He filled it out, dropped it in the slot, and continued on his way. A few more miles in the heavy traffic brought him to the bank. He remembered that he needed to get money to pay the movers. He parked in the crowded lot and waited in the long line. A half hour later, the teller finally gave him his money. Back on the road, he found the traffic even heavier than before. It took an hour to travel the final two miles to the shipping store. It was very crowded, and it took forever to locate a sufficiently large packing box. There was only one cashier and it took forever to pay for the box. Joseph was about to head back to help Delilah pack the pieces of the wooden furniture when his phone rang. It was Delilah calling to let him know that the ""reinforcements"" had arrived.","['What piece of wooden furniture were Joseph and Delilah trying to pack?', 'Where did Joseph first look for a suitable box?', ""How long was Joseph's search for a box that would suit their purposes?""]","The ""reinforcements"" were, in fact, the two boxes that were too big for their apartment.",He went to the post office.,Joseph spent several hours looking for a box that would fit their needs.
study2,d,14,p14d.txt,"Jenna sat on the blue couch with a sigh. She was here for the weekend doing a job for Mr. and Mrs. Narayan. Jenna hoped to earn enough for her senior ski trip. All she needed to do was to care for their pets while they were away for the weekend. Jenna's first task was to pick up the Narayan's fluffy hamster from his vet appointment. She stepped past the food dish of the Narayan's lazy lizard and walked outside as small raindrops started to fall. Jenna didn't mind getting wet so she left her Toyota behind and opened her umbrella. She would walk to the veterinary clinic, which was all the way across town. An hour later, she walked past the bakery. Whenever Jenna ran errands, she would take a few moments to treat herself. She sat down and lingered over a cup of coffee and a pastry for the next hour. Jenna then continued her journey. She walked another mile, coming to a pet store. Inside, she looked around for an hour before purchasing treats for the Narayan's animals. After another mile of walking, Jenna finally came to the veterinary clinic. There was a long line, so she sank down into one of the chairs. She had to wait another thirty minutes until her name was called. Jenna hurriedly signed the necessary papers while the receptionist walked into the back of the clinic. Jenna smiled as she saw the fluffy animal come galloping into the room. Jenna took the paperwork from the receptionist and walked outside.","['What fluffy animal did Jenna pick up from the vet?', 'How did Jenna get to the veterinary clinic?', 'How long did the errand take Jenna?']",A hamster.,She ran into the Narayan's house.,I don't know.
study2,d,15,p15d.txt,"Jessie was excited to hear the results after her husband's participation in yesterday's competition. She knew that her husband grew the sweetest mangos anywhere. The judges had already sampled them at the state fair yesterday and would meet with everyone today to share the results. Jessie stepped past a table of tangy lemons and entered the competition area. She needed to locate her husband at the judge's table before the judges arrived. Jessie took out her cell phone and called her husband. She hoped he could give her clear directions to his location. After a brief and tense conversation, she realized that she was on the wrong side of the vast fair! Jessie hung up her phone and decided to enjoy this side of the fair before she met her husband. First, she waited in line for a half hour to get lemonade. For the next hour, she wandered among the booths. When she had seen everything she wanted to see, Jessie strolled back to her car. She drove the two miles to the other side of fair, where her husband was. The traffic was a mess. Forty-five minutes later, Jessie finally arrived at her destination. She perused the countless brown tables covered in hearty food. She stopped to use the restroom and had to wait in the longest line she had ever seen. A half hour later, she finally joined her husband at the judge's table just in time to see the three judges approach. Jessie was ecstatic when her husband's sweet fruit was announced as the grand prize winner. She jumped up and down in excitement as the oldest judge handed her husband a blue ribbon!","[""What type of sweet fruit did Jessie's husband enter into the competition?"", ""Did Jessie arrive at the judge's tent in a timely manner?"", ""At the start of the story, how far away was Jessie from the judge's tent?""]",The grand prize winner was a mango that Jessie received as a gift from her husband.,"Yes, she arrived in time to see the winner announce his prize.",Jessie was a few feet away from the tent.
study2,d,16,p16d.txt,"Keisha looked around the bus stop with a sigh. She couldn't believe her car had broken down again. She sat on a wooden bench and pulled out her glossy pamphlet. The bench cut into the backs of her legs since she wasn't tall enough for her feet to touch the ground. She pushed aside a tattered comic and settled in to wait for the 8:57 bus. She waited and waited but the bus never came. After a half hour, she realized that she had missed it. She had no other choice but to wait patiently for the 10:25 bus. It arrived almost an hour later. Tired and late for work, she took a seat near the front. The traffic was heavy, and the bus started to crawl the few miles to her work. After one mile, it stopped in front of the bakery. Several people slowly boarded. The bus continued along its slow journey. After another mile, it stopped in front of the grocery store. A large number of passengers boarded there. One mile later, the bus gave a jolt and rolled to a stop. It took an hour for a mechanic to arrive. It took another hour for him to fix the problem. Eventually, the bus shuddered back to life. The traffic was still heavy. A half hour later, the bus finally stopped in front of her work. At that moment, she realized that she had left her glossy reading material on the bench at the bus stop. She crossed her fingers that her car would be fixed by that afternoon, and she would be able to drive to work.","['What glossy reading material did Keisha leave on the bench?', 'What issues did Keisha have getting to work?', 'Despite her lack of car, did Keisha arrive at work in a timely manner?']",The glossy reading material was a copy of her pamphlet.,"Keisha was tired and late for work, so she took a bus to work.",Yes.
study2,d,17,p17d.txt,"It was late at night when Ryan, a rookie cop, responded to the call. He was eager to start the process that could eventually lead to an arrest. Ryan scanned the scene. His eyes immediately landed on the bloody club lying ominously in the doorway. The only other scene he had investigated was one involving a silver axe. He reached for his kit for processing crime scenes. Just then, he remembered that he had left his kit for processing crime scenes at home. Ryan's superiors hadn't arrived yet, so he took his time walking to his car. Ryan climbed in and started to drive the several miles back to his house. The football game had just ended, and the traffic was heavy. A half hour later, Ryan passed a gas station. His tank was almost empty, so he pulled in and filled it up. The credit card machine was broken so he had to wait in line to pay inside. Afterwards, Ryan realized that he was hungry. He spent the next thirty minutes searching for a deli that was still open. When he found one, he bought a sandwich and a soft drink. He took them to the park across the street and enjoyed the snack. When he finally arrived at his house, it took him an hour to find his kit. Mentally, Ryan prepared himself for the next steps he would take in processing the scene. He would start by analyzing the bloody weapon that he found at the house. He would have to use the equipment to dust for fingerprints. Ryan knew that if he worked methodically, his thorough approach would produce results that would help to apprehend the guilty.","['What bloody weapon was Ryan going to dust for fingerprints?', 'Where did Ryan end up finding his kit for processing crime scenes?', 'How long did Ryan search for his kit?']",Ryan was going to use the bloody club as a source of evidence.,He bought his kit at a liquor store.,Ryan searched for his kit for more than an hour.
study2,d,18,p18d.txt,"Sarah could hardly believe that her little sister was turning thirteen tomorrow. As usual, she had waited until the last minute to purchase her present. What would a new teenager want? Sarah recalled what was at the top of her wish list at that age: clothes. She was going to find her sister the perfect outfit. Well, maybe not an entire outfit, but Sarah would find her sister a perfect trendy skirt. She wouldn't buy a paisley coat like her mother had purchased for a gift. Sarah had several hours before she needed to be back home for the birthday dinner. She strolled out to her car. She carefully backed out of the driveway and drove into town. An hour later, Sarah arrived at the mall. Sarah took her time negotiating through the crowds. She browsed for herself before focusing on her sister. Two hours later, Sarah had not found anything she or her sister would like. She returned to her car and drove several more miles through thick traffic. As she passed the hair salon, she decided that she had time to update her highlights. Two hours later, she felt like a new woman. She hopped back into her car and drove on. She arrived at the outlet store and made her way inside. She spent an hour searching through the racks of merchandise. That's when she found it. It was the perfect piece of trendy clothing and she knew her sister would love it. Sarah pushed aside hangers in order to look for her sister's size. She found the correct one and walked to the register. She smiled, anticipating the pleased look on her sister's face.","['What piece of trendy clothing did Sarah buy for her sister?', 'How much time did Sarah have to shop before she needed to be back at home?', ""Where was the first place that Sarah tried to find her sister's birthday present?""]",A skirt.,She had an hour and fifteen minutes.,The mall.
study2,d,19,p19d.txt,"The woman huddled on the floor. She watched the three men shatter the glass jewelry case with the butts of their guns. The men scooped the glitzy opals into black velvet bags. The woman was hidden behind the case filled with crimson garnets. She was close to the door that the robbers had carelessly left open. Although scared, she decided to escape and to try to find help. The woman grabbed her purse and slowly crawled across the floor. A half hour passed before the robbers were distracted enough for her to pass through the door frame. She crawled slowly, careful to avoid jostling the door. Once outside, she proceeded cautiously down the street, keeping to the shadows to avoid being spotted by a lookout. A half hour later, she came to a bank. She tried to find help, but it was closed. She continued carefully down the road. Not finding anyone, she cut across a construction site. She tripped over a concrete block, hit her head on a girder, and sunk into unconsciousness. When she finally woke several hours later, her head really hurt. At this point, she finally remembered the cell phone in her pocket. Feeling stupid, she retrieved it and carefully dialed 911. A little while later, she told the operators that a robbery had taken place. She also mentioned that the thieves had taken glitzy gems from the jewelry store. The woman closed her cell phone. She was exhausted. She breathed a sigh of relief, thankful that she'd been able to escape and call for help.","['What kind of glitzy gems did the robbers scoop into velvet bags?', 'How far did the woman end up traveling before she remembered the cell phone in her purse?', 'Were the robbers still in the jewelry store when the police arrived?']",The robbers had scooped the glitzy opals into black velvet bags.,She did not know.,Yes.
study2,d,20,p20d.txt,"The warrior slowly awakened with the morning sun, unprepared for the battle that was still hours away. He threw on his cotton scarf, bothered not at all by its tattered condition or egregious smell. He set aside his leather gloves and spent the next few hours polishing his armor before finally putting it on. He had fought many battles in his life, and had come close to dying several times. Today's battle was just a game, however; a competition to determine the best man in the land. He had fought many men over the years, many stronger than him. He had vanquished them all because combat is not about deploying one's strengths. Rather, it is about exploiting your opponent's weaknesses. These thoughts occupied him for hours. After this contemplation, the warrior realized that it would be a long time until his next meal. He slowly walked through the village in search of his favorite inn. The warrior sat down to a bit of ale and an old drumstick. This was his traditional meal before battle. He had actually come to hate drumsticks, but was far too superstitious to change his menu at this point in his life. He methodically consumed the few morsels for the energy they provided. Afterwards, he resumed his long journey. He traveled for several hours before stopping beside a peaceful brook. The warrior sank his hands into the water. He then wiped his soiled fingers on his cotton clothing before changing into his armor and preparing himself for battle.","['What cotton clothing item did the warrior wipe his soiled fingers on?', 'Where did the warrior eat his lunch?', 'How long did the warrior have to himself before the battle began?']",His leather gloves.,In the brook near the inn.,I do not know.
