study,version,passage_num,passage_file,passage_text,questions,question_1,question_2,question_3
study_1,A,01,p01A.txt,"Sophia straightened her suit, took a deep breath, and entered the hotel's bar, just off the lobby. She took a seat at an empty high-top table. She ordered an amber beer, hoping to calm her nerves. The waitress set Sophia's drink on the table and moved on. Before Sophia could even take a sip, her cell phone rang. It was the client calling to confirm their meeting in the lobby of the Madison Hotel. Sophia checked her watch and confirmed that their meeting would begin in ten minutes. She hung up her phone and took a deep breath. Sophia was not looking forward to meeting with this client. He had been very temperamental and borderline rude the last time they met. His arrogant attitude always put her on edge. Over the next few minutes, Sophia made room on the table for some papers and dumped the contents of her briefcase in front of her. She nervously sorted through the documents. Five minutes later, Sophia realized she wouldn't be able to concentrate. She hurried out of the bar, back into the hotel lobby. Sophia quickened her pace when she noticed the client already sitting in a chair, waiting. He rose from his chair and instantly launched into a list of his complaints. Sophia pasted a smile on her face and found herself wishing for the amber beverage she left back in the bar. She mentally prepared herself for what was sure to be a difficult meeting.","['What amber beverage did Sophia leave back at the bar?', 'What did Sophia do before she left the bar?', 'Where was Sophia supposed to meet the client?']",An amber beer.,"She waited for her driver's license to be processed, and then she walked to the hotel lobby.",In a nearby bar.
study_1,A,02,p02A.txt,"Everyone squeezed into the family room, anxious to begin the treasure hunt, an annual family tradition. Joshua loved the party atmosphere and could hardly wait for the day's activities. Children pushed and giggled and the adults gossiped until the booming voice of the jolly uncle could be heard over the excited crowd. ""Everyone knows how this works,"" he shouted. ""I've hidden the family trophy. We end today's search at the park next door. Remember, the first one to find it receives the cash prize and bragging rights for a year. Same rules as always! Ready, set... Go!"" Joshua's heart fluttered in excitement. The trophy was hidden somewhere in the house. Joshua took a few seconds to think about his strategy. He loved challenges like these. He wanted to escape the notice of the others before he started his search. He had a pretty good idea where the treasure might be hidden. Luckily, the room cleared in a few minutes as everyone raced to the more obvious hiding areas: the attic and the basement. Joshua looked around to make sure that no one was in the vicinity of the family room, and then he began his search right there. Minutes later, he carefully climbed the tall bookcase and pulled the trophy from the top shelf where it was hidden behind some volumes. Joshua jumped down and shouted his success. The jolly relative rang a large bell to signal the end of the treasure hunt. Once everyone had gathered in the park, he picked up the excited boy and, holding him high, pronounced Joshua the winner. The family surrounded the boy with their congratulations; the younger ones helping Joshua celebrate his new windfall. Still laughing and talking, the family sat at the picnic table for the celebratory meal.","['Which jolly relative rang the bell to signal the end of the treasure hunt?', 'Where did Joshua look for the treasure first?', 'Where did this treasure hunt take place?']",Josh,The attic.,On the fifth floor of the family's house.
study_1,A,03,p03A.txt,"Wiping his brow with the kitchen towel, the chef paused for a moment in his preparations to survey the mess he had created. This meal had to be perfect, flawless from the appetizers to the dessert. Not wanting to waste time, he picked up the gleaming knife and continued to cut the vegetables for the salad. The timer sounded, signaling that it was time to apply the herb rub to the roast. Where did he put those spices? How could he have forgotten something like that on such an important day? He must have left them in his catering van. Discouraged, the chef couldn't believe that he wasn't prepared for this. Some of the city's most important people would be attending this dinner. To forget something as important as his spices for the roast was the equivalent of professional suicide. The chef only allowed these worries to occupy his mind for a few minutes. Then, jumping up, he ran through the kitchen and out into the rented hall. The tables were beautiful with their floral centerpieces and decadent desserts. Miraculously, he saw his box of spices sitting on the first table! He must have set it down on his way into the kitchen. The chef straightened his shoulders and reclaimed his confidence. He could envision how everything would go. He would first combine the spices in a bowl. Then, he would slide the seasoned roast back into the oven. Finally, he would use his gleaming utensil to complete the preparations. If tonight was successful, he could look forward to an exciting career in the catering business.","['Which gleaming utensil would the chef use to complete his preparations?', 'Given how long it took to retrieve his spices, should the chef have been so frustrated?', 'Where was the chef when he realized that he had forgotten his spice kit?']",Knife.,He had to be.,"At the top of the stairs, his eyes glued to the clock."
study_1,A,05,p05A.txt,"The two girls had never been to the zoo. This trip with their father, Jared, would be the first. The girls endlessly reminded their father that they had to see the fierce lion while they were there. Jared reminded his girls of the other animals that they could see but the girls would not be distracted from their goal. Jared helped his girls examine the zoo map at the entrance. The girls giggled as they made it a race to see who could find the exhibit first. Seconds later, the oldest daughter found it. The exhibit was only a few yards away. She grabbed her sister's hand and pulled on Jared's coat. The girls started running. Jared tried to slow them down, but finally gave in to their eagerness with a laugh. He ran after his excited girls. A few minutes later, he caught up with the girls. They stood before the exhibit. Jumping up and down in excitement, the girls could finally see the fierce animal in the distance. After the girls had their fill of looking at that exhibit, they smiled with satisfaction. The zoo had been a success.","[""Which fierce animal did Jared's girls want to see?"", ""How long did it take for Jared and his girls to travel from the zoo's entrance to the exhibit?"", ""Where was the exhibit located in relation to the zoo's entrance?""]",The lion.,Jared and his girls needed less than ten minutes to travel from the entrance to the exhibit.,"The exhibit was located at the corner of the zoo's front entrance, just outside of the gate."
study_1,A,06,p06A.txt,"The aviation mechanic buried his head in his work rag. He attempted to soak up some of the sweat streaming down his face. He had forgotten a few of his tools, including the one he needed for this repair. He kicked the plastic chair. He longed for the days when he was part of a line maintenance crew, making the simple checks and adjustments necessary before take-offs. He quickly realized that he didn't have time to vent his frustration even though he wanted to. He was up against a deadline just like he always was. He looked around the hangar. The mechanic took a second to moan over the time he would lose looking for his tool. Then he sprang into action. He was about to run to his car when he tripped over his toolbox. He was thankful that he wouldn't have to run out to his car after all. He bent down to rummage through its contents. It took him only a few seconds to locate the forgotten tool. Rising to his feet, he thought about his problem controlling his temper. He felt foolish for kicking the plastic furniture earlier, when he was frustrated. Experience had told him that simple mistakes were nothing to get upset about. Problems usually resolved themselves in the end.","['What piece of plastic furniture did the mechanic kick out of frustration?', 'Where did the mechanic find his toolbox?', 'What was the first thing the mechanic did in order to find his toolbox?']",The work rag.,Inside a toolbox.,He ran to his car.
study_1,A,07,p07A.txt,"Jason looked around his high school gymnasium. It was overwhelmed by the large number of booths, each representing a different career. He wanted to pursue a career in the field of education as a motivating teacher, so locating that information table was his top priority. Jason was grateful for the opportunity to learn more about a variety of jobs. His class requirement was to distribute a minimum of three resumes and participate in interviews today. Many of his classmates today were frustrated with this requirement. Jason, however, was actually looking forward to doing some research about possible career paths. He started to walk across the gym. He hoped he remembered to bring his paperwork. In particular, he needed his resumes so that he could distribute them. Jason had spent a tremendous amount of time collecting the requisite information, and formatting it in an appealing way. He was going to be in big trouble if he didn't have them. Jason felt panic for the briefest of moments. However, he quickly regained his composure. He was usually responsible and thorough when it came to such details. He reached his hand into his bag and began rummaging around. Seconds later, he found his stack of resumes under the papers. Jason was relieved he had the necessary paperwork to start looking into the motivating career he was interested in. He stuffed the stack of resumes in his bag.","['What motivating career did Jason see himself doing in the future?', 'How long did it take for Jason to locate his resumes?', 'Where was the first place that Jason looked for his resumes?']",Jason saw himself working with children in the following career.,It took him less than a minute.,The HR department of his school.
study_1,A,08,p08A.txt,"A soft breeze swirled Tamika's skirt around her ankles. The only sound in the cemetery was the whispering leaves. Tamika wiped a tear from her cheek as she stood by her mother's grave. Her mother's favorite flowers were yellow roses. Tamika placed a bouquet of them on the grave. She hurried out of the cemetery. She did not want to be in that place any longer than necessary. Some people like to linger in the places where their loved ones rest, but this was not Tamika's preference. Her visit to her mother's grave was over. As usual, she was overwhelmed by emotions and memories. Besides, she was meeting her friend for lunch in the cafe across the street. Tamika was very hungry and was glad their meeting was in only five minutes. Looking briefly in both directions, Tamika dashed across the street. Seconds later, she stepped from the cold into the warmth of the cafe. There were plenty of open tables. Tamika chose the one closest to the door. Even though it had been a difficult visit, Tamika was happy that she had put the yellow flowers on her mother's grave. She was sure that her mother would enjoy looking down on those beautiful blooms dancing in the breeze.","[""What kind of yellow flowers did Tamika put on her mother's grave?"", 'How far away was the restaurant where Tamika met her friend for lunch?', 'How long did Tamika have to wait before she was seated at the restaurant?']",Yellow roses,Tamika: I only met her for five minutes.,"Tamika could have waited for at least a half hour, but she was surprised that she was seated so quickly."
study_1,A,09,p09A.txt,"Sirens sounded in the distance. The criminal knew the authorities were closing in. He used a rusty hammer to pry open the old basement window. He started to climb out of the window but saw lights, so he retreated back inside. He sprinted through the house. The criminal burst through the front door. He knew he was safe from the authorities because the entrance was completely hidden by tall hedges. He paused for a moment, wondering what he could do to evade the law. Logic dictated that he stick to the shadows and proceed at a slow and deliberate pace, to avoid being discovered. The criminal used his common sense and did not run. He paused for a minute to think about his options. He needed to be smart about what he did next. His decision could mean the difference between freedom and jail. Seconds later, his thinking was interrupted by the sound of sirens. He decided the safest move was to stay where he was. The criminal retreated deeper into the hedges. He hoped his hiding spot wouldn't be discovered. The sirens passed moments later. The criminal sprung from his hiding place and raced to the house next door. The moon was shining brightly overhead as he paused to catch his breath and listen. The criminal decided it was safe to break into the house. He struggled to open a side window. The criminal wished he still had the rusty tool to help him in his efforts. After he got inside, he tiptoed around. When he got to the kitchen his heart sank when he saw two officers waiting to apprehend him.","['What rusty tool did the criminal wish he still had?', ""Where was the criminal's new hiding place?"", 'Did the police apprehend the criminal in a timely manner?']",A crowbar.,In the hedges! He's in the hedges!,The police did not apprehend the criminal in a timely manner.
study_1,A,10,p10A.txt,"Following the doctor's visit, The tension in the hospital room was palpable. All the parents could hear was the echo of the doctor's diagnosis: their daughter was battling an aggressive cancer. There was so much sadness here. Of course, it could have been worse. The parents were eager to do something to cheer up their daughter. They decided to find something that would make her smile when she woke up. The father remembered the gift store that he and his wife had seen. The father decided to buy their daughter a new teddy bear. His wife asked him to hurry. This was easy to do since the gift store was just down the hall from their daughter's room. Seconds later, the father started sprinting through the 7th floor of the hospital. After a few strides, he saw his neighbors walking down the hall. They had come to visit his daughter. They had brought colorful balloons, but the father pushed past the group. He raced to the gift store. He was the only customer in the store so the purchase was quick. Just a few minutes after arriving, he exited the store. He was physically tired from his hurrying. He was also emotionally drained. He tucked the teddy bear under his arm and took a deep breath. He knew they could be strong as they fought this aggressive disease as a family. Together, they would make it through this.","['Which aggressive disease was the daughter fighting?', 'Where was the gift store located?', ""What was the first thing the father did when he left his daughter's room?""]",Her metastatic breast cancer.,The gift store was located in the basement of the hospital.,"He called his wife, ""I love you""."
study_1,A,11,p11A.txt,"The music instructor looked outside. The snow that was falling beyond her window was dense and wet. Running her fingers lovingly over the shabby piano, she sighed. She prepared for the day. She was already cold so she wrapped another sweater around her thin shoulders. The day's lessons were about to start. Students traveled to her home every day. The music instructor liked this arrangement. It was convenient because she didn't have to leave her home. All she had to do was to wait for the students to arrive. The music instructor waited for only two minutes when her phone rang. It was her first student calling to cancel. The instructor settled in to wait for the second student. But only one minute later, her phone rang again. It was that student, also calling to cancel! The music instructor had barely hung up her cell when she heard from the third and final student of the day. He was also calling to cancel his lesson. The instructor suddenly had no lessons to teach for the day. Only a few minutes had passed. The music instructor hadn't even left her chair. Getting up, she walked to the front door to retrieve the day's mail. She looked forward to spending the afternoon in the warmth of her home, her fingers dancing over the shabby instrument she loved. She couldn't wait to ease into a familiar aria, letting her eyes drift closed so she could completely enjoy the music as she played. She hoped that someday one of her students would find the release and comfort that she did when she sat down on the bench.","['Which shabby instrument did the instructor love playing?', 'Where did the music instructor give her lessons?', 'How many students did the music instructor see today?']",The shabby instrument she loved playing was the piano.,In her home.,"When she left her house, she saw a total of 7 students."
study_1,A,12,p12A.txt,"Jason and Jenna smiled at each other. It was a wonderful date so far. They climbed out of the vintage sailboat. They were both hungry and eager for their lunch reservation after spending time on the water. The restaurant was only a few steps away, right next to the dock. This restaurant was always busy because it boasted beautiful views from practically any table. It also had a reputation for culinary creativity and expertise. The first time Jason and Jenna ate there, they both agreed that they had never seen such beautiful presentation of the meals they ordered. They were looking forward to a similar experience today. Jason and Jenna hustled up the dock because they did not want to lose their reservation. They had to make this reservation almost three weeks in advance in order to have a window seat during the lunch rush. Jason and Jenna arrived at the restaurant five minutes later. They had made it on time. As they were shown to their table, Jason asked Jenna which part of their date she liked the best so far. Jenna quickly said that she really enjoyed her time in the vintage vessel. Then, Jason and Jenna picked up the menu and they prepared to order.","['In which type of vintage vessel did Jason and Jenna start their date?', 'Where was the restaurant located?', 'How long did they wait at the restaurant before they were seated?']",It was a vintage sailboat.,It was not far from the main entrance of the beachfront resort.,They both waited at the restaurant for about 20 minutes.
study_1,A,13,p13A.txt,"Delilah and Joseph were in the process of moving from Chicago to London. The biggest remaining task was to pack their apartment. The many smaller items had already been packed. All that remained were a couple of the bigger items. They grabbed the wooden table in the dining room and began to dissemble it together. Joseph searched the remaining empty boxes for one that was big enough. Glancing at the clock, Delilah realized that their friends would be coming over to help them in twenty minutes. She looked over at the boxes that Joseph was sorting through. Panicking, she realized that none were big enough. Joseph saw his wife's distress. He needed to find a solution to the problem, and quick. He grabbed the car keys and was about to head out to buy a box. Just then, he remembered something that could help their situation. He had purchased a large packing box yesterday that he hadn't put with the others. It was just across the hall in their storage locker. Joseph stepped across the hall and quickly located the target of his search. As he picked it up, his stomach grumbled. Unfortunately, there was no time to eat. Their friends would be here any moment. Joseph was about to head back to help Delilah pack the pieces of the wooden furniture when his phone rang. It was Delilah calling to let him know that the ""reinforcements"" had arrived.","['What piece of wooden furniture were Joseph and Delilah trying to pack?', 'Where did Joseph first look for a suitable box?', ""How long was Joseph's search for a box that would suit their purposes?""]",The wooden table that housed the kitchen table,The big box that he had bought yesterday.,About twenty minutes.
study_1,A,14,p14A.txt,"Jenna sat on the blue couch with a sigh. She was here for the weekend doing a job for Mr. and Mrs. Narayan. Jenna hoped to earn enough for her senior ski trip. All she needed to do was to care for their pets while they were away for the weekend. Jenna's first task was to pick up the Narayan's friendly dog from his vet appointment. She walked outside as small raindrops started to fall. Jenna didn't want to get too wet. She closed her umbrella and hopped into her Toyota. She would drive to the veterinary clinic, which was just a couple blocks away. Jenna backed the car down the driveway. It momentarily crossed her mind that the Narayans were lucky to have an animal clinic so close by. She had lost a pet once because she couldn't get it to the veterinarian quickly enough. Jenna sped through the beautiful neighborhood. Minutes later, she pulled into the parking lot of the veterinary clinic. She had made it in record time: five minutes! She ran inside and was happy to find there was no line. She wrote her name on the list and waited patiently. The receptionist called her name just a few minutes later. Jenna hurriedly signed the necessary papers while the receptionist walked into the back of the clinic. Jenna smiled as she saw the friendly animal come galloping into the room. Jenna took the leash from the receptionist and walked outside.","['Which friendly animal did Jenna pick up from the vet?', 'How did Jenna get to the veterinary clinic?', 'How long did the errand take Jenna?']",A large German Shepherd.,Jenna was in the back of her car when she saw the friendly dog coming from the front door.,"I took the dog to the vet clinic, then went back to pick up his food."
study_1,A,15,p15A.txt,"Jessie was excited to hear the results after her husband's participation in yesterday's competition. She knew that her husband grew the sweetest apples anywhere. The judges had already sampled them at the state fair yesterday and would meet with everyone today to share the results. Jessie entered the competition area. She needed to locate her husband at the judge's table before the judges arrived. There were so many different displays. Jessie felt overwhelmed. She didn't like navigating through unfamiliar areas. Hundreds of people moved through countless brown tables covered in hearty food. If she didn't find her husband at the judge's table soon, she might miss her opportunity to congratulate him when the judges announced the results. Additionally, she knew how much her presence would mean to him. Jessie took out her cell phone and called her husband. Oddly enough, she heard a phone ringing with her husband's unique ring tone from somewhere close behind her. Jessie turned around and laughed when she saw that her husband was only twenty steps away from where she was standing. Seconds later, Jessie arrived at the judge's table. She was just in time to see the three judges approach. Jessie was ecstatic when her husband's sweet fruit was announced as the grand prize winner. She jumped up and down in excitement as the oldest judge handed her husband a blue ribbon!","[""What type of sweet fruit did Jessie's husband enter into the competition?"", ""Did Jessie arrive at the judge's tent in a timely manner?"", ""How far away was Jessie at the start of the story from the judge's tent?""]",Apple.,Yes!,Jessie was just ten feet from the judge's tent.
study_1,A,16,p16A.txt,"Keisha looked around the bus stop with a sigh. She couldn't believe her car had broken down again. She sat on a wooden bench and pulled out her glossy paperback. The bench cut into the backs of her legs since she wasn't tall enough for her feet to touch the ground. She settled in to wait for the 8:57 bus. Keisha was anxious for the bus to arrive. Although she worked nearby, her knees had been giving her trouble and they made the short walk difficult. Four minutes later, the city bus rounded the corner. Keisha stood up and grabbed her things. She took a moment to stretch her legs. As she stood, she realized that her knees didn't feel too badly after all. Keisha decided to walk the block to her work. She watched the bus pull away. She was glad she had sat for a few minutes on the bench. It gave her knees a chance to loosen up. Keisha stepped away from the bus stop and briskly walked the two blocks to her office. She arrived at work five minutes later. At that moment, she realized that she had left her glossy book on the bench at the bus stop. She crossed her fingers that her car would be fixed by that afternoon, and she would be able to drive to work.","['What glossy book did Keisha leave on the bench?', 'What issues did Keisha have getting to work?', 'Despite her lack of car, did Keisha arrive at work in a timely manner?']","A copy of ""The Art of War.",Keisha had to take the subway to work.,Yes
study_1,A,17,p17A.txt,"It was late at night when Ryan, a rookie cop, responded to the call. He was eager to start the process that could eventually lead to an arrest. Ryan scanned the scene. His eyes immediately landed on the gleaming gun lying ominously in the doorway. He reached for his kit for processing crime scenes. Just then, he realized that it was missing. He needed to start remembering to arrive with all his equipment. His scatterbrained ways would get him in trouble some day. They had in the past. Ryan let out a frustrated groan. He panicked for a moment and wondered where his kit could be. There was no way he could collect any evidence without it. Then, Ryan remembered that he had left the kit in his car. His superiors hadn't arrived yet, so he sprinted outside to the front yard. It only took a minute. Ryan's car was parked in the driveway. Ryan whipped open the door and climbed inside. It only took him a few seconds to locate the kit. Ryan breathed a sigh of relief when it was safely in his hand. Mentally, Ryan prepared himself for the next steps he would take in processing the scene. He would start with analyzing the gleaming weapon found at the house. He would have to use the equipment to dust for fingerprints. Ryan knew that if he worked methodically, his thorough approach would produce results that would help to apprehend the guilty.","['What gleaming weapon was Ryan going to dust for fingerprints?', 'Where did Ryan end up finding his kit for processing crime scenes?', 'How long did Ryan search for his kit?']","It was just a Beretta 92, a 9mm pistol.",He had been assigned to the Special Victims Bureau.,He searched for approximately 30 minutes.
study_1,A,18,p18A.txt,"Sarah could hardly believe that her little sister was turning thirteen tomorrow. As usual, she had waited until the last minute to purchase her present. What would a new teenager want? Sarah recalled what was at the top of her wish list at that age: clothes. She was going to find her sister the perfect outfit. Well, maybe not an entire outfit, but Sarah would find her a pair of trendy pants. Sarah had only thirty minutes before she had to be back home for the birthday dinner. This meant she really needed to rush! She was glad she had come to this store to search for her sister's present. It was a chic boutique that catered to the tastes of the young and the fashionable. Her sister was very picky and only a few items would fit her style. Sarah surveyed the empty store. It would only take a few minutes to survey the inventory. Unfortunately, she didn't have the time to look for anything for herself. Her focus was completely on her sister. Sarah examined the first rack. Mere seconds later, she found it. It was the perfect piece of trendy clothing. Sarah knew her sister would love it. She pushed aside hangers in order to look for her sister's size. She found the correct one and walked to the register. She smiled, anticipating the pleased look on her sister's face.","['What piece of trendy clothing did Sarah buy for her sister?', 'How much time did Sarah have to shop before she needed to be back at home?', ""Where was the first place that Sarah tried to find her sister's birthday present?""]",The perfect pair of pants.,"One minute, one second.",Shoplifting.
study_1,A,19,p19A.txt,"The woman huddled on the floor. She watched the three men shatter the glass jewelry case with the butts of their guns. The men scooped the glitzy diamonds into black velvet bags. The woman was close to the door that the robbers had carelessly left open. Although scared, she decided to escape and to try to find help. The woman grabbed her purse and quickly slid across the floor. She launched herself through the doorway. Seconds later, she jumped to her feet And scampered around to the side of the building. She decided she'd be safe hiding there in the shadows. The woman spent a brief minute trying to calm her racing heart. She had to find a way to get help! She couldn't help but think of all those other customers in the jewelry store. They were helpless unless she could contact the authorities. At that moment, she remembered the cell phone in her pocket. Feeling stupid, she retrieved the phone, flipped it open, and hurriedly dialed 911. Seconds later, she told the operator that a robbery was taking place. When asked for the address, she replied that she didn't know. She also mentioned that thieves were grabbing the glitzy gems. The woman closed her cell phone, exhausted. She breathed a sigh of relief, thankful that she had been able to escape and call for help.","['What kind of glitzy gems did the robbers scoop into the velvet bags?', 'How far did the woman end up traveling before she remembered the cell', 'Were the robbers still in the jewelry store when the police arrived?']","The jewelry store had a large assortment of gold, platinum, and diamonds.","The woman, who had been walking for two hours, finally stopped to rest a little.",Nope.
study_1,A,20,p20A.txt,"The warrior sprung from his afternoon nap, ready for the battle that was a half hour away. He threw on his wool shirt, bothered not at all by its tattered condition or egregious smell. Many thoughts raced through his mind. He had fought many battles in his life, and had come close to dying several times. Today's battle was just a game, however; a competition to determine the best man in the land. He had fought many men over the years, many stronger than him. He had vanquished them all because combat is not about deploying one's strengths. Rather, it is about exploiting your opponent's weaknesses. These thoughts flowed through his mind. The warrior was hungry for a quick meal. He rifled through his stack of provisions. The warrior sat down to a bit of ale and an old drumstick. This was his traditional meal before battle. He had actually come to hate drumsticks, but was far too superstitious to change his menu at this point in his life. The warrior rapidly devoured the few morsels for the energy they provided. He finished the meal in a matter of minutes. He then pushed his chair back from the table. He walked to the large bowl of water in the corner and dropped to his knees. The warrior sank his hands into the water. He then wiped his soiled fingers on his wool clothing. Finally, he changed into his armor and prepared himself for battle.","['Which wool clothing item did the warrior wipe his soiled fingers on?', 'Where did the warrior eat his lunch?', 'How long did the warrior have to himself before the battle began?']","In this battle, an ancient warrior was in need of an upgrade.",In the corner of his room.,He had plenty of time.
study_1,B,01,p01B.txt,"Sophia straightened her suit, took a deep breath, and entered the hotel's bar, just off the lobby. She took a seat at an empty high-top table. She ordered an amber beer, hoping to calm her nerves. The waitress set Sophia's drink on the table and moved on. Before Sophia could even take a sip, her cell phone rang. It was the client calling to confirm their meeting in the lobby of the Madison Hotel. Sophia checked her watch and confirmed that their meeting would begin in two hours. She hung up her phone and took a deep breath. Sophia was not looking forward to meeting with this client. She spent the next half hour recalling how their last interaction had gone. His arrogant attitude always put her on edge. Sophia made room on the table for some papers and dumped the contents of her briefcase in front of her. She spent over an hour sorting through the documents and rehearsing her presentation. Then, Sophia realized she couldn't possibly be more prepared than she already was. Sophia signaled for the check and waited fifteen minutes for the waitress to total her tab. She walked slowly out of the bar and into the lobby. Sophia sighed when she noticed the client already sitting in a chair, waiting. He rose from his chair and instantly launched into a list of his complaints. Sophia pasted a smile on her face and found herself wishing for the amber beverage she left back in the bar. She mentally prepared herself for what was sure to be a difficult meeting.","['What amber beverage did Sophia leave back at the bar?', 'What did Sophia do before she left the bar?', 'Where was Sophia supposed to meet the client?']",I left a small bottle of tequila and a Corona bottle of rum in the bar.,Sophia did not do anything.,"The Madison Hotel, lobby."
study_1,B,02,p02B.txt,"Everyone squeezed into the family room, anxious to begin the treasure hunt, an annual family tradition. Joshua loved the party atmosphere and could hardly wait for the day's activities. Children pushed and giggled and the adults gossiped until the booming voice of the jolly uncle could be heard over the excited crowd. ""Everyone knows how this works,"" he shouted. ""I've hidden the family trophy. We end today's search at the park next door. Remember, the first one to find it receives the cash prize and bragging rights for a year. Same rules as always! Ready, set... Go!"" Joshua's heart fluttered in excitement. The trophy was hidden somewhere in the house. Joshua sat on the couch and took several minutes to think about his strategy. He wanted to escape the notice of the others before he started his search. He had a pretty good idea where the treasure might be hidden. Unfortunately, many of the adults stayed behind and talked since they hadn't seen each other in awhile. Joshua leaned back on the couch and stared at the bookcase across from him. He saw the edge of the trophy sticking out from behind some volumes on the top shelf. Trying to appear casual, he had to wait over an hour for everyone to leave. Finally, the room was clear! Joshua searched the room for something to stand on so he could reach the top shelf. Much later, he decided he must just carefully climb up the tall bookcase. He pulled the trophy from the top shelf. Joshua climbed down and shouted his success. The jolly relative rang a large bell to signal the end of the treasure hunt. Once everyone had gathered in the park, he picked up the excited boy and, holding him high, pronounced Joshua the winner. The family surrounded the boy with their congratulations; the younger ones helping Joshua celebrate his new windfall. Still laughing and talking, the family sat at the picnic table for the celebratory meal.","['Which jolly relative rang the bell to signal the end of the treasure hunt?', 'Where did Joshua look for the treasure first?', 'Where did this treasure hunt take place?']",The uncle who had helped him with his family's treasure hunt years before.,In the backyard.,A long time ago.
study_1,B,03,p03B.txt,"Wiping his brow with the kitchen towel, the chef paused for a moment in his preparations to survey the mess he had created. This meal had to be perfect, flawless from the appetizers to the dessert. Not wanting to waste time, he picked up the gleaming knife and continued to cut the vegetables for the salad. The timer sounded, signaling that it was time to apply the herb rub to the roast. Where did he put those spices? How could he have forgotten something like that on such an important day? He must have left them in his catering van. Discouraged, the chef couldn't believe that he wasn't prepared for this. Some of the city's most important people would be attending this dinner. These worries occupied the chef's mind for quite awhile. An hour later, a florist arrived to deliver the centerpieces. The chef spent a long time arguing with the florist about the best placement for the flowers as they set up the tables. Over an hour later, a pastry chef arrived with the desserts for the event. The chef stood up to look at the desserts. He spent a half hour talking to the chef about a future event he was catering where he would also need desserts. It was then that he spotted his box of spices sitting on the first table! He must have set it down on his way into the kitchen. The chef straightened his shoulders. He could envision how everything would go. He would first combine the spices in a bowl. Then, he would slide the seasoned roast back into the oven. Finally, he would use his gleaming utensil to complete the preparations. If tonight was successful, he could look forward to an exciting career in the catering business.","['Which gleaming utensil would the chef use to complete his preparations?', 'Given how long it took to retrieve his spices, should the chef have been so frustrated?', 'Where was the chef when he realized that he had forgotten his spice kit?']",A fork.,No.,He was out of the kitchen.
study_1,B,05,p05B.txt,"The two girls had never been to the zoo. This trip with their father, Jared, would be the first. The girls endlessly reminded their father that they had to see the fierce lion while they were there. Jared reminded his girls of the other animals that they could see but the girls would not be distracted from their goal. Jared helped his girls examine the zoo map at the entrance. The girls giggled as they made it a race to see who could find the exhibit first. Jared saw this as an opportunity. He spent the next hour teaching the girls how to read a map. The girls turned it into a game and asked Jared to quiz them by asking them to find different locations on the map. An hour passed before the older girl finally found the exhibit. The exhibit was only a few yards away. She grabbed her younger sister's hand and pulled on Jared's coat. The girls started running but then Jared called for them to slow down. Rounding a bend, they came to the exhibit. Jumping up and down in excitement, the girls could finally see the fierce animal in the distance. After the girls had their fill of looking at that exhibit, they smiled with satisfaction. The zoo had been a success.","[""Which fierce animal did Jared's girls want to see?"", ""How long did it take for Jared and his girls to travel from the zoo's entrance to the exhibit?"", ""Where was the exhibit located in relation to the zoo's entrance?""]",The lion,Approximately 30 minutes.,The exhibit was located where the girls had run to in the beginning of the hour.
study_1,B,06,p06B.txt,"The aviation mechanic buried his head in his work rag. He attempted to soak up some of the sweat streaming down his face. He had forgotten a few of his tools, including the one he needed for this repair. He kicked the plastic chair. He longed for the days when he was part of a line maintenance crew, making the simple checks and adjustments necessary before take-offs. He was up against a deadline, and he froze with fear. It took him a half hour to calm down. The mechanic looked around the hangar. He spent several minutes mourning the time he would lose looking for his tool. Eventually, he forced himself into action. The mechanic was about to trudge off toward his car when he tripped over his toolbox. As he got back to his feet, he saw his friend Sam walking over for a visit. They spent a couple of hours dissecting last night's game. When Sam finally left, the mechanic bent down to rummage through his toolbox. It took forever to locate the forgotten tool. Tired and hot, he rose to his feet. He thought about his problem controlling his temper. He felt foolish for kicking the plastic furniture earlier, when he was frustrated. Experience had told him that simple mistakes were nothing to get upset about. Problems usually resolved themselves in the end.","['What piece of plastic furniture did the mechanic kick out of frustration?', 'Where did the mechanic find his toolbox?', 'What was the first thing the mechanic did in order to find his toolbox?']",The plastic.,He was working on a repair on his car.,He went to his work area and gathered all of his tools.
study_1,B,07,p07B.txt,"Jason looked around his high school gymnasium. It was overwhelmed by the large number of booths, each representing a different career. He wanted to pursue a career in the field of education as a motivating teacher, so locating that information table was his top priority. Jason was grateful for the opportunity to learn more about a variety of jobs. His class requirement was to distribute a minimum of three resumes and participate in interviews today. Many of his classmates were frustrated with this requirement. Jason was one of them. He joined a couple of friends in the corner of the gym. They spent an hour complaining about having to attend this event. When his friends departed, Jason had no excuse to not participate in the career fair. He slowly made his way across the gym. He hoped he remembered to bring his paperwork. In particular, he needed his resumes so that he could distribute them. Jason had spent a tremendous amount of time collecting the requisite information, and formatting it in an appealing way. He was going to be in big trouble if he didn't have them. Jason dumped out the entire contents of his bag onto the gymnasium floor. A half hour later, he found his stack of resumes under the papers. Jason was relieved he had the necessary paperwork to start looking into the motivating career he was interested in. He stuffed the stack of resumes in his bag.","['What motivating career did Jason see himself doing in the future?', 'How long did it take for Jason to locate his resumes?', 'Where was the first place that Jason looked for his resumes?']",I can't think of any.,About twenty minutes.,The Career Fair!
study_1,B,08,p08B.txt,"A soft breeze swirled Tamika's skirt around her ankles. The only sound in the cemetery was the whispering leaves. Tamika wiped a tear from her cheek as she stood by her mother's grave. Her mother's favorite flowers were yellow roses. Tamika placed a bouquet of them on the grave. She paused at a bench outside the cemetery. She wasn't in a hurry to leave. She didn't get back to her hometown very often. She had even arranged to have lunch with an old friend. They would meet at the cafe across the street, but that wasn't for three more hours. As usual, Tamika was overwhelmed by emotions and memories. When she felt this way, meditation often helped her find her center. She closed her eyes and went through her mental exercises. As she did, she felt the stress leave her body. When she was completely calm, she exhaled deeply and checked her watch. Two hours had gone by! She walked across the street to the cafe. It was very busy and Tamika had to wait for a half hour before a table was free. Eventually, she plopped down in a seat and sighed. Even though it had been a difficult visit, Tamika was happy that she had put the yellow flowers on her mother's grave. She was sure that her mother would enjoy looking down on those beautiful blooms dancing in the breeze.","[""What kind of yellow flowers did Tamika put on her mother's grave?"", 'How far away was the restaurant where Tamika met her friend for lunch?', 'How long did Tamika have to wait before she was seated at the restaurant?']",The yellow roses.,About five minutes.,Three hours.
study_1,B,09,p09B.txt,"Sirens sounded in the distance. The criminal knew the authorities were closing in. He used a rusty hammer to pry open the old basement window. He started to climb out of the window but saw lights, so he retreated back inside. He sprinted through the house. The criminal burst through the front door. He knew he was safe from the authorities because the entrance was completely hidden by tall hedges. He paused for a moment, wondering what he could do to evade the law. Logic dictated that he stick to the shadows and proceed at a slow and deliberate pace, to avoid being discovered. The criminal used his common sense and did not run. He thought about his options for the next half hour, shielded by the tall hedges. He needed to be smart about what he did next. His decision could mean the difference between freedom and jail. After lengthy deliberation, the criminal decided it was safest to remain where he was. He retreated even deeper into the hedges. An hour later, he heard sirens. He hoped his hiding spot wouldn't be discovered. It was too dangerous to do anything now, so he settled in for a nap. He didn't wake until several hours later. The criminal left his hiding place behind and crawled to the house next door. The sun was beginning to rise as he paused to catch his breath and listen. The criminal decided it was safe to break into the house. He struggled to open a side window. The criminal wished he still had the rusty tool to help him in his efforts. After he got inside, he tiptoed around. When he got to the kitchen his heart sank when he saw two officers waiting to apprehend him.","['What rusty tool did the criminal wish he still had?', ""Where was the criminal's new hiding place?"", 'Did the police apprehend the criminal in a timely manner?']",His rusty hammer.,"He was in the basement, waiting for the authorities to close in.",Yes
study_1,B,10,p10B.txt,"Following the doctor's visit, The tension in the hospital room was palpable. All the parents could hear was the echo of the doctor's diagnosis: their daughter was battling an aggressive cancer. There was so much sadness here. Of course, it could have been worse. The parents were eager to do something to cheer up their daughter. They decided to find something that would make her smile when she woke up. The father remembered the gift store that he and his wife had seen. The father decided to buy their daughter a new teddy bear. His wife asked him to go to the gift store just down the hall from the daughter's room. She told him to take his time, to take a couple of hours to regain his strength. The father plodded down the 7th floor of the hospital in a state of shock. He leaned against the wall and closed his eyes. He was tired of the uncertainty. Over the next hour, he tried to think about happier times. As he opened his eyes, he saw his neighbors coming to visit his daughter. They had brought balloons. The father shared the devastating news. It took an hour to answer all of their questions. When he finished, he walked the few remaining steps to the gift store. A number of customers were in the store, and it took a half hour to make his purchase. As he exited the store, he took a deep breath. He knew they could be strong as they fought this aggressive disease as a family. Together, they would make it through this.","['Which aggressive disease was the daughter fighting?', 'Where was the gift store located?', ""What was the first thing the father did when he left his daughter's room?""]",Her disease is an aggressive form of neuroblastoma.,"The gift store was located in an area of the hospital known as ""the wings.",He bought a teddy bear.
study_1,B,11,p11B.txt,"The music instructor looked outside. The snow that was falling beyond her window was dense and wet. Running her fingers lovingly over the shabby piano, she sighed. She prepared for the day. She was already cold so she wrapped another sweater around her thin shoulders. The day's lessons were about to begin. Students traveled to her home for lessons every day. The music instructor liked this arrangement. It was convenient because she didn't have to leave her home. The music instructor had to wait half an hour for her first student to arrive. Anya's lesson was an hour long, but she was poorly prepared, and the time passed very slowly. There was a half hour gap before the next student arrived. Amy was a much better student. She made a lot of progress over the next hour with the music instructor's help. That left the music instructor with only one more lesson for the day: Jose. Jose was late as usual. Not surprisingly, he had not practiced since she saw him last. The hour-long lesson was very frustrating. As she closed the door behind him, she pondered whether to continue as his teacher. By this time in the day, the music instructor was exhausted. Her work was done and now she looked forward to spending the evening in the warmth of her home, her fingers dancing over the shabby instrument she loved. She couldn't wait to ease into a familiar aria, letting her eyes drift closed so she could completely enjoy the music as she played. She hoped that someday one of her students would find the release and comfort that she did when she sat down on the bench.","['Which shabby instrument did the instructor love playing?', 'Where did the music instructor give her lessons?', 'How many students did the music instructor see today?']",The piano.,The music instructor sat at the piano and played in the park outside of her home each day.,Just one.
study_1,B,12,p12B.txt,"Jason and Jenna smiled at each other. It was a wonderful date so far. They climbed out of the vintage sailboat. They were both hungry and eager for their lunch reservation after spending time on the water. The restaurant was only a few steps away, right next to the dock. Since it was such a beautiful day, Jason and Jenna decided to sit on the edge of the dock with their feet in the water. They soaked up the sun and spent an hour reliving the wonderful things they had done so far. Finally, Jason and Jenna dried their feet and decided to head to the restaurant. The first time Jason and Jenna ate there, they both agreed that they had never seen such beautiful presentation of the meals they ordered. Moments later, they walked in the door. The hostess informed them that the wait was an hour. They passed the time in the waiting area, planning future adventures. An hour later, the hostess found them. As they were shown to their table, Jason asked Jenna which part of their date she liked the best so far. Jenna quickly said that she really enjoyed her time in the vintage vessel. Then, Jason and Jenna picked up the menu and they prepared to order.","['In which type of vintage vessel did Jason and Jenna start their date?', 'Where was the restaurant located?', 'How long did they wait at the restaurant before they were seated?']",Jason and Jenna began their date at a vintage sailboat in the bay.,It was located at the end of the dock.,"As soon as they walked in the door, the hostess immediately ordered them to their table."
study_1,B,13,p13B.txt,"Delilah and Joseph were in the process of moving from Chicago to London. The biggest remaining task was to pack their apartment. The many smaller items had already been packed. All that remained were a couple of the bigger items. They grabbed the wooden table in the dining room and began to dissemble it together. Joseph searched the remaining empty boxes for one that was big enough. Glancing at the clock, Delilah realized that their friends would be coming over to help them in three hours. They had plenty of time. It took half an hour for Joseph to sort through the remaining boxes. None was big enough. Joseph saw his wife's distress. He needed to find a solution to the problem. Just then, he remembered something. He told Delilah that he had purchased a large packing box yesterday that he hadn't put with the others. It was just across the hall in their storage locker. Relieved, they decided to enjoy lunch before continuing. Delilah grabbed the leftovers from the refrigerator, and they sat on the floor and shared a small meal. Tired and full, they laid down for a power nap and were soon asleep. They woke a few hours later. Joseph rubbed the sleep from his eyes and stepped across the hall. It took him awhile to find the large cardboard box in the storage locker. Joseph was about to head back to help Delilah pack the pieces of the wooden furniture when his phone rang. It was Delilah calling to let him know that the ""reinforcements"" had arrived.","['What piece of wooden furniture were Joseph and Delilah trying to pack?', 'Where did Joseph first look for a suitable box?', ""How long was Joseph's search for a box that would suit their purposes?""]",The wooden table.,He looked in the attic where he had stored the furniture.,It could have been as long as three hours.
study_1,B,14,p14B.txt,"Jenna sat on the blue couch with a sigh. She was here for the weekend doing a job for Mr. and Mrs. Narayan. Jenna hoped to earn enough for her senior ski trip. All she needed to do was to care for their pets while they were away for the weekend. Jenna's first task was to pick up the Narayan's friendly dog from his vet appointment. She walked outside as small raindrops started to fall. Jenna didn't mind getting wet so she left her Toyota behind and opened her umbrella. She would walk to the veterinary clinic, which was just a couple blocks away. Jenna strolled down the driveway. At the end of the driveway, she stood with her eyes closed and listened to the sound of the rain hitting her umbrella. She loved that sound. A half hour later, Jenna started her stroll to the vet. Jenna had to be very careful where she stepped because deep puddles had formed, and she didn't want to ruin her shoes. She didn't mind her slow progress though; she loved the rain. Finally, Jenna walked into the veterinary clinic. There was a long line, so she sank down into one of the chairs. She had to wait another thirty minutes until her name was called. Jenna hurriedly signed the necessary papers while the receptionist walked into the back of the clinic. Jenna smiled as she saw the friendly animal come galloping into the room. Jenna took the leash from the receptionist and walked outside.","['Which friendly animal did Jenna pick up from the vet?', 'How did Jenna get to the veterinary clinic?', 'How long did the errand take Jenna?']",A fluffy toy dog.,She was walking back home after a long day of work.,Thirty-five minutes.
study_1,B,15,p15B.txt,"Jessie was excited to hear the results after her husband's participation in yesterday's competition. She knew that her husband grew the sweetest apples anywhere. The judges had already sampled them at the state fair yesterday and would meet with everyone today to share the results. Jessie entered the competition area. She needed to find her husband so that she could congratulate him when the results were announed. There were so many different displays. Jessie felt overwhelmed by the number of people present today. She needed to find her husband. She wanted to be able to support him when the judges announced the results. Jessie took out her cell phone and called him. When he picked up, he told her to turn around. When she did, she started laughing as she saw that he was only twenty steps away. She joined her husband and helped him prepare for the arrival of the judges. First, she tried to talk to her husband to calm him down. A half hour later, she realized that that wasn't working. Then she took out a deck of cards and suggested they play a game. Her husband laughed and they spent the next hour playing any silly, mindless game they could think of. Finally, much later, Jessie looked up to see the three judges approach. Jessie was ecstatic when her husband's sweet fruit was announced as the grand prize winner. She jumped up and down in excitement as the oldest judge handed her husband a blue ribbon!","[""What type of sweet fruit did Jessie's husband enter into the competition?"", ""Did Jessie arrive at the judge's tent in a timely manner?"", ""How far away was Jessie at the start of the story from the judge's tent?""]",The judges said his apple was the best.,Jessie arrived at the judges' tent after her husband's fruit was announced as the grand prize winner.,Jessie was twenty steps from the tent.
study_1,B,16,p16B.txt,"Keisha looked around the bus stop with a sigh. She couldn't believe her car had broken down again. She sat on a wooden bench and pulled out her glossy paperback. The bench cut into the backs of her legs since she wasn't tall enough for her feet to touch the ground. She settled in to wait for the 8:57 bus. She waited and waited but the bus never came. After a half hour, she realized that she had missed it. She had no other choice but to wait for the 10:25 bus. Just then, her phone rang. It was her mother, who loved to talk. It took an hour before Keisha could say goodbye and get off the phone. The 10:25 bus had yet to arrive. Keisha decided to just walk the block to her work. Keisha stood up and grabbed her things. She took a moment to stretch her legs. She had been sitting on the bench for almost two hours, and her knees were quite stiff. She slowly walked the two blocks to her office. She arrived at work twenty minutes later. At that moment, she realized that she had left her glossy book on the bench at the bus stop. She crossed her fingers that her car would be fixed by that afternoon, and she would be able to drive to work.","['What glossy book did Keisha leave on the bench?', 'What issues did Keisha have getting to work?', 'Despite her lack of car, did Keisha arrive at work in a timely manner?']",Keisha's glossy book was the first one she had ever read.,Keisha was alone at the bus stop.,"Yes, Keisha arrived at work in a timely manner."
study_1,B,17,p17B.txt,"It was late at night when Ryan, a rookie cop, responded to the call. He was eager to start the process that could eventually lead to an arrest. Ryan scanned the scene. His eyes immediately landed on the gleaming gun lying ominously in the doorway. He reached for his kit for processing crime scenes. Just then, he realized that it was missing. Ryan panicked for the next half hour, wondering where it was. There was no way he could collect evidence without it. His scatterbrained ways would get him in trouble some day. Eventually, Ryan remembered that he had left it in his car. Since his car was parked close by, in the driveway, he decided to relax. His superiors would not arrive for another hour or two. Ryan sat on a couch and flipped on the television. An hour later, he finally rose and walked outside. He looked up at the stars and started daydreaming about the future. He hoped he would rapidly ascend through the ranks. A half hour later, he roused himself and climbed into his car. It took him fifteen minutes to finally locate the kit. Mentally, Ryan prepared himself for the next steps he would take in processing the scene. He would start with analyzing the gleaming weapon found at the house. He would have to use the equipment to dust for fingerprints. Ryan knew that if he worked methodically, his thorough approach would produce results that would help to apprehend the guilty.","['What gleaming weapon was Ryan going to dust for fingerprints?', 'Where did Ryan end up finding his kit for processing crime scenes?', 'How long did Ryan search for his kit?']",The handgun that Ryan found in the house.,"In his personal backpack, which he kept in his police car.",The kit was in his car for only an hour and a half.
study_1,B,18,p18B.txt,"Sarah could hardly believe that her little sister was turning thirteen tomorrow. As usual, she had waited until the last minute to purchase her present. What would a new teenager want? Sarah recalled what was at the top of her wish list at that age: clothes. She was going to find her sister the perfect outfit. Well, maybe not an entire outfit, but Sarah would find her a pair of trendy pants. Sarah had several hours before she needed to be back home for the birthday dinner. She was glad she had come to this store to search for her sister's present. It was a chic boutique that catered to the tastes of the young and the fashionable. First, Sarah searched the store for something for herself. She tried on racks of coats for an hour without any luck. She then switched to shoes. An hour and many pairs later, still no luck. Exhausted, she finally shifted her focus to her sister's present. Sarah spent the next hour re-evaluating the store's inventory. It was tiring pushing through the thick crowds. She had almost lost hope when she came to the last rack. That's where she found it. It was the perfect piece of trendy clothing. Sarah knew her sister would love it. She pushed aside hangers in order to look for her sister's size. She found the correct one and walked to the register. She smiled, anticipating the pleased look on her sister's face.","['What piece of trendy clothing did Sarah buy for her sister?', 'How much time did Sarah have to shop before she needed to be back at home?', ""Where was the first place that Sarah tried to find her sister's birthday present?""]","Something for her to look good in, in a manner of speaking.",As much as she wanted.,At the beginning of Chapter 2.
study_1,B,19,p19B.txt,"The woman huddled on the floor. She watched the three men shatter the glass jewelry case with the butts of their guns. The men scooped the glitzy diamonds into black velvet bags. The woman was close to the door that the robbers had carelessly left open. Although scared, she decided to escape and to try to find help. The woman grabbed her purse and slowly crawled across the floor. A half hour passed before the robbers were distracted enough for her to pass through the door frame. She crawled slowly, careful to avoid jostling the door. Once outside, she carefully made her way to the side of the building. The woman decided she'd be safe hiding there in the shadows. She spent the next half hour trying to calm her racing heart. In her panic, the woman couldn't seem to catch her breath. She was hyperventilating! The combination of the crime and the heat got the best of her, and she passed out. She awoke two hours later. Finally, she remembered the cell phone in her pocket. She retrieved it and carefully dialed 911. A little while later, she told the operator that a robbery had taken place. She also mentioned that thieves had taken glitzy gems. The woman closed her cell phone, exhausted. She breathed a sigh of relief, thankful that she had been able to escape and call for help.","['What kind of glitzy gems did the robbers scoop into the velvet bags?', 'How far did the woman end up traveling before she remembered the cell', 'Were the robbers still in the jewelry store when the police arrived?']","Diamonds, most likely.","She was on the highway, heading northward toward the city of Houston.",Yes.
study_1,B,20,p20B.txt,"The warrior slowly awakened with the morning sun, unprepared for the battle that was still hours away. He threw on his wool shirt, bothered not at all by its tattered condition or egregious smell. He spent the next few hours polishing his armor before finally putting it on. He had fought many battles in his life, and had come close to dying several times. Today's battle was just a game, however; a competition to determine the best man in the land. He had fought many men over the years, many stronger than him. He had vanquished them all because combat is not about deploying one's strengths. Rather, it is about exploiting your opponent's weaknesses. These thoughts occupied him for hours. After this contemplation, the warrior realized it would be a long time until his next meal. He carefully examined his stack of provisions. The warrior sat down to a bit of ale and an old drumstick. This was his traditional meal before battle. He had actually come to hate drumsticks, but was far too superstitious to change his menu at this point in his life. He methodically consumed the few morsels for the energy they provided. Tired, he settled in and enjoyed a long, leisurely nap. When he woke much later, he walked to the large bowl of water in the corner and dropped to his knees. The warrior sank his hands into the water. He then wiped his soiled fingers on his wool clothing. Finally, he changed into his armor and prepared himself for battle.","['Which wool clothing item did the warrior wipe his soiled fingers on?', 'Where did the warrior eat his lunch?', 'How long did the warrior have to himself before the battle began?']",A tattered wool shirt,He ate his lunch in the kitchen.,He didn't have to spend much time alone.
study_1,C,01,p01C.txt,"Sophia straightened her suit, took a deep breath, and entered the hotel's bar, just off the lobby. She took a seat at an empty high-top table. She ordered an amber beer, hoping to calm her nerves. The waitress set Sophia's drink on the table and moved on. Before Sophia could even take a sip, her cell phone rang. It was the client calling to confirm their meeting in the lobby of the Madison Hotel. The Madison Hotel? Sophia was sitting in the wrong hotel. The Madison was several miles away! Sophia maintained her composure and assured the client that their meeting together would begin in ten minutes. She hung up her phone, grabbed her bag, and raced out of the hotel. It was raining heavily outside. Sophia stopped at the drugstore down the block to buy an umbrella. She quickly completed her purchase and hustled out of the store. She suddenly realized she would never make it in time on foot, so she hailed a cab. It was a good decision: She arrived at the Madison hotel ten minutes later. She was all wet, and dashed into the restroom to freshen up. After a few minutes, she looked much better. She hurried through the lobby where she saw the client impatiently waiting. He rose from his chair and instantly launched into a list of his complaints. Sophia pasted a smile on her face and found herself wishing for the amber beverage she left back in the bar. She mentally prepared herself for what was sure to be a difficult meeting.","['What amber beverage did Sophia leave back at the bar?', 'What did Sophia do before she left the bar?', 'Where was Sophia supposed to meet the client?']",A drink of her choice.,She waited for the cab to arrive.,In the lobby of Madison Hotel.
study_1,C,02,p02C.txt,"Everyone squeezed into the family room, anxious to begin the treasure hunt, an annual family tradition. Joshua loved the party atmosphere and could hardly wait for the day's activities. Children pushed and giggled and the adults gossiped until the booming voice of the jolly uncle could be heard over the excited crowd. ""Everyone knows how this works,"" he shouted. ""I've hidden the family trophy. We end today's search at the park next door. Remember, the first one to find it receives the cash prize and bragging rights for a year. Same rules as always! Ready, set... Go!"" Joshua's heart fluttered in excitement. The trophy was hidden somewhere in the neighborhood. Joshua needed a method in order to find the treasure first. He wanted to be sure that he wouldn't be followed. After a few minutes, he was able to begin. Leaving the house, he sprinted down several blocks. Joshua skidded around a corner, crouching behind a rock briefly when he spotted some cousins in the distance. He ran past several houses to arrive at the yard with the hollow tree. Climbing the fence, he tore his pants in his haste. Joshua tumbled to the other side and rushed to the tree. Moments later, he was standing on his tiptoes, peering inside. He found the hidden treasure! There was no time to celebrate his victory. Joshua grabbed the family trophy and sprinted to the park three blocks away, shouting his success. The jolly relative rang a large bell to signal the end of the treasure hunt. Once everyone had gathered in the park, he picked up the excited boy and, holding him high, pronounced Joshua the winner. The family surrounded the boy with their congratulations; the younger ones helping Joshua celebrate his new windfall. Still laughing and talking, the family sat at the picnic table for the celebratory meal.","['Which jolly relative rang the bell to signal the end of the treasure hunt?', 'Where did Joshua look for the treasure first?', 'Where did this treasure hunt take place?']",The jolly relative.,He looked in the hollow tree.,The annual family treasure hunt.
study_1,C,03,p03C.txt,"Wiping his brow with the kitchen towel, the chef paused for a moment in his preparations to survey the mess he had created. This meal had to be perfect, flawless from the appetizers to the dessert. Not wanting to waste time, he picked up the gleaming knife and continued to cut the vegetables for the salad. The timer sounded, signaling that it was time to apply the herb rub to the roast. Where did he put those spices? How could he have forgotten something like that on such an important day? He must have left them in his catering van. The chef ran through the kitchen and between dozens of tables. In a matter of seconds, he raced through the rented hall until he reached the exit. Bursting out of the double doors, he sprinted past a florist and a pastry shop, and up San Francisco's steepest hill. His van was parked at the very top. After five minutes of running, the chef was becoming very tired. At that moment, he looked to his left and noticed a trolley approaching. The chef grabbed a pole and jumped on the trolley. This mode of transportation allowed him to cover the remaining mile in a matter of minutes. Moments later, the chef hopped off the trolley and sprinted to his van. The chef grabbed the forgotten box of spices and breathed a sigh of relief. Catching his breath and reclaiming his confidence, he could envision how everything would go. He would first combine the spices in a bowl. Then, he would slide the seasoned roast back into the oven. Finally, he would use his gleaming utensil to complete the preparations. If tonight was successful, he could look forward to an exciting career in the catering business.","['Which gleaming utensil would the chef use to complete his preparations?', 'Given how long it took to retrieve his spices, should the chef have been so frustrated?', 'Where was the chef when he realized that he had forgotten his spice kit?']",The knife.,"Maybe, maybe not.",He was walking down a hill.
study_1,C,05,p05C.txt,"The two girls had never been to the zoo. This trip with their father, Jared, would be the first. The girls endlessly reminded their father that they had to see the fierce lion while they were there. Jared reminded his girls of the other animals that they could see but the girls would not be distracted from their goal. They rushed around their house as they tried to get ready to go. After five minutes of brushing teeth and combing hair, the family was ready. Traffic was light. The family's minivan covered the five miles to the zoo in just ten minutes. The trip was punctuated by the excited chatter of the girls. They were happy to be spending the day with their father. He sped through the parking lot and pulled into a parking spot right next to the zoo's main entrance. Jared grabbed his girls by their hands and they raced to the exhibit. Jumping up and down in excitement, the girls could finally see the fierce animal in the distance. After the girls had their fill of looking at that exhibit, they smiled with satisfaction. The zoo had been a success.","[""Which fierce animal did Jared's girls want to see?"", ""How long did it take for Jared and his girls to travel from the zoo's entrance to the exhibit?"", ""Where was the exhibit located in relation to the zoo's entrance?""]",The lion and the tortoise.,Jared and his daughters spent approximately 10 minutes at the entrance and another five minutes at the exhibit.,The exhibit was located on the second floor and directly across from the entrance.
study_1,C,06,p06C.txt,"The aviation mechanic buried his head in his work rag. He attempted to soak up some of the sweat streaming down his face. He had forgotten a few of his tools, including the one he needed for this repair. He kicked the plastic chair. He longed for the days when he was part of a line maintenance crew, making the simple checks and adjustments necessary before take-offs. There was no time to vent his frustration because he was up against a deadline. He raced out of the hangar. Seconds later, the mechanic started sprinting toward his car in the remote parking lot. That's where he kept his toolbox. He ran past the control tower. He didn't even have time to wave at his friend Sam. A few minutes later, he passed by the main office. Unfortunately, there was no time to pick up his check. He continued past the terminal, dodging travelers. He jogged to his car on the far side of the parking lot. The mechanic spilled the contents of his toolbox and quickly located the forgotten tool. Tired and hot, he thought about his problem controlling his temper. He felt foolish for kicking the plastic furniture earlier, when he was frustrated. Experience had told him that simple mistakes were nothing to get upset about. Problems usually resolved themselves in the end.","['What piece of plastic furniture did the mechanic kick out of frustration?', 'Where did the mechanic find his toolbox?', 'What was the first thing the mechanic did in order to find his toolbox?']",The tool box,He had forgotten his toolbox.,He got back in the car and raced toward his car.
study_1,C,07,p07C.txt,"Jason looked around his high school gymnasium. It was overwhelmed by the large number of booths, each representing a different career. He wanted to pursue a career in the field of education as a motivating teacher, so locating that information table was his top priority. Jason was grateful for the opportunity to learn more about a variety of jobs. His class requirement was to distribute a minimum of three resumes and participate in interviews today. Jason opened his bag to remove his resumes. He was irritated to realize that he had forgotten them at home. Unfortunately, his home was several miles away. Jason was frustrated, but at least he had driven to the school rather than walked. He sprinted out of the gymnasium and jumped in his car. Seconds later, he was speeding through town. Five minutes later, he came to a fork in the road. He decided to cut through the city park. This enabled him to avoid the traffic downtown. He emerged on the other side of the park a few minutes later. Next, he came to the high school and its athletic fields. He sped past them in less than a minute. Jason screeched to a halt in front of his house and ran inside. On one side of the coffee table was a stack of newspapers. He found his stack of resumes under the papers. Jason was relieved he had the necessary paperwork to start looking into the motivating career he was interested in. He stuffed the stack of resumes in his bag.","['What motivating career did Jason see himself doing in the future?', 'How long did it take for Jason to locate his resumes?', 'Where was the first place that Jason looked for his resumes?']",He had two options.,"Jason searched for his resume for six hours, until he found the information he needed.",In his home.
study_1,C,08,p08C.txt,"A soft breeze swirled Tamika's skirt around her ankles. The only sound in the cemetery was the whispering leaves. Tamika wiped a tear from her cheek as she stood by her mother's grave. Her mother's favorite flowers were yellow roses. Tamika placed a bouquet of them on the grave. Her pace quickened as she crossed the street and sprinted to her car. She didn't enjoy returning to her hometown, and wanted to leave as soon as possible. Besides, she was meeting her friend for lunch in the neighboring town. Tamika flew through her hometown in a matter of minutes. At the outskirts, she whipped through a drive through and grabbed a coffee. Tamika ignored the posted speed limits as she continued on her way. The next town was ten minutes away, and she wanted to get there as soon as possible. Minutes later, Tamika screeched into the parking lot. She dashed from the coolness outside to the warmth of the cafe. There were plenty of open tables. Tamika chose the one closest to the door. Even though it had been a difficult visit, Tamika was happy that she had put the yellow flowers on her mother's grave. She was sure that her mother would enjoy looking down on those beautiful blooms dancing in the breeze.","[""What kind of yellow flowers did Tamika put on her mother's grave?"", 'How far away was the restaurant where Tamika met her friend for lunch?', 'How long did Tamika have to wait before she was seated at the restaurant?']","Yellow roses, a favorite of Tamika's mother.",Tamika wasn't sure.,She had to wait about thirty minutes.
study_1,C,09,p09C.txt,"Sirens sounded in the distance. The criminal knew the authorities were closing in. He used a rusty hammer to pry open the old basement window. He started to climb out of the window but saw lights, so he retreated back inside. He sprinted through the house. The criminal burst through the front door. He knew he was safe from the authorities because the entrance was completely hidden by tall hedges. He paused for a moment, wondering what he could do to evade the law. Logic dictated that he stick to the shadows and proceed at a slow and deliberate pace, to avoid being discovered. But the criminal disregarded all common sense and started running. It was the only option. He ran for ten minutes, coming to a wooded area one mile away. The criminal didn't even break his stride as he dodged through the trees. He ran for ten more minutes, to a park another mile away. Suddenly, he heard sirens. He ducked inside a tube slide to hide. The criminal held his breath, hoping that his hiding spot wouldn't be discovered. When the sirens passed, he left his hiding place behind. He searched the neighborhood for a few minutes until he found a seemingly abandoned house. The moon was shining brightly overhead as he paused to catch his breath and listen. The criminal decided it was safe to break into the house. He struggled to open a side window. The criminal wished he still had the rusty tool to help him in his efforts. After he got inside, he tiptoed around. When he got to the kitchen his heart sank when he saw two officers waiting to apprehend him.","['What rusty tool did the criminal wish he still had?', ""Where was the criminal's new hiding place?"", 'Did the police apprehend the criminal in a timely manner?']","His rusty hammer, of course!",The criminal's new hiding place was a basement window.,No.
study_1,C,10,p10C.txt,"Following the doctor's visit, The tension in the hospital room was palpable. All the parents could hear was the echo of the doctor's diagnosis: their daughter was battling an aggressive cancer. There was so much sadness here. Of course, it could have been worse. The parents were eager to do something to cheer up their daughter. They decided to find something that would make her smile when she woke up. The father remembered the gift store that he and his wife had seen. The father decided to buy their daughter a new teddy bear. His wife asked him to hurry. This would be difficult because the gift store was several blocks away. The father sprinted through the 7th floor of the hospital. He didn't have time to wait for the elevator, so he ran down the stairs in record time. Seconds later, he was in the lobby. He saw his neighbors holding colorful balloons for his daughter, but he pushed past them and sprinted out of the hospital. The father covered the several blocks to the gift store in no time at all. Thoughts of his daughter raced through his mind. He was the only customer in the store so the purchase was quick. Just a few minutes after arriving, he exited the store. He was physically tired from his hurrying and emotionally drained. He tucked the teddy bear under his arm and took a deep breath. He knew they could be strong as they fought this aggressive disease as a family. Together, they would make it through this.","['Which aggressive disease was the daughter fighting?', 'Where was the gift store located?', ""What was the first thing the father did when he left his daughter's room?""]",Her breast cancer.,At the 8th floor of the hospital.,He ran to the gift store and bought a new teddy bear.
study_1,C,11,p11C.txt,"The music instructor looked outside. The snow that was falling beyond her window was dense and wet. Running her fingers lovingly over the shabby piano, she sighed. She prepared for the day. She was already cold when she struggled into her coat. The music instructor traveled several miles each day so she could give students lessons in their homes. She put her cell phone in her pocket and set out into the cold. Jumping into her car, she drove as quickly as the weather allowed to her first student, Anya. As the music instructor pulled into the driveway, the phone rang. Anya was calling to cancel, explaining that she hadn't practiced the past week. The music instructor backed out of the driveway. A few minutes and a few miles later, she arrived at Amy's house. When Amy opened the door, she was still wearing her pajamas. She was sick and had forgotten to call to cancel her lesson. Frustrated, the music instructor jumped back in her car. She had barely left Amy's street when her phone rang. It was Jose, calling to reschedule his lesson. The day had been a complete failure. She turned the car around and started heading home, just a few minutes after she had started her trip. She looked forward to spending the afternoon back inside the warmth of her home, her fingers dancing over the shabby instrument she loved. She couldn't wait to ease into a familiar aria, letting her eyes drift closed so she could completely enjoy the music as she played. She hoped that someday one of her students would find the release and comfort that she did when she sat down on the bench.","['Which shabby instrument did the instructor love playing?', 'Where did the music instructor give her lessons?', 'How many students did the music instructor see today?']",The piano.,She had several classrooms and many students to teach.,Two.
study_1,C,12,p12C.txt,"Jason and Jenna smiled at each other. It was a wonderful date so far. They climbed out of the vintage sailboat. They were both hungry and eager for their lunch reservation after spending time on the water. Their reservation was in ten minutes and the restaurant was several miles away. Jason and Jenna jumped in his convertible and raced through the town. The wind whipped Jenna's hair around her face as Jason disregarded all posted speed limits. Along the way, they stopped by the drug store. They both needed aloe for their sunburn. There was no time to put it on now, though. Just then, Jenna remembered that the restaurant did not have a liquor license. They ran across the street and popped into a wine store. There was a large display in front and they grabbed a bottle and paid for it in no time at all. A few minutes later, the convertible screeched into the parking lot of the restaurant. Jason and Jenna grabbed their wine and rushed inside. As they were shown to their table, Jason asked Jenna which part of their date she liked the best so far. Jenna quickly said that she really enjoyed her time in the vintage vessel. Then, Jason and Jenna picked up the menu and they prepared to order.","['In which type of vintage vessel did Jason and Jenna start their date?', 'Where was the restaurant located?', 'How long did they wait at the restaurant before they were seated?']",A vintage sailboat.,They were in the parking lot of a wine store.,All of the restaurant was packed and there was a long line.
study_1,C,13,p13C.txt,"Delilah and Joseph were in the process of moving from Chicago to London. The biggest remaining task was to pack their apartment. The many smaller items had already been packed. All that remained were a couple of the bigger items. They grabbed the wooden table in the dining room and began to dissemble it together. Joseph searched the remaining empty boxes for one that was big enough. Glancing at the clock, Delilah realized that their friends would be coming over to help them in twenty minutes. She looked over at the boxes that Joseph was sorting through. Panicking, she realized that none were big. Joseph grabbed the car keys and headed to the parking lot. He was going to buy a large box at the shipping store across town. He jumped in their car and raced across town. After two miles, he passed a post office. That reminded him of another task on their list. He ran inside and grabbed a change-of-address form to fill out later. A few miles later, he drove by the bank. He remembered that he needed to get money to pay the movers. He drove through the ATM and withdrew the maximum amount. Minutes later, he pulled back onto the road and sped to the shipping store. Joseph screeched to a halt in the parking lot. He grabbed their largest packing box, threw his cash at the clerk, and jumped back into the car. Joseph was about to head back to help Delilah pack the pieces of the wooden furniture when his phone rang. It was Delilah calling to let him know that the ""reinforcements"" had arrived.","['What piece of wooden furniture were Joseph and Delilah trying to pack?', 'Where did Joseph first look for a suitable box?', ""How long was Joseph's search for a box that would suit their purposes?""]",The wooden table.,He went to WalMart.,It was a few minutes.
study_1,C,14,p14C.txt,"Jenna sat on the blue couch with a sigh. She was here for the weekend doing a job for Mr. and Mrs. Narayan. Jenna hoped to earn enough for her senior ski trip. All she needed to do was to care for their pets while they were away for the weekend. Jenna's first task was to pick up the Narayan's friendly dog from his vet appointment. She walked outside as small raindrops started to fall. Jenna didn't want to get too wet. She closed her umbrella and hopped into her Toyota. She would drive to the veterinary clinic, which was all the way across town. She headed off. Five minutes and one mile later, Jenna sped past the bakery. She wished she could stop. Usually, when running errands, she would take a few moments to treat herself. Another five minutes and another mile later, she flew past a pet store that was having a huge sale. Unfortunately, Jenna didn't have time to look inside and purchase treats for the Narayan's animals. Instead, she continued her trip to the vet. Jenna covered the last few miles in ten short minutes. She screeched into the parking lot of the veterinary clinic and ran inside. She was happy to find there was no line. Jenna hurriedly signed the necessary papers while the receptionist walked into the back of the clinic. Jenna smiled as she saw the friendly animal come galloping into the room. Jenna took the leash from the receptionist and walked outside.","['Which friendly animal did Jenna pick up from the vet?', 'How did Jenna get to the veterinary clinic?', 'How long did the errand take Jenna?']",A chihuahua named Frankie.,She drove.,About twenty minutes.
study_1,C,15,p15C.txt,"Jessie was excited to hear the results after her husband's participation in yesterday's competition. She knew that her husband grew the sweetest apples anywhere. The judges had already sampled them at the state fair yesterday and would meet with everyone today to share the results. Jessie entered the competition area. She needed to locate her husband at the judge's table before the judges arrived. Jessie took out her cell phone and called her husband. She hoped he could give her clear directions to his location. After a brief and tense conversation, she realized that she was on the wrong side of the vast fair! Jessie sprinted back to the parking lot. Five minutes later, she was speeding through the outskirts of the fair. She passed a lemonade stand and paused for two minutes to buy a cool drink. She gulped it down as she drove off. Jessie arrived at the correct side of the fairgrounds ten minutes later. She frantically pushed her way through countless brown tables covered in hearty food. She paused only for a moment to use the restroom. There was no line, and she knew they'd be busy later. Breathless, she joined her husband at the judge's table just in time to see the three judges approach. Jessie was ecstatic when her husband's sweet fruit was announced as the grand prize winner. She jumped up and down in excitement as the oldest judge handed her husband a blue ribbon!","[""What type of sweet fruit did Jessie's husband enter into the competition?"", ""Did Jessie arrive at the judge's tent in a timely manner?"", ""How far away was Jessie at the start of the story from the judge's tent?""]","The judges had selected apples for their bright colors and the sweet fruit they taste, but she was also excited when her husband's sweet fruit was announced as the grand prize winner.","Yes, she arrived at the tent just in time to see her husband's prize.",Jessie was excited to hear the results after her husband's participation in yesterday's competition.
study_1,C,16,p16C.txt,"Keisha looked around the bus stop with a sigh. She couldn't believe her car had broken down again. She sat on a wooden bench and pulled out her glossy paperback. The bench cut into the backs of her legs since she wasn't tall enough for her feet to touch the ground. She settled in to wait for the 8:57 bus. Keisha was anxious for a bus to arrive. Four minutes later, it rounded the corner. Keisha grabbed her things and boarded the bus. She took a seat near the front. She gazed out the window as the bus started to speed the several miles to her work. After two minutes, the bus passed her favorite bakery. They sold delicious pastries there. A few minutes later, the bus sped past the bus stop in front of the grocery store. It didn't stop because there were no people waiting at that bus stop. Instead, it continued along its speedy journey. One mile later, the bus gave a violent jolt. Fearing they'd have mechanical difficulties, Keisha was relieved when the bus shuddered back to normal. She was now only five miles from her building. The bus continued to make great time. Five minutes later, it arrived at the stop in front of her work. At that moment, she realized that she had left her glossy book on the bench at the bus stop. She crossed her fingers that her car would be fixed by that afternoon, and she would be able to drive to work.","['What glossy book did Keisha leave on the bench?', 'What issues did Keisha have getting to work?', 'Despite her lack of car, did Keisha arrive at work in a timely manner?']",The book she had been reading before she left work.,"A bus had broken down, which I could tell because the driver kept the bus idling.",No.
study_1,C,17,p17C.txt,"It was late at night when Ryan, a rookie cop, responded to the call. He was eager to start the process that could eventually lead to an arrest. Ryan scanned the scene. His eyes immediately landed on the gleaming gun lying ominously in the doorway. He reached for his kit for processing crime scenes. Just then, he remembered that he had left his kit for processing crime scenes at home. His scatterbrained ways would get him in trouble some day. Ryan's superiors hadn't arrived yet, so he sprinted to his car in less than a minute. He climbed in and turned on the flashing lights so that he could speed through the neighborhood. After five minutes, he sped past a gas station. He was low on gas, so he stopped just long enough to pump a few gallons. A mile later he flew past a 24-hour grocery store. Although he really didn't have time, he stopped to quickly buy a pack of cigarettes. He covered the two remaining miles to his house in just a few minutes. When he arrived, he raced inside, grabbed his kit, and ran back to his car. Mentally, Ryan prepared himself for the next steps he would take in processing the scene. He would start with analyzing the gleaming weapon found at the house. He would have to use the equipment to dust for fingerprints. Ryan knew that if he worked methodically, his thorough approach would produce results that would help to apprehend the guilty.","['What gleaming weapon was Ryan going to dust for fingerprints?', 'Where did Ryan end up finding his kit for processing crime scenes?', 'How long did Ryan search for his kit?']",Gun.,At home.,He knew that he would have to start with his desk and work his way down.
study_1,C,18,p18C.txt,"Sarah could hardly believe that her little sister was turning thirteen tomorrow. As usual, she had waited until the last minute to purchase her present. What would a new teenager want? Sarah recalled what was at the top of her wish list at that age: clothes. She was going to find her sister the perfect outfit. Well, maybe not an entire outfit, but Sarah would find her a pair of trendy pants. Sarah had only thirty minutes before she had to be back home for the birthday dinner. She ran to her car. She flew out of the driveway and sped into town. Five minutes later, Sarah arrived at the mall. She knew there was a chic boutique there. She pushed her way inside. Five minutes later, she hadn't seen anything her sister would like. She jumped back in her car and sped off. On the left, Sarah passed the hair salon. Remembering that she was out of shampoo, she ducked in and bought a bottle. She then continued on her journey. She flew into the parking lot of the outlet store and ran inside. She found what she was looking for immediately. It was the perfect piece of trendy clothing. Sarah knew her sister would love it. She pushed aside hangers in order to look for her sister's size. She found the correct one and walked to the register. She smiled, anticipating the pleased look on her sister's face.","['What piece of trendy clothing did Sarah buy for her sister?', 'How much time did Sarah have to shop before she needed to be back at home?', ""Where was the first place that Sarah tried to find her sister's birthday present?""]",A pair of pants.,Sarah had fifteen minutes before she needed to be back at home.,The hair salon.
study_1,C,19,p19C.txt,"The woman huddled on the floor. She watched the three men shatter the glass jewelry case with the butts of their guns. The men scooped the glitzy diamonds into black velvet bags. The woman was close to the door that the robbers had carelessly left open. Although scared, she decided to escape and to try to find help. The woman grabbed her purse and quickly slid across the floor. She launched herself through the doorway. She jumped to her feet and sprinted a mile down the street. Ten minutes later, she came to a bank. She tried to find help, but it was closed. She continued running down the road. Not finding anyone, she cut across a construction site. She jumped over stacks of lumber and pallets of shingles. A few minutes later, and out of breath, she came to a payphone. It was out of order. She had to find a way to get help! She couldn't help but think of all those other customers in the jewelry store. They were helpless unless she could contact the authorities. At that moment, she remembered the cell phone in her pocket. Feeling stupid, she retrieved it and hurriedly dialed 911. Seconds later, she urgently told the operator that a robbery was taking place. She also mentioned that thieves were grabbing the glitzy gems. The woman closed her cell phone, exhausted. She breathed a sigh of relief, thankful that she'd been able to escape and call for help.","['What kind of glitzy gems did the robbers scoop into the velvet bags?', 'How far did the woman end up traveling before she remembered the cell', 'Were the robbers still in the jewelry store when the police arrived?']","There are actually several types of diamonds, but the most common is yellow topaz.",She was on a highway.,"No, they were already gone."
study_1,C,20,p20C.txt,"The warrior sprung from his afternoon nap, ready for the battle that was a half hour away. He threw on his wool shirt, bothered not at all by its tattered condition or egregious smell. Many thoughts raced through his mind. He had fought many battles in his life, and had come close to dying several times. Today's battle was just a game, however; a competition to determine the best man in the land. He had fought many men over the years, many stronger than him. He had vanquished them all because combat is not about deploying one's strengths. Rather, it is about exploiting your opponent's weaknesses. These thoughts flowed through his mind. The warrior was hungry for a quick meal. He raced through the village in search of his favorite inn. The warrior sat down to a bit of ale and an old drumstick. This was his traditional meal before battle. He had actually come to hate drumsticks, but was far too superstitious to change his menu at this point in his life. He rapidly devoured the few morsels for the energy they provided. He finished the meal in a matter of minutes. He then continued his journey. A few minutes later, he stopped beside a peaceful brook. The warrior sank his hands into the water. He then wiped his soiled fingers on his wool clothing. Finally, he changed into his armor and prepared himself for battle.","['Which wool clothing item did the warrior wipe his soiled fingers on?', 'Where did the warrior eat his lunch?', 'How long did the warrior have to himself before the battle began?']",The black leather cloak.,In the brook.,The warrior was sitting on the bank of a river just outside of the village.
study_1,D,01,p01D.txt,"Sophia straightened her suit, took a deep breath, and entered the hotel's bar, just off the lobby. She took a seat at an empty high-top table. She ordered an amber beer, hoping to calm her nerves. The waitress set Sophia's drink on the table and moved on. Before Sophia could even take a sip, her cell phone rang. It was the client calling to confirm their meeting in the lobby of the Madison Hotel. The Madison Hotel? Sophia was sitting in the wrong hotel. The Madison was several miles away! She maintained her composure and assured the client that their meeting together would begin in two hours. Sophia hung up her phone and reviewed her papers for the next hour before she left the hotel. By this time, it was raining heavily outside. Sophia stopped at the drugstore down the block to buy an umbrella. The store was crowded and it took half an hour to complete the purchase. Stepping back onto the street, she decided to walk instead of taking a cab. This would give her time to find her focus. An hour later, Sophia finally arrived at the Madison Hotel. Despite her umbrella, she was soaking wet so she headed to the restroom to freshen up. A half hour later, Sophia walked through the lobby where she saw the client impatiently waiting. He rose from his chair and instantly launched into a list of his complaints. Sophia pasted a smile on her face and found herself wishing for the amber beverage she left back in the bar. She mentally prepared herself for what was sure to be a difficult meeting.","['What amber beverage did Sophia leave back at the bar?', 'What did Sophia do before she left the bar?', 'Where was Sophia supposed to meet the client?']",The amber drinks of my youth.,She took a walk.,The lobby of the Madison Hotel.
study_1,D,02,p02D.txt,"Everyone squeezed into the family room, anxious to begin the treasure hunt, an annual family tradition. Joshua loved the party atmosphere and could hardly wait for the day's activities. Children pushed and giggled and the adults gossiped until the booming voice of the jolly uncle could be heard over the excited crowd. ""Everyone knows how this works,"" he shouted. ""I've hidden the family trophy. We end today's search at the park next door. Remember, the first one to find it receives the cash prize and bragging rights for a year. Same rules as always! Ready, set... Go!"" Joshua's heart fluttered in excitement. The trophy was hidden somewhere in the neighborhood. Joshua wanted to be sure he wouldn't be followed. After a half hour of waiting, he was finally able to leave the house. He crept down several streets. Joshua peeked around a corner, and made his way past several houses. Twenty minutes later, he ducked around a corner when he spotted some cousins in the distance. He hid from them by crouching behind a rock. Thirty minutes later, he ran past several houses, arriving at the yard with the hollow tree. Climbing the fence, he tore his pants in his haste. Joshua walked to the other side, finally reaching the tree. Wrong one. He checked the other trees in the yard, finally coming to the last one several minutes later. Joshua peered inside and discovered the hidden treasure. He took some time to celebrate his victory. Then, Joshua grabbed the trophy and strolled to the park three blocks down. The jolly relative rang a large bell to signal the end of the treasure hunt. Once everyone had gathered in the park, he picked up the excited boy and, holding him high, pronounced Joshua the winner. The family surrounded the boy with their congratulations; the younger ones helping Joshua celebrate his new windfall. Still laughing and talking, the family sat at the picnic table for the celebratory meal.","['Which jolly relative rang the bell to signal the end of the treasure hunt?', 'Where did Joshua look for the treasure first?', 'Where did this treasure hunt take place?']",Joshua,In the yard.,"The ""treasure hunt"" took place at the park next door to Joshua's house, near the house where his father, Joshua Jackson, always went to play in the yard."
study_1,D,03,p03D.txt,"Wiping his brow with the kitchen towel, the chef paused for a moment in his preparations to survey the mess he had created. This meal had to be perfect, flawless from the appetizers to the dessert. Not wanting to waste time, he picked up the gleaming knife and continued to cut the vegetables for the salad. The timer sounded, signaling that it was time to apply the herb rub to the roast. Where did he put those spices? How could he have forgotten something like that on such an important day? He must have left them in his catering van. The chef sat down in the kitchen and rested his head on the counter in discouragement. A half hour later, he roused himself and plodded through the rented hall until he reached the exit. Slowly opening the double doors, he started to walk up San Francisco's steepest hill. He strolled past a florist and a pastry shop, but he still had a mile to go before he reached his van, which was parked at the very top. After thirty minutes of walking, the chef was becoming very tired. He looked downhill, along the tracks, but there was no trolley approaching He continued on his journey. His pace slowed. It was an hour before he finally reached his van. He grabbed the forgotten box of spices and breathed a sigh of relief. The chef could envision how everything would go. He would first combine the spices in a bowl. Then, he would slide the seasoned roast back into the oven. Finally, he would use his gleaming utensil to complete the preparations. If tonight was successful, he could look forward to an exciting career in the catering business.","['Which gleaming utensil would the chef use to complete his preparations?', 'Given how long it took to retrieve his spices, should the chef have been so frustrated?', 'Where was the chef when he realized that he had forgotten his spice kit?']",The knife.,"No, it would be very irresponsible to force this particular task on his young cook.","In his kitchen, ready to be used!"
study_1,D,05,p05D.txt,"The two girls had never been to the zoo. This trip with their father, Jared, would be the first. The girls endlessly reminded their father that they had to see the fierce lion while they were there. Jared reminded his girls of the other animals that they could see but the girls would not be distracted from their goal. They lumbered around their house as they tried to get ready to go. The girls complained long and hard about brushing their teeth. Twenty minutes later, they finally consented to this chore. After combing their hair, the family was finally ready to leave the house. They were already an hour behind schedule! They piled into the family's minivan. Traffic was heavy, and it took another hour to cover the ten miles to the zoo. When they arrived, Jared searched the parking lot. The only parking spot was far from the zoo's entrance. He grabbed his girls by their hands and they slowly made their way to the exhibit. Jumping up and down in excitement, the girls could finally see the fierce animal in the distance. After the girls had their fill of looking at that exhibit, they smiled with satisfaction. The zoo had been a success.","[""Which fierce animal did Jared's girls want to see?"", ""How long did it take for Jared and his girls to travel from the zoo's entrance to the exhibit?"", ""Where was the exhibit located in relation to the zoo's entrance?""]",The lion.,Jared and his girls arrived at the zoo at 10:00 AM.,The exhibit was located a few meters from the entrance.
study_1,D,06,p06D.txt,"The aviation mechanic buried his head in his work rag. He attempted to soak up some of the sweat streaming down his face. He had forgotten a few of his tools, including the one he needed for this repair. He kicked the plastic chair. He longed for the days when he was part of a line maintenance crew, making the simple checks and adjustments necessary before take-offs. He was up against a deadline, and he froze with fear. It took him a half hour to calm down. He exited the hangar. He trudged off toward his car in the remote parking lot, where he kept his toolbox. A half hour later, he strolled past the control tower. He paused to dissect last night's game with his friend. They talked for an hour before Sam had to get back to work. The mechanic walked past the main office to pick up his paycheck. This took a half hour because of all of the paperwork. He then made his way past the terminal, getting caught up in the mob of travelers. He continued to his car on the far side of the parking lot. The mechanic opened the trunk and rummaged through his toolbox. It took forever to locate the forgotten tool. Tired and hot, he thought about his problem controlling his temper. He felt foolish for kicking the plastic furniture earlier, when he was frustrated. Experience had told him that simple mistakes were nothing to get upset about. Problems usually resolved themselves in the end.","['What piece of plastic furniture did the mechanic kick out of frustration?', 'Where did the mechanic find his toolbox?', 'What was the first thing the mechanic did in order to find his toolbox?']",Plastic.,"He found it in the back of the shop's van, which housed all the work tools.",He opened the trunk.
study_1,D,07,p07D.txt,"Jason looked around his high school gymnasium. It was overwhelmed by the large number of booths, each representing a different career. He wanted to pursue a career in the field of education as a motivating teacher, so locating that information table was his top priority. Jason was grateful for the opportunity to learn more about a variety of jobs. His class requirement was to distribute a minimum of three resumes and participate in interviews today. Jason opened his bag to remove his resumes. He was irritated to realize that he had forgotten them at home. Unfortunately, his home was several miles away. Before leaving, however, Jason spent an hour just wandering around the gymnasium looking at the displays. Frustrated he didn't have his resumes to hand out, he exited the gym and began the long walk home. After a mile, he came to a park. He was hot, and purchased an ice cream cone. He sat on the bench and ate it slowly. Feeling tired, he stretched out and took a nap on the bench. When he awoke, he continued his trip. It took another half hour to walk past the high school with its many athletic fields. He was tired when he finally arrived at his house. He picked through the stack of newspapers on the coffee table. Thirty minutes later, he found his stack of resumes under the papers. Jason was relieved he had the necessary paperwork to start looking into the motivating career he was interested in. He stuffed the stack of resumes in his bag.","['What motivating career did Jason see himself doing in the future?', 'How long did it take for Jason to locate his resumes?', 'Where was the first place that Jason looked for his resumes?']",I am committed to helping children lead successful lives.,Jason started with the first resume he found.,He was searching for his high school's employment website.
study_1,D,08,p08D.txt,"A soft breeze swirled Tamika's skirt around her ankles. The only sound in the cemetery was the whispering leaves. Tamika wiped a tear from her cheek as she stood by her mother's grave. Her mother's favorite flowers were yellow roses. Tamika placed a bouquet of them on the grave. She paused at a bench outside the cemetery. She wasn't in a hurry to leave her hometown. She was meeting her friend for lunch in a neighboring town, but that wasn't for several hours. As usual, Tamika was overwhelmed by emotions and memories. She closed her eyes and began to meditate. When she was completely calm, she exhaled deeply and checked her watch. Two hours had gone by! She crossed the street, got in her car, and set off. At the outskirts of town, she stopped for a cup of coffee. Tamika savored her warm beverage over the next hour. When it was finished, she returned to her car and covered the remaining miles to the next town. The cafe was very busy and Tamika had to wait for a half hour before she was finally seated. Finally, she plopped down in a seat and sighed. Even though it had been a difficult visit, Tamika was happy that she had put the yellow flowers on her mother's grave. She was sure that her mother would enjoy looking down on those beautiful blooms dancing in the breeze.","[""What kind of yellow flowers did Tamika put on her mother's grave?"", 'How far away was the restaurant where Tamika met her friend for lunch?', 'How long did Tamika have to wait before she was seated at the restaurant?']",Yellow roses.,The restaurant was about 10 miles away.,It wasn't long.
study_1,D,09,p09D.txt,"Sirens sounded in the distance. The criminal knew the authorities were closing in. He used a rusty hammer to pry open the old basement window. He started to climb out of the window but saw lights, so he retreated back inside. He sprinted through the house. The criminal burst through the front door. He knew he was safe from the authorities because the entrance was completely hidden by tall hedges. He paused for a moment, wondering what he could do to evade the law. Logic dictated that he stick to the shadows and proceed at a slow and deliberate pace, to avoid being discovered. The criminal used his common sense and started crawling. It was the only option. After several agonizing hours, he came to a wooded area one mile away. The criminal slowly made his way through the trees. He crawled and crept for another hour. Finally, he came to a park another mile away. Suddenly, he heard sirens. He ducked inside a tube slide to hide. He prayed that his hiding spot wouldn't be discovered. It was too dangerous to travel now, so he settled in for a nap. Waking several hours later, the criminal left his hiding place behind. He crept through the neighborhood until he found a seemingly abandoned house. The sun was beginning to rise as he paused to catch his breath and listen. The criminal decided it was safe to break into the house. He struggled to open a side window. The criminal wished he still had the rusty tool to help him in his efforts. After he got inside, he tiptoed around. When he got to the kitchen his heart sank when he saw two officers waiting to apprehend him.","['What rusty tool did the criminal wish he still had?', ""Where was the criminal's new hiding place?"", 'Did the police apprehend the criminal in a timely manner?']",A tool to pry open a side window.,At the bottom of the kitchen sink.,No.
study_1,D,10,p10D.txt,"Following the doctor's visit, the tension in the hospital room was palpable. All the parents could hear was the echo of the doctor's diagnosis: their daughter was battling an aggressive cancer. There was so much sadness here. Of course, it could have been worse. The parents were eager to do something to cheer up their daughter. They decided to find something that would make her smile when she woke up. The father remembered the gift store that he and his wife had seen. The father decided to buy their daughter a new teddy bear. His wife asked him to go to the gift store that was several blocks away. She could see that he was emotionally drained, and thought he could use a couple of hours to regain his strength. The father plodded through the 7th floor of the hospital in a state of shock. He waited a long time for the elevator. When he finally got to the lobby, he saw his neighbors holding colorful balloons for his daughter. The father broke the devastating news to the group. It took an hour to answer all of their questions. When he finished, he exited the hospital. He slowly walked the several blocks to the gift store. When he finally arrived, he found the place packed with customers. His purchase took a half hour. As he exited the store, he tucked the teddy bear under his arm and took a deep breath. He knew they could be strong as they fought this aggressive disease as a family. Together, they would make it through this.","['Which aggressive disease was the daughter fighting?', 'Where was the gift store located?', ""What was the first thing the father did when he left his daughter's room?""]",Her daughter was battling an aggressive cancer.,The gift store is located in a different shopping district.,"He picked up his daughter's favorite toy, a stuffed animal."
study_1,D,11,p11D.txt,"The music instructor looked outside. The snow that was falling beyond her window was dense and wet. Running her fingers lovingly over the shabby piano, she sighed. She prepared for the day. She was already cold when she struggled into her coat. The music instructor traveled miles every day so she could give students lessons in their homes. Today she dreaded leaving her home. She put her cell phone in her pocket and walked outside. She grabbed the shovel by the door and cleared the driveway. She then started on her ten-mile trip through the elements. She drove carefully to the house of her first student, Anya. It took longer than usual, but at least she arrived safely. Anya's lesson was an hour long, but she was a poor student, and the time passed very slowly. When she finished, she backed out of the driveway and drove three more miles to her next lesson at Amy's house. Amy was a much better student. She made a lot of progress over the next hour with the music instructor's help. The instructor drove two more miles until she reached her final lesson at Jose's house. The hour-long lesson was very frustrating. She returned to her car and started the engine. She was exhausted from the long day. She looked forward to spending the evening in the warmth of her home, her fingers dancing over the shabby instrument she loved. She couldn't wait to ease into a familiar aria, letting her eyes drift closed so she could completely enjoy the music as she played. She hoped that someday one of her students would find the release and comfort that she did when she sat down on the bench.","['Which shabby instrument did the instructor love playing?', 'Where did the music instructor give her lessons?', 'How many students did the music instructor see today?']","The piano, the piano was the shabby instrument that the music instructor loved playing.","The music instructor worked in a private school, but she enjoyed giving lessons to students in their homes since she had no other students to work with.",She looked out the window.
study_1,D,12,p12D.txt,"Jason and Jenna smiled at each other. It was a wonderful date so far. They climbed out of the vintage sailboat. They were both hungry and eager for their lunch reservation after spending time on the water. The restaurant was several miles away at the other end of town. Their reservation was in a few hours, so Jason and Jenna took their time strolling through the picturesque streets. They both had gotten sunburned out on the water, so they stopped in the drug store to purchase some aloe. The store was crowded, and it took thirty minutes to find what they were looking for and complete the purchase. As they continued walking, they spotted a wine store. They walked into it and spent the next hour tasting different wines before settling on a bottle to purchase and bring to lunch. They held hands and slowly walked the last mile to the restaurant, arriving thirty minutes late for their reservation. As they were shown to their table, Jason asked Jenna which part of their date she liked the best so far. Jenna quickly said that she really enjoyed her time in the vintage vessel. Then, Jason and Jenna picked up the menu and they prepared to order.","['In which type of vintage vessel did Jason and Jenna start their date?', 'Where was the restaurant located?', 'How long did they wait at the restaurant before they were seated?']",The sailing yacht.,It was located in the middle of a picturesque street.,About thirty minutes.
study_1,D,13,p13D.txt,"Delilah and Joseph were in the process of moving from Chicago to London. The biggest remaining task was to pack their apartment. The many smaller items had already been packed. All that remained were a couple of the bigger items. They grabbed the wooden table in the dining room and began to dissemble it together. Joseph searched the remaining empty boxes for one that was big enough. Glancing at the clock, Delilah realized that their friends would be coming over to help them in three hours. They had plenty of time. It took half an hour for Joseph to sort through the remaining boxes. None were big enough. Joseph grabbed his keys and headed to the parking lot. After two miles of heavy traffic, he passed a post office. He parked and stood in the long line to get a change-of-address form. He filled it out, dropped it in the slot, and continued on his way. A few more miles in the heavy traffic brought him to the bank. He remembered that he needed to get money to pay the movers. He parked in the crowded lot and waited in the long line. A half hour later, the teller finally gave him his money. Back on the road, he found the traffic even heavier than before. It took an hour to travel the final two miles to the shipping store. It was very crowded, and it took forever to locate a sufficiently large packing box. There was only one cashier and it took forever to pay for the box. Joseph was about to head back to help Delilah pack the pieces of the wooden furniture when his phone rang. It was Delilah calling to let him know that the ""reinforcements"" had arrived.","['What piece of wooden furniture were Joseph and Delilah trying to pack?', 'Where did Joseph first look for a suitable box?', ""How long was Joseph's search for a box that would suit their purposes?""]",The wooden table.,"Delilah, he could have used a box in his room, but he preferred to use cardboard.",Joseph initially searched a total of ten boxes.
study_1,D,14,p14D.txt,"Jenna sat on the blue couch with a sigh. She was here for the weekend doing a job for Mr. and Mrs. Narayan. Jenna hoped to earn enough for her senior ski trip. All she needed to do was to care for their pets while they were away for the weekend. Jenna's first task was to pick up the Narayan's friendly dog from his vet appointment. She walked outside as small raindrops started to fall. Jenna didn't mind getting wet so she left her Toyota behind and opened her umbrella. She would walk to the veterinary clinic, which was all the way across town. An hour later, she walked past the bakery. Whenever Jenna ran errands, she would take a few moments to treat herself. She sat down and lingered over a cup of coffee and a pastry for the next hour. Jenna then continued her journey. She walked another mile, coming to a pet store. Inside, she looked around for an hour before purchasing treats for the Narayan's animals. After another mile of walking, Jenna finally came to the veterinary clinic. There was a long line, so she sank down into one of the chairs. She had to wait another thirty minutes until her name was called. Jenna hurriedly signed the necessary papers while the receptionist walked into the back of the clinic. Jenna smiled as she saw the friendly animal come galloping into the room. Jenna took the leash from the receptionist and walked outside.","['Which friendly animal did Jenna pick up from the vet?', 'How did Jenna get to the veterinary clinic?', 'How long did the errand take Jenna?']",A friendly golden retriever.,She was carrying a purse.,It took about an hour and fifteen minutes.
study_1,D,15,p15D.txt,"Jessie was excited to hear the results after her husband's participation in yesterday's competition. She knew that her husband grew the sweetest apples anywhere. The judges had already sampled them at the state fair yesterday and would meet with everyone today to share the results. Jessie entered the competition area. She needed to locate her husband at the judge's table before the judges arrived. Jessie took out her cell phone and called her husband. She hoped he could give her clear directions to his location. After a brief and tense conversation, she realized that she was on the wrong side of the vast fair! Jessie hung up her phone and decided to enjoy this side of the fair before she met her husband. First, she waited in line for a half hour to get lemonade. For the next hour, she wandered among the booths. When she had seen everything She wanted to see, Jessie strolled back to her car. She drove the two miles to the other side of fair, where her husband was. The traffic was a mess. Forty-five minutes later, Jessie finally arrived at her destination. She perused the countless brown tables covered in hearty food. She stopped to use the restroom and had to wait in the longest line she had ever seen. A half hour later, she finally joined her husband at the judge's table just in time to see the three judges approach. Jessie was ecstatic when her husband's sweet fruit was announced as the grand prize winner. She jumped up and down in excitement as the oldest judge handed her husband a blue ribbon!","[""What type of sweet fruit did Jessie's husband enter into the competition?"", ""Did Jessie arrive at the judge's tent in a timely manner?"", ""How far away was Jessie at the start of the story from the judge's tent?""]",Apple,She arrived to her husband's table in a timely manner.,Jessie was at the judge's tent for only a few minutes before she saw her husband's apple as the grand prize winner!
study_1,D,16,p16D.txt,"Keisha looked around the bus stop with a sigh. She couldn't believe her car had broken down again. She sat on a wooden bench and pulled out her glossy paperback. The bench cut into the backs of her legs since she wasn't tall enough for her feet to touch the ground. She settled in to wait for the 8:57 bus. She waited and waited but the bus never came. After a half hour, she realized that she had missed it. She had no other choice but to wait patiently for the 10:25 bus. It arrived almost an hour later. Tired and late for work, she took a seat near the front. The traffic was heavy, and the bus started to crawl the few miles to her work. After one mile, it stopped in front of the bakery. Several people slowly boarded. The bus continued along its slow journey. After another mile, it stopped in front of the grocery store. A large number of passengers boarded there. One mile later, the bus gave a jolt and rolled to a stop. It took an hour for a mechanic to arrive. It took another hour for him to fix the problem. Eventually, the bus shuddered back to life. The traffic was still heavy. A half hour later, the bus finally stopped in front of her work. At that moment, she realized that she had left her glossy book on the bench at the bus stop. She crossed her fingers that her car would be fixed by that afternoon, and she would be able to drive to work.","['What glossy book did Keisha leave on the bench?', 'What issues did Keisha have getting to work?', 'Despite her lack of car, did Keisha arrive at work in a timely manner?']","A book on how to change a tire, that was sitting on a wooden bench.",She had to walk to the bus stop.,"Keisha arrived at work in a timely manner, but the bus was late."
study_1,D,17,p17D.txt,"It was late at night when Ryan, a rookie cop, responded to the call. He was eager to start the process that could eventually lead to an arrest. Ryan scanned the scene. His eyes immediately landed on the gleaming gun lying ominously in the doorway. He reached for his kit for processing crime scenes. Just then, he remembered that he had left his kit for processing crime scenes at home. Ryan's superiors hadn't arrived yet, so he took his time walking to his car. Ryan climbed in and started to drive the several miles back to his house. The football game had just ended, and the traffic was heavy. A half hour later, Ryan passed a gas station. His tank was almost empty, so he pulled in and filled it up. The credit card machine was broken so he had to wait in line to pay inside. Afterwards, Ryan realized that he was hungry. He spent the next thirty minutes searching for a deli that was still open. When he found one, he bought a sandwich and a soft drink. He took them to the park across the street and enjoyed the snack. When he finally arrived at his house, it took him an hour to find his kit. Mentally, Ryan prepared himself for the next steps he would take in processing the scene. He would start with analyzing the gleaming weapon found at the house. He would have to use the equipment to dust for fingerprints. Ryan knew that if he worked methodically, his thorough approach would produce results that would help to apprehend the guilty.","['What gleaming weapon was Ryan going to dust for fingerprints?', 'Where did Ryan end up finding his kit for processing crime scenes?', 'How long did Ryan search for his kit?']",The Colt Python.,"Ryan was a rookie cop, so he had not yet acquired his kit for processing crime scenes.",Ryan's first step was to locate his kit.
study_1,D,18,p18D.txt,"Sarah could hardly believe that her little sister was turning thirteen tomorrow. As usual, she had waited until the last minute to purchase her present. What would a new teenager want? Sarah recalled what was at the top of her wish list at that age: clothes. She was going to find her sister the perfect outfit. Well, maybe not an entire outfit, but Sarah would find her a pair of trendy pants. Sarah had several hours before she needed to be back home for the birthday dinner. She strolled out to her car. She carefully backed out of the driveway and drove into town. An hour later, Sarah arrived at the mall. Sarah took her time negotiating through the crowds. She browsed for herself before focusing on her sister. Two hours later, Sarah had not found anything she or her sister would like. She returned to her car and drove several more miles through thick traffic. As she passed the hair salon, she decided that she had time to update her highlights. Two hours later, she felt like a new woman. She hopped back into her car and drove on. She arrived at the outlet store and made her way inside. She spent an hour searching through the racks of merchandise. That's when she found it. It was the perfect piece of trendy clothing. Sarah knew her sister would love it. She pushed aside hangers in order to look for her sister's size. She found the correct one and walked to the register. She smiled, anticipating the pleased look on her sister's face.","['What piece of trendy clothing did Sarah buy for her sister?', 'How much time did Sarah have to shop before she needed to be back at home?', ""Where was the first place that Sarah tried to find her sister's birthday present?""]",The outfit Sarah was wearing.,Four hours.,The hair salon.
study_1,D,19,p19D.txt,"The woman huddled on the floor. She watched the three men shatter the glass jewelry case with the butts of their guns. The men scooped the glitzy diamonds into black velvet bags. The woman was close to the door that the robbers had carelessly left open. Although scared, she decided to escape and to try to find help. The woman grabbed her purse and slowly crawled across the floor. A half hour passed before the robbers were distracted enough for her to pass through the door frame. She crawled slowly, careful to avoid jostling the door. Once outside, she proceeded cautiously down the street, keeping to the shadows to avoid being spotted by a lookout. A half hour later, she came to a bank. She tried to find help, but it was closed. She continued carefully down the road. Not finding anyone, she cut across a construction site. She tripped over a concrete block, hit her head on a girder, and sunk into unconsciousness. When she finally woke several hours later, her head really hurt. At this point, she finally remembered the cell phone in her pocket. Feeling stupid, she retrieved it and carefully dialed 911. A little while later, she told the operators that a robbery had taken place. She also mentioned that thieves had taken glitzy gems. The woman closed her cell phone, exhausted. She breathed a sigh of relief, thankful that she'd been able to escape and call for help.","['What kind of glitzy gems did the robbers scoop into the velvet bags?', 'How far did the woman end up traveling before she remembered the cell', 'Were the robbers still in the jewelry store when the police arrived?']",The robbers took $1.,A thousand miles.,"Yes, they were."
study_1,D,20,p20D.txt,"The warrior slowly awakened with the morning sun, unprepared for the battle that was still hours away. He threw on his wool shirt, bothered not at all by its tattered condition or egregious smell. He spent the next few hours polishing his armor before finally putting it on. He had fought many battles in his life, and had come close to dying several times. Today's battle was just a game, however; a competition to determine the best man in the land. He had fought many men over the years, many stronger than him. He had vanquished them all because combat is not about deploying one's strengths. Rather, it is about exploiting your opponent's weaknesses. These thoughts occupied him for hours. After this contemplation, the warrior realized that it would be a long time until his next meal. He slowly walked through the village in search of his favorite inn. The warrior sat down to a bit of ale and an old drumstick. This was his traditional meal before battle. He had actually come to hate drumsticks, but was far too superstitious to change his menu at this point in his life. He methodically consumed the few morsels for the energy they provided. Afterwards, he resumed his long journey. He traveled for several hours before stopping beside a peaceful brook. The warrior sank his hands into the water. He then wiped his soiled fingers on his wool clothing. Finally, changed into his armor and prepared himself for battle.","['Which wool clothing item did the warrior wipe his soiled fingers on?', 'Where did the warrior eat his lunch?', 'How long did the warrior have to himself before the battle began?']",It's a secret! But you know it when you see it.,At the inn.,The warrior had no idea of the battle that was about to take place.
